id,kind,brand,name,aliases,genre,genreJa,format,focus,lensType,mount,year,weightG,weightMinG,weightMaxG,weightCondition,dataType,confidence,sourceId,packingProfile,packingDefaultG,packingMinG,packingMaxG
agfaagfaisoletteiii,camera,Agfa,Agfa Isolette III,Isolette III | アグファ,Medium-format folding camera,中判フォールディング,120,MF,fixed,Fixed lens,1950,620,620,620,with fixed lens,reference,B,compiled-specs,camera-large,460,380,560
bronicabronica100mmf35zenzanonpg,lens,Bronica,Bronica 100mm f/3.5 Zenzanon PG,Zenza Bronica | ブロニカ,Medium-format lens,中判レンズ,120,MF,lens,Bronica GS-1,,,460,610,同ジャンルの既知機種からの推定範囲,genre-estimate,D,open-model-catalog,lens-medium,315,255,385
bronicabronica105mmf35zenzanons,lens,Bronica,Bronica 105mm f/3.5 Zenzanon-S,Zenza Bronica | ブロニカ,Medium-format lens,中判レンズ,120,MF,lens,Bronica S/PS,,,460,610,同ジャンルの既知機種からの推定範囲,genre-estimate,D,open-model-catalog,lens-medium,315,255,385
bronicabronica110mmf4macrozenzanonps,lens,Bronica,Bronica 110mm f/4 Macro Zenzanon-PS,Zenza Bronica | ブロニカ,Medium-format lens,中判レンズ,120,MF,lens,Bronica S/PS,,,460,610,同ジャンルの既知機種からの推定範囲,genre-estimate,D,open-model-catalog,lens-medium,315,255,385
bronicabronica110mmf40zenzanonpg,lens,Bronica,Bronica 110mm f/4.0 Zenzanon PG,Zenza Bronica | ブロニカ,Medium-format lens,中判レンズ,120,MF,lens,Bronica GS-1,,,460,610,同ジャンルの既知機種からの推定範囲,genre-estimate,D,open-model-catalog,lens-medium,315,255,385
bronicabronica135mmf4zenzanonps,lens,Bronica,Bronica 135mm f/4 Zenzanon-PS,Zenza Bronica | ブロニカ,Medium-format lens,中判レンズ,120,MF,lens,Bronica S/PS,,,460,610,同ジャンルの既知機種からの推定範囲,genre-estimate,D,open-model-catalog,lens-medium,315,255,385
bronicabronica140280mmf56zenzanonsvariogon,lens,Bronica,Bronica 140-280mm f/5.6 Zenzanon-S Variogon,Zenza Bronica | ブロニカ,Medium-format lens,中判レンズ,120,MF,lens,Bronica S/PS,,,460,610,同ジャンルの既知機種からの推定範囲,genre-estimate,D,open-model-catalog,lens-medium,315,255,385
bronicabronica150mmf35zenzanonmce,lens,Bronica,Bronica 150mm f/3.5 Zenzanon MC E,Zenza Bronica | ブロニカ,Medium-format lens,中判レンズ,120,MF,lens,Bronica E/PE,,,460,610,同ジャンルの既知機種からの推定範囲,genre-estimate,D,open-model-catalog,lens-medium,315,255,385
bronicabronica150mmf35zenzanons,lens,Bronica,Bronica 150mm f/3.5 Zenzanon-S,Zenza Bronica | ブロニカ,Medium-format lens,中判レンズ,120,MF,lens,Bronica S/PS,,,460,610,同ジャンルの既知機種からの推定範囲,genre-estimate,D,open-model-catalog,lens-medium,315,255,385
bronicabronica150mmf40zenzanonpg,lens,Bronica,Bronica 150mm f/4.0 Zenzanon PG,Zenza Bronica | ブロニカ,Medium-format lens,中判レンズ,120,MF,lens,Bronica GS-1,,,460,610,同ジャンルの既知機種からの推定範囲,genre-estimate,D,open-model-catalog,lens-medium,315,255,385
bronicabronica150mmf40zenzanonps,lens,Bronica,Bronica 150mm f/4.0 Zenzanon PS,Zenza Bronica | ブロニカ,Medium-format lens,中判レンズ,120,MF,lens,Bronica S/PS,,,460,610,同ジャンルの既知機種からの推定範囲,genre-estimate,D,open-model-catalog,lens-medium,315,255,385
bronicabronica200mmf45zenzanonpg,lens,Bronica,Bronica 200mm f/4.5 Zenzanon PG,Zenza Bronica | ブロニカ,Medium-format lens,中判レンズ,120,MF,lens,Bronica GS-1,,,460,610,同ジャンルの既知機種からの推定範囲,genre-estimate,D,open-model-catalog,lens-medium,315,255,385
bronicabronica200mmf45zenzanonps,lens,Bronica,Bronica 200mm f/4.5 Zenzanon PS,Zenza Bronica | ブロニカ,Medium-format lens,中判レンズ,120,MF,lens,Bronica S/PS,,,460,610,同ジャンルの既知機種からの推定範囲,genre-estimate,D,open-model-catalog,lens-medium,315,255,385
bronicabronica200mmf45zenzanons,lens,Bronica,Bronica 200mm f/4.5 Zenzanon-S,Zenza Bronica | ブロニカ,Medium-format lens,中判レンズ,120,MF,lens,Bronica S/PS,,,460,610,同ジャンルの既知機種からの推定範囲,genre-estimate,D,open-model-catalog,lens-medium,315,255,385
bronicabronica250mmf56zenzanonpg,lens,Bronica,Bronica 250mm f/5.6 Zenzanon PG,Zenza Bronica | ブロニカ,Medium-format lens,中判レンズ,120,MF,lens,Bronica GS-1,,,460,610,同ジャンルの既知機種からの推定範囲,genre-estimate,D,open-model-catalog,lens-medium,315,255,385
bronicabronica40mmf4zenzanonmce,lens,Bronica,Bronica 40mm f/4 Zenzanon MC E,Zenza Bronica | ブロニカ,Medium-format lens,中判レンズ,120,MF,lens,Bronica E/PE,,,460,610,同ジャンルの既知機種からの推定範囲,genre-estimate,D,open-model-catalog,lens-medium,315,255,385
bronicabronica40mmf4zenzanons,lens,Bronica,Bronica 40mm f/4 Zenzanon S,Zenza Bronica | ブロニカ,Medium-format lens,中判レンズ,120,MF,lens,Bronica S/PS,,,460,610,同ジャンルの既知機種からの推定範囲,genre-estimate,D,open-model-catalog,lens-medium,315,255,385
bronicabronica45mmf4rf,lens,Bronica,Bronica 45mm f/4 RF,Zenza Bronica | ブロニカ,Medium-format lens,中判レンズ,120,MF,lens,,,,460,610,同ジャンルの既知機種からの推定範囲,genre-estimate,D,open-model-catalog,lens-medium,315,255,385
bronicabronica50100mmf456zenzanonpsaspherical,lens,Bronica,Bronica 50-100mm f/4-5.6 Zenzanon-PS Aspherical,Zenza Bronica | ブロニカ,Medium-format lens,中判レンズ,120,MF,lens,Bronica S/PS,,,460,610,同ジャンルの既知機種からの推定範囲,genre-estimate,D,open-model-catalog,lens-medium,315,255,385
bronicabronica500mmf8zenzanons,lens,Bronica,Bronica 500mm f/8 Zenzanon-S,Zenza Bronica | ブロニカ,Medium-format lens,中判レンズ,120,MF,lens,Bronica S/PS,,,460,610,同ジャンルの既知機種からの推定範囲,genre-estimate,D,open-model-catalog,lens-medium,315,255,385
bronicabronica50mmf28zenzanonmc,lens,Bronica,Bronica 50mm f/2.8 Zenzanon MC,Zenza Bronica | ブロニカ,Medium-format lens,中判レンズ,120,MF,lens,Bronica E/PE,,,460,610,同ジャンルの既知機種からの推定範囲,genre-estimate,D,open-model-catalog,lens-medium,315,255,385
bronicabronica50mmf35zenzanonps,lens,Bronica,Bronica 50mm f/3.5 Zenzanon PS,Zenza Bronica | ブロニカ,Medium-format lens,中判レンズ,120,MF,lens,Bronica S/PS,,,460,610,同ジャンルの既知機種からの推定範囲,genre-estimate,D,open-model-catalog,lens-medium,315,255,385
bronicabronica50mmf35zenzanons,lens,Bronica,Bronica 50mm f/3.5 Zenzanon-S,Zenza Bronica | ブロニカ,Medium-format lens,中判レンズ,120,MF,lens,Bronica S/PS,,,460,610,同ジャンルの既知機種からの推定範囲,genre-estimate,D,open-model-catalog,lens-medium,315,255,385
bronicabronica50mmf45zenzanonpg,lens,Bronica,Bronica 50mm f/4.5 Zenzanon PG,Zenza Bronica | ブロニカ,Medium-format lens,中判レンズ,120,MF,lens,Bronica GS-1,,,460,610,同ジャンルの既知機種からの推定範囲,genre-estimate,D,open-model-catalog,lens-medium,315,255,385
bronicabronica65mmf4zenzanonrf,lens,Bronica,Bronica 65mm f/4 Zenzanon-RF,Zenza Bronica | ブロニカ,Medium-format lens,中判レンズ,120,MF,lens,,,,460,610,同ジャンルの既知機種からの推定範囲,genre-estimate,D,open-model-catalog,lens-medium,315,255,385
bronicabronica65mmf40zenzanonpg,lens,Bronica,Bronica 65mm f/4.0 Zenzanon PG,Zenza Bronica | ブロニカ,Medium-format lens,中判レンズ,120,MF,lens,Bronica GS-1,,,460,610,同ジャンルの既知機種からの推定範囲,genre-estimate,D,open-model-catalog,lens-medium,315,255,385
bronicabronica65mmf40zenzanonps,lens,Bronica,Bronica 65mm f/4.0 Zenzanon PS,Zenza Bronica | ブロニカ,Medium-format lens,中判レンズ,120,MF,lens,Bronica S/PS,,,460,610,同ジャンルの既知機種からの推定範囲,genre-estimate,D,open-model-catalog,lens-medium,315,255,385
bronicabronica75mmf28zenzanonpe,lens,Bronica,Bronica 75mm f/2.8 Zenzanon PE,Zenza Bronica | ブロニカ,Medium-format lens,中判レンズ,120,MF,lens,Bronica E/PE,,,460,610,同ジャンルの既知機種からの推定範囲,genre-estimate,D,open-model-catalog,lens-medium,315,255,385
bronicabronica80mmf28zenzanonps,lens,Bronica,Bronica 80mm f/2.8 Zenzanon PS,Zenza Bronica | ブロニカ,Medium-format lens,中判レンズ,120,MF,lens,Bronica S/PS,,,460,610,同ジャンルの既知機種からの推定範囲,genre-estimate,D,open-model-catalog,lens-medium,315,255,385
bronicabronica80mmf28zenzanons,lens,Bronica,Bronica 80mm f/2.8 Zenzanon-S,Zenza Bronica | ブロニカ,Medium-format lens,中判レンズ,120,MF,lens,Bronica S/PS,,,460,610,同ジャンルの既知機種からの推定範囲,genre-estimate,D,open-model-catalog,lens-medium,315,255,385
bronicabronicaetrsi,camera,Bronica,Bronica ETRSi,ETRSi | Zenza Bronica | ブロニカ | Bronica ETR S | Bronica ETR,Medium-format SLR,中判一眼レフ,120,MF,interchangeable,Bronica,1989,1500,1500,1500,"standard kit with finder, back and 75mm lens",reference,B,compiled-specs,camera-large,460,380,560
bronicabronicags1,camera,Bronica,Bronica GS-1,GS1 | Zenza Bronica | ブロニカ,Medium-format SLR,中判一眼レフ,120,MF,interchangeable,Bronica,1983,1800,1800,1800,"standard kit with finder, back and 100mm lens",reference,B,compiled-specs,reinforced-xl,650,520,800
bronicabronicarf645,camera,Bronica,Bronica RF645,RF645 | Zenza Bronica | ブロニカ,Medium-format rangefinder,中判レンジファインダー,120,MF,interchangeable,Bronica,2000,1000,1000,1000,body without lens,reference,B,compiled-specs,camera-large,460,380,560
bronicabronicas2,camera,Bronica,Bronica S2,Zenza Bronica | ブロニカ,Medium-format SLR,中判一眼レフ,120,MF,interchangeable,"C,S2,EC",1966,,1210,1800,同ジャンルの既知機種からの推定範囲,genre-estimate,D,open-model-catalog,reinforced-xl,650,520,800
bronicabronicas2a,camera,Bronica,Bronica S2A,Zenza Bronica | ブロニカ,Medium-format SLR,中判一眼レフ,120,MF,interchangeable,"C,S2,EC",1969,,1210,1800,同ジャンルの既知機種からの推定範囲,genre-estimate,D,open-model-catalog,reinforced-xl,650,520,800
bronicabronicasqa,camera,Bronica,Bronica SQ-A,SQ-A | Zenza Bronica | ブロニカ | Bronica SQ-Ai | Bronica SQ-AM | Bronica SQ,Medium-format SLR,中判一眼レフ,120,MF,interchangeable,Bronica,1982,1500,1500,1500,"standard kit with finder, back and 80mm lens",reference,B,compiled-specs,camera-large,460,380,560
bronicabronicasqb,camera,Bronica,Bronica SQ-B,Zenza Bronica | ブロニカ,Medium-format SLR,中判一眼レフ,120,MF,interchangeable,Bronica S/PS,,,1210,1800,同ジャンルの既知機種からの推定範囲,genre-estimate,D,open-model-catalog,reinforced-xl,650,520,800
bronicazenzanonpe75mmf28,lens,Bronica,Zenzanon PE 75mm f/2.8,ETR 75mm | Zenza Bronica | ブロニカ,Medium-format lens,中判レンズ,120,MF,lens,Bronica,1980,460,460,460,"lens only, without caps",reference,B,compiled-specs,lens-medium,315,255,385
bronicazenzanonps80mmf28,lens,Bronica,Zenzanon PS 80mm f/2.8,SQ 80mm | Zenza Bronica | ブロニカ,Medium-format lens,中判レンズ,120,MF,lens,Bronica,1982,490,490,490,"lens only, without caps",reference,B,compiled-specs,lens-medium,315,255,385
canoncanon100mmf2rf,lens,Canon,Canon 100mm f/2 RF,キャノン | キヤノン,Rangefinder lens,レンジファインダーレンズ,35mm,MF,lens,Leica screw,,,100,550,同ジャンルの既知機種からの推定範囲,genre-estimate,D,open-model-catalog,lens-medium,315,255,385
canoncanon110ed20,camera,Canon,Canon 110ED 20,キャノン | キヤノン,Vintage film camera,その他・クラシックカメラ,110,MF,fixed,Fixed lens,1977,,350,1000,同ジャンルの既知機種からの推定範囲,genre-estimate,D,open-model-catalog,camera-large,460,380,560
canoncanon50mmf095,lens,Canon,Canon 50mm f/0.95,キャノン | キヤノン,35mm manual-focus lens,35mm MFレンズ,35mm,MF,lens,,,,165,250,同ジャンルの既知機種からの推定範囲,genre-estimate,D,open-model-catalog,lens-small,210,165,260
canoncanon7,camera,Canon,Canon 7,Canon Seven | キャノン | キヤノン | Canon 7S,35mm interchangeable rangefinder,35mmレンジファインダー（レンズ交換式）,35mm,MF,interchangeable,Canon LTM,1961,620,620,620,body only,reference,B,compiled-specs,compact-heavy,320,260,390
canoncanona1,camera,Canon,Canon A-1,A1 | キャノン | キヤノン,35mm MF SLR,35mm一眼レフ（MF）,35mm,MF,interchangeable,Canon FD,1978,620,620,620,body only,reference,B,compiled-specs,camera-body,350,290,425
canoncanona35datelux,camera,Canon,Canon A35 Datelux,A35 Datelux | A35Datelux | キヤノン | キャノン,35mm fixed-lens rangefinder,35mmレンジファインダー（固定レンズ）,35mm,MF,fixed,Fixed lens,,,340,700,同系統の既知機種からの推定範囲。出品前に実測推奨,genre-estimate,D,expanded-compact-rangefinder-2026,compact-heavy,320,260,390
canoncanona35f,camera,Canon,Canon A35F,A35F | キヤノン | キャノン,35mm fixed-lens rangefinder,35mmレンジファインダー（固定レンズ）,35mm,MF,fixed,Fixed lens,,,340,700,同系統の既知機種からの推定範囲。出品前に実測推奨,genre-estimate,D,expanded-compact-rangefinder-2026,compact-heavy,320,260,390
canoncanonae1,camera,Canon,Canon AE-1,AE1 | キャノン | キヤノン | Canon AE-1P,35mm MF SLR,35mm一眼レフ（MF）,35mm,MF,interchangeable,Canon FD,1976,590,590,590,body only,reference,B,compiled-specs,camera-body,350,290,425
canoncanonae1program,camera,Canon,Canon AE-1 Program,AE1 Program | キャノン | キヤノン,35mm MF SLR,35mm一眼レフ（MF）,35mm,MF,interchangeable,Canon FD,1981,565,565,565,body only,reference,B,compiled-specs,camera-body,350,290,425
canoncanonaf35m,camera,Canon,Canon AF35M,Autoboy | Sure Shot | キャノン | キヤノン,35mm AF compact,35mm AFコンパクト,35mm,AF,fixed,Fixed lens,1979,405,405,405,without batteries,reference,B,compiled-specs,compact-standard,270,220,325
canoncanonaf35mii,camera,Canon,Canon AF35M II,AF35M II | AF35MII | キヤノン | キャノン,35mm AF compact,35mm AFコンパクト,35mm,AF,fixed,Fixed lens,,,160,430,同系統の既知機種からの推定範囲。出品前に実測推奨,genre-estimate,D,expanded-compact-rangefinder-2026,compact-standard,270,220,325
canoncanonaf35ml,camera,Canon,Canon AF35ML,Super Sure Shot | キャノン | キヤノン,35mm AF compact,35mm AFコンパクト,35mm,AF,fixed,Fixed lens,1981,440,440,440,without batteries,reference,B,compiled-specs,compact-standard,270,220,325
canoncanonal1,camera,Canon,Canon AL-1,AL1 | キャノン | キヤノン,35mm MF SLR,35mm一眼レフ（MF）,35mm,MF,interchangeable,Canon FD,1982,490,490,490,body only,reference,B,compiled-specs,camera-body,350,290,425
canoncanonas6,camera,Canon,Canon AS-6,キャノン | キヤノン,Vintage film camera,その他・クラシックカメラ,35mm,MF,interchangeable,,1986,,350,1000,同ジャンルの既知機種からの推定範囲,genre-estimate,D,open-model-catalog,camera-large,460,380,560
canoncanonat1,camera,Canon,Canon AT-1,AT1 | キャノン | キヤノン,35mm MF SLR,35mm一眼レフ（MF）,35mm,MF,interchangeable,Canon FD,1976,590,590,590,body only,reference,B,compiled-specs,camera-body,350,290,425
canoncanonautoboy2,camera,Canon,Canon Autoboy 2,AF35M II | Sure Shot 2 | キャノン | キヤノン,35mm AF compact,35mm AFコンパクト,35mm,AF,fixed,Fixed lens,1983,300,300,300,without batteries,reference,B,compiled-specs,compact-standard,270,220,325
canoncanonautoboy2quartzdate,camera,Canon,Canon Autoboy 2 Quartz Date,Autoboy 2 Quartz Date | Autoboy2QuartzDate | キヤノン | キャノン,35mm AF compact,35mm AFコンパクト,35mm,AF,fixed,Fixed lens,,,160,430,同系統の既知機種からの推定範囲。出品前に実測推奨,genre-estimate,D,expanded-compact-rangefinder-2026,compact-standard,270,220,325
canoncanonautoboy3,camera,Canon,Canon Autoboy 3,Sure Shot Supreme | キャノン | キヤノン,35mm AF compact,35mm AFコンパクト,35mm,AF,fixed,Fixed lens,1986,315,315,315,without batteries,reference,B,compiled-specs,compact-standard,270,220,325
canoncanonautoboybf80,camera,Canon,Canon Autoboy BF80,Autoboy BF80 | AutoboyBF80 | キヤノン | キャノン,35mm AF compact,35mm AFコンパクト,35mm,AF,fixed,Fixed lens,,,160,430,同系統の既知機種からの推定範囲。出品前に実測推奨,genre-estimate,D,expanded-compact-rangefinder-2026,compact-standard,270,220,325
canoncanonautoboyd5,camera,Canon,Canon Autoboy D5,Autoboy D5 | AutoboyD5 | キヤノン | キャノン,35mm AF compact,35mm AFコンパクト,35mm,AF,fixed,Fixed lens,,,160,430,同系統の既知機種からの推定範囲。出品前に実測推奨,genre-estimate,D,expanded-compact-rangefinder-2026,compact-standard,270,220,325
canoncanonautoboyf,camera,Canon,Canon Autoboy F,Autoboy F | AutoboyF | キヤノン | キャノン,35mm AF compact,35mm AFコンパクト,35mm,AF,fixed,Fixed lens,,,160,430,同系統の既知機種からの推定範囲。出品前に実測推奨,genre-estimate,D,expanded-compact-rangefinder-2026,compact-standard,270,220,325
canoncanonautoboyfxl,camera,Canon,Canon Autoboy F XL,Autoboy F XL | AutoboyFXL | キヤノン | キャノン,35mm AF compact,35mm AFコンパクト,35mm,AF,fixed,Fixed lens,,,160,430,同系統の既知機種からの推定範囲。出品前に実測推奨,genre-estimate,D,expanded-compact-rangefinder-2026,compact-standard,270,220,325
canoncanonautoboyjet135,camera,Canon,Canon Autoboy Jet 135,Autoboy Jet 135 | AutoboyJet135 | キヤノン | キャノン,35mm zoom compact,35mmズームコンパクト,35mm,AF,fixed,Fixed lens,,,180,480,同系統の既知機種からの推定範囲。出品前に実測推奨,genre-estimate,D,expanded-compact-rangefinder-2026,compact-standard,270,220,325
canoncanonautoboyjuno,camera,Canon,Canon Autoboy Juno,Autoboy Juno | AutoboyJuno | キヤノン | キャノン,35mm zoom compact,35mmズームコンパクト,35mm,AF,fixed,Fixed lens,,,180,480,同系統の既知機種からの推定範囲。出品前に実測推奨,genre-estimate,D,expanded-compact-rangefinder-2026,compact-standard,270,220,325
canoncanonautoboyluna,camera,Canon,Canon Autoboy Luna,Autoboy Luna | AutoboyLuna | キヤノン | キャノン,35mm AF compact,35mm AFコンパクト,35mm,AF,fixed,Fixed lens,,,160,430,同系統の既知機種からの推定範囲。出品前に実測推奨,genre-estimate,D,expanded-compact-rangefinder-2026,compact-standard,270,220,325
canoncanonautoboylunaxl,camera,Canon,Canon Autoboy Luna XL,Autoboy Luna XL | AutoboyLunaXL | キヤノン | キャノン,35mm AF compact,35mm AFコンパクト,35mm,AF,fixed,Fixed lens,,,160,430,同系統の既知機種からの推定範囲。出品前に実測推奨,genre-estimate,D,expanded-compact-rangefinder-2026,compact-standard,270,220,325
canoncanonautoboyminit,camera,Canon,Canon Autoboy Mini T,Autoboy Mini T | AutoboyMiniT | キヤノン | キャノン,35mm AF compact,35mm AFコンパクト,35mm,AF,fixed,Fixed lens,,,160,430,同系統の既知機種からの推定範囲。出品前に実測推奨,genre-estimate,D,expanded-compact-rangefinder-2026,compact-standard,270,220,325
canoncanonautoboyn130ii,camera,Canon,Canon Autoboy N130 II,Autoboy N130 II | AutoboyN130II | キヤノン | キャノン,35mm zoom compact,35mmズームコンパクト,35mm,AF,fixed,Fixed lens,,,180,480,同系統の既知機種からの推定範囲。出品前に実測推奨,genre-estimate,D,expanded-compact-rangefinder-2026,compact-standard,270,220,325
canoncanonautoboyn150,camera,Canon,Canon Autoboy N150,Autoboy N150 | AutoboyN150 | キヤノン | キャノン,35mm zoom compact,35mmズームコンパクト,35mm,AF,fixed,Fixed lens,,,180,480,同系統の既知機種からの推定範囲。出品前に実測推奨,genre-estimate,D,expanded-compact-rangefinder-2026,compact-standard,270,220,325
canoncanonautoboyprisma,camera,Canon,Canon Autoboy Prisma,Autoboy Prisma | AutoboyPrisma | キヤノン | キャノン,35mm AF compact,35mm AFコンパクト,35mm,AF,fixed,Fixed lens,,,160,430,同系統の既知機種からの推定範囲。出品前に実測推奨,genre-estimate,D,expanded-compact-rangefinder-2026,compact-standard,270,220,325
canoncanonautoboys,camera,Canon,Canon Autoboy S,Autoboy S | AutoboyS | キヤノン | キャノン,35mm AF compact,35mm AFコンパクト,35mm,AF,fixed,Fixed lens,,,160,430,同系統の既知機種からの推定範囲。出品前に実測推奨,genre-estimate,D,expanded-compact-rangefinder-2026,compact-standard,270,220,325
canoncanonautoboysii,camera,Canon,Canon Autoboy S II,Autoboy S II | AutoboySII | キヤノン | キャノン,35mm AF compact,35mm AFコンパクト,35mm,AF,fixed,Fixed lens,,,160,430,同系統の既知機種からの推定範囲。出品前に実測推奨,genre-estimate,D,expanded-compact-rangefinder-2026,compact-standard,270,220,325
canoncanonautoboywt28,camera,Canon,Canon Autoboy WT28,Autoboy WT28 | AutoboyWT28 | キヤノン | キャノン,35mm zoom compact,35mmズームコンパクト,35mm,AF,fixed,Fixed lens,,,180,480,同系統の既知機種からの推定範囲。出品前に実測推奨,genre-estimate,D,expanded-compact-rangefinder-2026,compact-standard,270,220,325
canoncanonav1,camera,Canon,Canon AV-1,AV1 | キャノン | キヤノン,35mm MF SLR,35mm一眼レフ（MF）,35mm,MF,interchangeable,Canon FD,1979,490,490,490,body only,reference,B,compiled-specs,camera-body,350,290,425
canoncanoncanomaticm70,camera,Canon,Canon Canomatic M70,キャノン | キヤノン,35mm compact MF,35mm MFコンパクト,126,MF,fixed,Fixed lens,1970,,335,390,同ジャンルの既知機種からの推定範囲,genre-estimate,D,open-model-catalog,compact-standard,270,220,325
canoncanoncanonef35mmf2isusm,lens,Canon,Canon Canon EF 35mm f/2 IS USM,キャノン | キヤノン,35mm autofocus lens,35mm AFレンズ,35mm,AF,lens,Canon EF,2012,,155,290,同ジャンルの既知機種からの推定範囲,genre-estimate,D,open-model-catalog,lens-medium,315,255,385
canoncanondemis,camera,Canon,Canon Demi S,Demi S | キャノン | キヤノン,35mm compact MF,35mm MFコンパクト,35mm half-frame,MF,fixed,Fixed lens,1964,380,380,380,with fixed lens,reference,C,published-secondary,compact-standard,270,220,325
canoncanondial35,camera,Canon,Canon Dial 35,Dial 35 | キャノン | キヤノン,35mm compact MF,35mm MFコンパクト,35mm half-frame,MF,fixed,Fixed lens,1963,410,410,410,with fixed lens,reference,C,published-secondary,compact-standard,270,220,325
canoncanonef100300mmf4556usm,lens,Canon,Canon EF 100-300mm f/4.5-5.6 USM,キャノン | キヤノン,35mm autofocus zoom lens,35mm AFズームレンズ,35mm,AF,lens,Canon EF,1990,,200,705,同ジャンルの既知機種からの推定範囲,genre-estimate,D,open-model-catalog,lens-large,430,350,530
canoncanonef100300mmf56macro,lens,Canon,Canon EF 100-300mm f/5.6 Macro,キャノン | キヤノン,35mm autofocus zoom lens,35mm AFズームレンズ,35mm,AF,lens,Canon EF,1987,,200,705,同ジャンルの既知機種からの推定範囲,genre-estimate,D,open-model-catalog,lens-large,430,350,530
canoncanonef100400mmf4556lisiiusm,lens,Canon,Canon EF 100-400mm f/4.5-5.6L IS II USM,キャノン | キヤノン,35mm autofocus zoom lens,35mm AFズームレンズ,35mm,AF,lens,Canon EF,2014,,200,705,同ジャンルの既知機種からの推定範囲,genre-estimate,D,open-model-catalog,lens-large,430,350,530
canoncanonef100400mmf4556lisusm,lens,Canon,Canon EF 100-400mm f/4.5-5.6L IS USM,キャノン | キヤノン,35mm autofocus zoom lens,35mm AFズームレンズ,35mm,AF,lens,Canon EF,1998,,200,705,同ジャンルの既知機種からの推定範囲,genre-estimate,D,open-model-catalog,lens-large,430,350,530
canoncanonef100mmf2usm,lens,Canon,Canon EF 100mm f/2 USM,キャノン | キヤノン,35mm autofocus lens,35mm AFレンズ,35mm,AF,lens,Canon EF,1991,,155,290,同ジャンルの既知機種からの推定範囲,genre-estimate,D,open-model-catalog,lens-medium,315,255,385
canoncanonef100mmf28macro,lens,Canon,Canon EF 100mm f/2.8 Macro,キャノン | キヤノン,35mm autofocus lens,35mm AFレンズ,35mm,AF,lens,Canon EF,1990,,155,290,同ジャンルの既知機種からの推定範囲,genre-estimate,D,open-model-catalog,lens-medium,315,255,385
canoncanonef100mmf28macrousm,lens,Canon,Canon EF 100mm f/2.8 Macro USM,キャノン | キヤノン,35mm autofocus lens,35mm AFレンズ,35mm,AF,lens,Canon EF,2000,,155,290,同ジャンルの既知機種からの推定範囲,genre-estimate,D,open-model-catalog,lens-medium,315,255,385
canoncanonef100mmf28lmacroisusm,lens,Canon,Canon EF 100mm f/2.8L Macro IS USM,キャノン | キヤノン,35mm autofocus lens,35mm AFレンズ,35mm,AF,lens,Canon EF,2009,,155,290,同ジャンルの既知機種からの推定範囲,genre-estimate,D,open-model-catalog,lens-medium,315,255,385
canoncanonef1200mmf56lusm,lens,Canon,Canon EF 1200mm f/5.6L USM,キャノン | キヤノン,35mm autofocus lens,35mm AFレンズ,35mm,AF,lens,Canon EF,1993,,155,290,同ジャンルの既知機種からの推定範囲,genre-estimate,D,open-model-catalog,lens-medium,315,255,385
canoncanonef135mmf28softfocus,lens,Canon,Canon EF 135mm f/2.8 Soft Focus,キャノン | キヤノン,35mm autofocus lens,35mm AFレンズ,35mm,AF,lens,Canon EF,1987,,155,290,同ジャンルの既知機種からの推定範囲,genre-estimate,D,open-model-catalog,lens-medium,315,255,385
canoncanonef135mmf2lusm,lens,Canon,Canon EF 135mm f/2L USM,キャノン | キヤノン,35mm autofocus lens,35mm AFレンズ,35mm,AF,lens,Canon EF,1996,,155,290,同ジャンルの既知機種からの推定範囲,genre-estimate,D,open-model-catalog,lens-medium,315,255,385
canoncanonef14mmf28liiusm,lens,Canon,Canon EF 14 mm F2.8 L II USM,キャノン | キヤノン,35mm autofocus lens,35mm AFレンズ,35mm,AF,lens,,2007,,155,290,同ジャンルの既知機種からの推定範囲,genre-estimate,D,open-model-catalog,lens-medium,315,255,385
canoncanonef14mmf28lusm,lens,Canon,Canon EF 14mm f/2.8L USM,キャノン | キヤノン,35mm autofocus lens,35mm AFレンズ,35mm,AF,lens,Canon EF,1991,,155,290,同ジャンルの既知機種からの推定範囲,genre-estimate,D,open-model-catalog,lens-medium,315,255,385
canoncanonef15mmf28,lens,Canon,Canon EF 15mm f/2.8,キャノン | キヤノン,35mm autofocus lens,35mm AFレンズ,35mm,AF,lens,Canon EF,1987,,155,290,同ジャンルの既知機種からの推定範囲,genre-estimate,D,open-model-catalog,lens-medium,315,255,385
canoncanonef1635mmf28lusm,lens,Canon,Canon EF 16-35mm f/2.8L USM,キャノン | キヤノン,35mm autofocus zoom lens,35mm AFズームレンズ,35mm,AF,lens,Canon EF,2001,,200,705,同ジャンルの既知機種からの推定範囲,genre-estimate,D,open-model-catalog,lens-large,430,350,530
canoncanonef1635mmf28lusmii,lens,Canon,Canon EF 16-35mm f/2.8L USM II,キャノン | キヤノン,35mm autofocus zoom lens,35mm AFズームレンズ,35mm,AF,lens,Canon EF,2007,,200,705,同ジャンルの既知機種からの推定範囲,genre-estimate,D,open-model-catalog,lens-large,430,350,530
canoncanonef1635mmf4lisusm,lens,Canon,Canon EF 16-35mm f/4L IS USM,キャノン | キヤノン,35mm autofocus zoom lens,35mm AFズームレンズ,35mm,AF,lens,Canon EF,2014,,200,705,同ジャンルの既知機種からの推定範囲,genre-estimate,D,open-model-catalog,lens-large,430,350,530
canoncanonef1735mmf28lusm,lens,Canon,Canon EF 17-35mm f/2.8L USM,キャノン | キヤノン,35mm autofocus zoom lens,35mm AFズームレンズ,35mm,AF,lens,Canon EF,1996,,200,705,同ジャンルの既知機種からの推定範囲,genre-estimate,D,open-model-catalog,lens-large,430,350,530
canoncanonef1740mmf4lusm,lens,Canon,Canon EF 17-40mm f/4L USM,キャノン | キヤノン,35mm autofocus zoom lens,35mm AFズームレンズ,35mm,AF,lens,Canon EF,2003,,200,705,同ジャンルの既知機種からの推定範囲,genre-estimate,D,open-model-catalog,lens-large,430,350,530
canoncanonef180mmf35lmacrousm,lens,Canon,Canon EF 180mm f/3.5L Macro USM,キャノン | キヤノン,35mm autofocus lens,35mm AFレンズ,35mm,AF,lens,Canon EF,1996,,155,290,同ジャンルの既知機種からの推定範囲,genre-estimate,D,open-model-catalog,lens-medium,315,255,385
canoncanonef2035mmf3545usm,lens,Canon,Canon EF 20-35mm f/3.5-4.5 USM,キャノン | キヤノン,35mm autofocus zoom lens,35mm AFズームレンズ,35mm,AF,lens,Canon EF,1993,,200,705,同ジャンルの既知機種からの推定範囲,genre-estimate,D,open-model-catalog,lens-large,430,350,530
canoncanonef200400mmf4lisusmextender14x,lens,Canon,Canon EF 200-400mm f/4L IS USM Extender 1.4x,キャノン | キヤノン,35mm autofocus zoom lens,35mm AFズームレンズ,35mm,AF,lens,Canon EF,2013,,200,705,同ジャンルの既知機種からの推定範囲,genre-estimate,D,open-model-catalog,lens-large,430,350,530
canoncanonef200mmf28liiusm,lens,Canon,Canon EF 200mm f/2.8L II USM,キャノン | キヤノン,35mm autofocus lens,35mm AFレンズ,35mm,AF,lens,Canon EF,1996,,155,290,同ジャンルの既知機種からの推定範囲,genre-estimate,D,open-model-catalog,lens-medium,315,255,385
canoncanonef200mmf2lisusm,lens,Canon,Canon EF 200mm f/2L IS USM,キャノン | キヤノン,35mm autofocus lens,35mm AFレンズ,35mm,AF,lens,,2008,,155,290,同ジャンルの既知機種からの推定範囲,genre-estimate,D,open-model-catalog,lens-medium,315,255,385
canoncanonef20mmf28usm,lens,Canon,Canon EF 20mm f/2.8 USM,キャノン | キヤノン,35mm autofocus lens,35mm AFレンズ,35mm,AF,lens,Canon EF,1992,,155,290,同ジャンルの既知機種からの推定範囲,genre-estimate,D,open-model-catalog,lens-medium,315,255,385
canoncanonef24105mmf4lisusm,lens,Canon,Canon EF 24-105mm f/4L IS USM,キャノン | キヤノン,35mm autofocus zoom lens,35mm AFズームレンズ,35mm,AF,lens,Canon EF,2005,,200,705,同ジャンルの既知機種からの推定範囲,genre-estimate,D,open-model-catalog,lens-large,430,350,530
canoncanonef2470mmf28liiusm,lens,Canon,Canon EF 24-70mm f/2.8L II USM,キャノン | キヤノン,35mm autofocus zoom lens,35mm AFズームレンズ,35mm,AF,lens,Canon EF,2012,,200,705,同ジャンルの既知機種からの推定範囲,genre-estimate,D,open-model-catalog,lens-large,430,350,530
canoncanonef2470mmf28lusm,lens,Canon,Canon EF 24-70mm f/2.8L USM,キャノン | キヤノン,35mm autofocus zoom lens,35mm AFズームレンズ,35mm,AF,lens,Canon EF,2002,,200,705,同ジャンルの既知機種からの推定範囲,genre-estimate,D,open-model-catalog,lens-large,430,350,530
canoncanonef2470mmf4lisusm,lens,Canon,Canon EF 24-70mm f/4L IS USM,キャノン | キヤノン,35mm autofocus zoom lens,35mm AFズームレンズ,35mm,AF,lens,Canon EF,2012,,200,705,同ジャンルの既知機種からの推定範囲,genre-estimate,D,open-model-catalog,lens-large,430,350,530
canoncanonef2485mmf3545usm,lens,Canon,Canon EF 24-85mm f/3.5-4.5 USM,キャノン | キヤノン,Medium-format lens,中判レンズ,120,MF,lens,Canon EF,1996,,460,610,同ジャンルの既知機種からの推定範囲,genre-estimate,D,open-model-catalog,lens-medium,315,255,385
canoncanonef24mmf14liiusm,lens,Canon,Canon EF 24mm f/1.4L II USM,キャノン | キヤノン,35mm autofocus lens,35mm AFレンズ,35mm,AF,lens,Canon EF,2008,,155,290,同ジャンルの既知機種からの推定範囲,genre-estimate,D,open-model-catalog,lens-medium,315,255,385
canoncanonef24mmf14lusm,lens,Canon,Canon EF 24mm f/1.4L USM,キャノン | キヤノン,35mm autofocus lens,35mm AFレンズ,35mm,AF,lens,Canon EF,1997,,155,290,同ジャンルの既知機種からの推定範囲,genre-estimate,D,open-model-catalog,lens-medium,315,255,385
canoncanonef24mmf28,lens,Canon,Canon EF 24mm f/2.8,キャノン | キヤノン,35mm autofocus lens,35mm AFレンズ,35mm,AF,lens,Canon EF,1988,,155,290,同ジャンルの既知機種からの推定範囲,genre-estimate,D,open-model-catalog,lens-medium,315,255,385
canoncanonef28105mmf3545macroiiusm,lens,Canon,Canon EF 28-105mm f/3.5-4.5 Macro II USM,キャノン | キヤノン,35mm autofocus zoom lens,35mm AFズームレンズ,35mm,AF,lens,Canon EF,2000,,200,705,同ジャンルの既知機種からの推定範囲,genre-estimate,D,open-model-catalog,lens-large,430,350,530
canoncanonef28105mmf3545macrousm,lens,Canon,Canon EF 28-105mm f/3.5-4.5 Macro USM,キャノン | キヤノン,35mm autofocus zoom lens,35mm AFズームレンズ,35mm,AF,lens,Canon EF,1992,,200,705,同ジャンルの既知機種からの推定範囲,genre-estimate,D,open-model-catalog,lens-large,430,350,530
canoncanonef28105mmf456usm,lens,Canon,Canon EF 28-105mm f/4-5.6 USM,キャノン | キヤノン,35mm autofocus zoom lens,35mm AFズームレンズ,35mm,AF,lens,Canon EF,2002,,200,705,同ジャンルの既知機種からの推定範囲,genre-estimate,D,open-model-catalog,lens-large,430,350,530
canoncanonef28135mmf3556isusm,lens,Canon,Canon EF 28-135mm f/3.5-5.6 IS USM,キャノン | キヤノン,35mm autofocus zoom lens,35mm AFズームレンズ,35mm,AF,lens,Canon EF,1998,,200,705,同ジャンルの既知機種からの推定範囲,genre-estimate,D,open-model-catalog,lens-large,430,350,530
canoncanonef28200mmf3556,lens,Canon,Canon EF 28-200mm f/3.5-5.6,キャノン | キヤノン,35mm autofocus zoom lens,35mm AFズームレンズ,35mm,AF,lens,Canon EF,2000,,200,705,同ジャンルの既知機種からの推定範囲,genre-estimate,D,open-model-catalog,lens-large,430,350,530
canoncanonef28200mmf3556usm,lens,Canon,Canon EF 28-200mm f/3.5-5.6 USM,キャノン | キヤノン,35mm autofocus zoom lens,35mm AFズームレンズ,35mm,AF,lens,Canon EF,2000,,200,705,同ジャンルの既知機種からの推定範囲,genre-estimate,D,open-model-catalog,lens-large,430,350,530
canoncanonef28300mmf3556lisusm,lens,Canon,Canon EF 28-300mm f/3.5-5.6 L IS USM,キャノン | キヤノン,35mm autofocus zoom lens,35mm AFズームレンズ,35mm,AF,lens,Canon EF,2004,,200,705,同ジャンルの既知機種からの推定範囲,genre-estimate,D,open-model-catalog,lens-large,430,350,530
canoncanonef2870mmf3545,lens,Canon,Canon EF 28-70mm f/3.5-4.5,キャノン | キヤノン,35mm autofocus zoom lens,35mm AFズームレンズ,35mm,AF,lens,Canon EF,1987,,200,705,同ジャンルの既知機種からの推定範囲,genre-estimate,D,open-model-catalog,lens-large,430,350,530
canoncanonef2870mmf3545ii,lens,Canon,Canon EF 28-70mm f/3.5-4.5 II,キャノン | キヤノン,35mm autofocus zoom lens,35mm AFズームレンズ,35mm,AF,lens,Canon EF,1988,,200,705,同ジャンルの既知機種からの推定範囲,genre-estimate,D,open-model-catalog,lens-large,430,350,530
canoncanonef2880mmf3556ii,lens,Canon,Canon EF 28-80mm f/3.5-5.6 II,EF 28-80 | キャノン | キヤノン | Canon EF 28-80mm f/3.5-5.6 V USM | Canon EF 28-80mm f/3.5-5.6 IV USM | Canon EF 28-80mm f/3.5-5.6 II USM | Canon EF 28-80mm f/3.5-5.6 USM,35mm autofocus zoom lens,35mm AFズームレンズ,35mm,AF,lens,Canon EF,1993,200,200,200,"lens only, without caps",reference,B,compiled-specs,lens-small,210,165,260
canoncanonef2890mmf456ii,lens,Canon,Canon EF 28-90mm f/4-5.6 II,キャノン | キヤノン,35mm autofocus zoom lens,35mm AFズームレンズ,35mm,AF,lens,Canon EF,2003,,200,705,同ジャンルの既知機種からの推定範囲,genre-estimate,D,open-model-catalog,lens-large,430,350,530
canoncanonef2890mmf456iiusm,lens,Canon,Canon EF 28-90mm f/4-5.6 II USM,キャノン | キヤノン,35mm autofocus zoom lens,35mm AFズームレンズ,35mm,AF,lens,Canon EF,2002,,200,705,同ジャンルの既知機種からの推定範囲,genre-estimate,D,open-model-catalog,lens-large,430,350,530
canoncanonef2890mmf456usm,lens,Canon,Canon EF 28-90mm f/4-5.6 USM,キャノン | キヤノン,35mm autofocus zoom lens,35mm AFズームレンズ,35mm,AF,lens,Canon EF,2000,,200,705,同ジャンルの既知機種からの推定範囲,genre-estimate,D,open-model-catalog,lens-large,430,350,530
canoncanonef28mmf18usm,lens,Canon,Canon EF 28mm f/1.8 USM,キャノン | キヤノン,35mm autofocus lens,35mm AFレンズ,35mm,AF,lens,Canon EF,1995,,155,290,同ジャンルの既知機種からの推定範囲,genre-estimate,D,open-model-catalog,lens-medium,315,255,385
canoncanonef28mmf28,lens,Canon,Canon EF 28mm f/2.8,キャノン | キヤノン,35mm autofocus lens,35mm AFレンズ,35mm,AF,lens,Canon EF,1987,,155,290,同ジャンルの既知機種からの推定範囲,genre-estimate,D,open-model-catalog,lens-medium,315,255,385
canoncanonef300mmf28lisusm,lens,Canon,Canon EF 300mm f/2.8L IS USM,キャノン | キヤノン,35mm autofocus lens,35mm AFレンズ,35mm,AF,lens,Canon EF,1999,,155,290,同ジャンルの既知機種からの推定範囲,genre-estimate,D,open-model-catalog,lens-medium,315,255,385
canoncanonef300mmf4lisusm,lens,Canon,Canon EF 300mm f/4L IS USM,キャノン | キヤノン,35mm autofocus lens,35mm AFレンズ,35mm,AF,lens,Canon EF,1997,,155,290,同ジャンルの既知機種からの推定範囲,genre-estimate,D,open-model-catalog,lens-medium,315,255,385
canoncanonef300mmf4lusm,lens,Canon,Canon EF 300mm f/4L USM,キャノン | キヤノン,35mm autofocus lens,35mm AFレンズ,35mm,AF,lens,Canon EF,1991,,155,290,同ジャンルの既知機種からの推定範囲,genre-estimate,D,open-model-catalog,lens-medium,315,255,385
canoncanonef35135mmf456usm,lens,Canon,Canon EF 35-135mm f/4-5.6 USM,キャノン | キヤノン,35mm autofocus zoom lens,35mm AFズームレンズ,35mm,AF,lens,Canon EF,1990,,200,705,同ジャンルの既知機種からの推定範囲,genre-estimate,D,open-model-catalog,lens-large,430,350,530
canoncanonef35350mmf3556lusm,lens,Canon,Canon EF 35-350mm f/3.5-5.6L USM,キャノン | キヤノン,35mm autofocus zoom lens,35mm AFズームレンズ,35mm,AF,lens,Canon EF,1993,,200,705,同ジャンルの既知機種からの推定範囲,genre-estimate,D,open-model-catalog,lens-large,430,350,530
canoncanonef3570mmf3545,lens,Canon,Canon EF 35-70mm f/3.5-4.5,キャノン | キヤノン,35mm autofocus zoom lens,35mm AFズームレンズ,35mm,AF,lens,Canon EF,1987,,200,705,同ジャンルの既知機種からの推定範囲,genre-estimate,D,open-model-catalog,lens-large,430,350,530
canoncanonef3580mmf456iii,lens,Canon,Canon EF 35-80mm f/4-5.6 III,キャノン | キヤノン,35mm autofocus zoom lens,35mm AFズームレンズ,35mm,AF,lens,Canon EF,1995,,200,705,同ジャンルの既知機種からの推定範囲,genre-estimate,D,open-model-catalog,lens-large,430,350,530
canoncanonef35mmf14lusm,lens,Canon,Canon EF 35mm f/1.4L USM,キャノン | キヤノン,35mm autofocus lens,35mm AFレンズ,35mm,AF,lens,Canon EF,1998,,155,290,同ジャンルの既知機種からの推定範囲,genre-estimate,D,open-model-catalog,lens-medium,315,255,385
canoncanonef35mmf2,lens,Canon,Canon EF 35mm f/2,キャノン | キヤノン,35mm autofocus lens,35mm AFレンズ,35mm,AF,lens,Canon EF,1990,,155,290,同ジャンルの既知機種からの推定範囲,genre-estimate,D,open-model-catalog,lens-medium,315,255,385
canoncanonef35mmf2isusm,lens,Canon,Canon EF 35mm f/2 IS USM,キャノン | キヤノン,35mm autofocus lens,35mm AFレンズ,35mm,AF,lens,Canon EF,2012,,155,290,同ジャンルの既知機種からの推定範囲,genre-estimate,D,open-model-catalog,lens-medium,315,255,385
canoncanonef3876mmf4556,lens,Canon,Canon EF 38-76mm f/4.5-5.6,キャノン | キヤノン,35mm autofocus zoom lens,35mm AFズームレンズ,35mm,AF,lens,Canon EF,1995,,200,705,同ジャンルの既知機種からの推定範囲,genre-estimate,D,open-model-catalog,lens-large,430,350,530
canoncanonef400mmf28lisusm,lens,Canon,Canon EF 400mm f/2.8L IS USM,キャノン | キヤノン,35mm autofocus lens,35mm AFレンズ,35mm,AF,lens,Canon EF,1999,,155,290,同ジャンルの既知機種からの推定範囲,genre-estimate,D,open-model-catalog,lens-medium,315,255,385
canoncanonef400mmf4doisiiusm,lens,Canon,Canon EF 400mm f/4 DO IS II usm,キャノン | キヤノン,35mm autofocus lens,35mm AFレンズ,35mm,AF,lens,Canon EF,2014,,155,290,同ジャンルの既知機種からの推定範囲,genre-estimate,D,open-model-catalog,lens-medium,315,255,385
canoncanonef400mmf4doisusm,lens,Canon,Canon EF 400mm f/4 DO IS USM,キャノン | キヤノン,35mm autofocus lens,35mm AFレンズ,35mm,AF,lens,Canon EF,2001,,155,290,同ジャンルの既知機種からの推定範囲,genre-estimate,D,open-model-catalog,lens-medium,315,255,385
canoncanonef400mmf56lusm,lens,Canon,Canon EF 400mm f/5.6L USM,キャノン | キヤノン,35mm autofocus lens,35mm AFレンズ,35mm,AF,lens,Canon EF,1993,,155,290,同ジャンルの既知機種からの推定範囲,genre-estimate,D,open-model-catalog,lens-medium,315,255,385
canoncanonef40mmf28stm,lens,Canon,Canon EF 40mm f/2.8 STM,キャノン | キヤノン,35mm autofocus lens,35mm AFレンズ,35mm,AF,lens,Canon EF,2012,,155,290,同ジャンルの既知機種からの推定範囲,genre-estimate,D,open-model-catalog,lens-medium,315,255,385
canoncanonef50mmf12lusm,lens,Canon,Canon EF 50 mm F1.2L USM,キャノン | キヤノン,35mm autofocus lens,35mm AFレンズ,35mm,AF,lens,Canon EF,2006,,155,290,同ジャンルの既知機種からの推定範囲,genre-estimate,D,open-model-catalog,lens-medium,315,255,385
canoncanonef500mmf4lisiiusm,lens,Canon,Canon EF 500mm f/4L IS II USM,キャノン | キヤノン,35mm autofocus lens,35mm AFレンズ,35mm,AF,lens,,2012,,155,290,同ジャンルの既知機種からの推定範囲,genre-estimate,D,open-model-catalog,lens-medium,315,255,385
canoncanonef500mmf4lisusm,lens,Canon,Canon EF 500mm f/4L IS USM,キャノン | キヤノン,35mm autofocus lens,35mm AFレンズ,35mm,AF,lens,Canon EF,1999,,155,290,同ジャンルの既知機種からの推定範囲,genre-estimate,D,open-model-catalog,lens-medium,315,255,385
canoncanonef50mmf14usm,lens,Canon,Canon EF 50mm f/1.4 USM,EF 50 1.4 | キャノン | キヤノン,35mm autofocus lens,35mm AFレンズ,35mm,AF,lens,Canon EF,1993,290,290,290,"lens only, without caps",reference,B,compiled-specs,lens-medium,315,255,385
canoncanonef50mmf18ii,lens,Canon,Canon EF 50mm f/1.8 II,EF 50 1.8 II | キャノン | キヤノン | Canon EF | Canon EF 50mm f/1.8,35mm autofocus lens,35mm AFレンズ,35mm,AF,lens,Canon EF,1990,130,130,130,"lens only, without caps",reference,B,compiled-specs,lens-small,210,165,260
canoncanonef50mmf25compactmacro,lens,Canon,Canon EF 50mm f/2.5 Compact Macro,キャノン | キヤノン,35mm autofocus lens,35mm AFレンズ,35mm,AF,lens,Canon EF,1987,,155,290,同ジャンルの既知機種からの推定範囲,genre-estimate,D,open-model-catalog,lens-medium,315,255,385
canoncanonef55200mmf4556iiusm,lens,Canon,Canon EF 55-200mm f/4.5-5.6 II USM,キャノン | キヤノン,35mm autofocus zoom lens,35mm AFズームレンズ,35mm,AF,lens,Canon EF,2003,,200,705,同ジャンルの既知機種からの推定範囲,genre-estimate,D,open-model-catalog,lens-large,430,350,530
canoncanonef55200mmf4556usm,lens,Canon,Canon EF 55-200mm f/4.5-5.6 USM,キャノン | キヤノン,35mm autofocus zoom lens,35mm AFズームレンズ,35mm,AF,lens,Canon EF,1998,,200,705,同ジャンルの既知機種からの推定範囲,genre-estimate,D,open-model-catalog,lens-large,430,350,530
canoncanonef600mmf4lisiiusm,lens,Canon,Canon EF 600mm f/4L IS II USM,キャノン | キヤノン,35mm autofocus lens,35mm AFレンズ,35mm,AF,lens,,2012,,155,290,同ジャンルの既知機種からの推定範囲,genre-estimate,D,open-model-catalog,lens-medium,315,255,385
canoncanonef600mmf4lisiiiusm,lens,Canon,Canon EF 600mm f/4L IS III USM,キャノン | キヤノン,35mm autofocus lens,35mm AFレンズ,35mm,AF,lens,Canon EF,2018,,155,290,同ジャンルの既知機種からの推定範囲,genre-estimate,D,open-model-catalog,lens-medium,315,255,385
canoncanonef600mmf4lisusm,lens,Canon,Canon EF 600mm f/4L IS USM,キャノン | キヤノン,35mm autofocus lens,35mm AFレンズ,35mm,AF,lens,Canon EF,1999,,155,290,同ジャンルの既知機種からの推定範囲,genre-estimate,D,open-model-catalog,lens-medium,315,255,385
canoncanonef70200mmf4lisusm,lens,Canon,Canon EF 70-200 mm f/4L IS USM,キャノン | キヤノン,35mm autofocus zoom lens,35mm AFズームレンズ,35mm,AF,lens,Canon EF,2006,,200,705,同ジャンルの既知機種からの推定範囲,genre-estimate,D,open-model-catalog,lens-large,430,350,530
canoncanonef70200mmf28lisiiiusm,lens,Canon,Canon EF 70-200MM F/2.8L IS III USM,キャノン | キヤノン,35mm autofocus zoom lens,35mm AFズームレンズ,35mm,AF,lens,Canon EF,2018,,200,705,同ジャンルの既知機種からの推定範囲,genre-estimate,D,open-model-catalog,lens-large,430,350,530
canoncanonef70200mmf28lisusm,lens,Canon,Canon EF 70-200mm f/2.8L IS USM,キャノン | キヤノン,35mm autofocus zoom lens,35mm AFズームレンズ,35mm,AF,lens,Canon EF,2001,,200,705,同ジャンルの既知機種からの推定範囲,genre-estimate,D,open-model-catalog,lens-large,430,350,530
canoncanonef70200mmf28lusm,lens,Canon,Canon EF 70-200mm f/2.8L USM,キャノン | キヤノン,35mm autofocus zoom lens,35mm AFズームレンズ,35mm,AF,lens,Canon EF,1995,,200,705,同ジャンルの既知機種からの推定範囲,genre-estimate,D,open-model-catalog,lens-large,430,350,530
canoncanonef70200mmf4liiusm,lens,Canon,Canon EF 70-200MM F/4L II USM,キャノン | キヤノン,35mm autofocus zoom lens,35mm AFズームレンズ,35mm,AF,lens,Canon EF,2018,,200,705,同ジャンルの既知機種からの推定範囲,genre-estimate,D,open-model-catalog,lens-large,430,350,530
canoncanonef70200mmf4lusm,lens,Canon,Canon EF 70-200mm f/4L USM,70-200 f4L | キャノン | キヤノン,35mm autofocus zoom lens,35mm AFズームレンズ,35mm,AF,lens,Canon EF,1999,705,705,705,"lens only, without caps",reference,B,compiled-specs,lens-large,430,350,530
canoncanonef70210mmf4,lens,Canon,Canon EF 70-210mm f/4,キャノン | キヤノン,35mm autofocus zoom lens,35mm AFズームレンズ,35mm,AF,lens,Canon EF,1987,,200,705,同ジャンルの既知機種からの推定範囲,genre-estimate,D,open-model-catalog,lens-large,430,350,530
canoncanonef70300mmf456isiiusm,lens,Canon,Canon EF 70-300mm f/4-5.6 IS II USM,キャノン | キヤノン,35mm autofocus zoom lens,35mm AFズームレンズ,35mm,AF,lens,Canon EF,2016,,200,705,同ジャンルの既知機種からの推定範囲,genre-estimate,D,open-model-catalog,lens-large,430,350,530
canoncanonef70300mmf456isusm,lens,Canon,Canon EF 70-300mm f/4-5.6 IS USM,キャノン | キヤノン,35mm autofocus zoom lens,35mm AFズームレンズ,35mm,AF,lens,Canon EF,2005,,200,705,同ジャンルの既知機種からの推定範囲,genre-estimate,D,open-model-catalog,lens-large,430,350,530
canoncanonef70300mmf4556doisusm,lens,Canon,Canon EF 70-300mm f/4.5-5.6 DO IS USM,キャノン | キヤノン,35mm autofocus zoom lens,35mm AFズームレンズ,35mm,AF,lens,Canon EF,2004,,200,705,同ジャンルの既知機種からの推定範囲,genre-estimate,D,open-model-catalog,lens-large,430,350,530
canoncanonef75300mmf456iiusm,lens,Canon,Canon EF 75-300mm f/4-5.6 II USM,キャノン | キヤノン,35mm autofocus zoom lens,35mm AFズームレンズ,35mm,AF,lens,Canon EF,1995,,200,705,同ジャンルの既知機種からの推定範囲,genre-estimate,D,open-model-catalog,lens-large,430,350,530
canoncanonef75300mmf456iii,lens,Canon,Canon EF 75-300mm f/4-5.6 III,キャノン | キヤノン,35mm autofocus zoom lens,35mm AFズームレンズ,35mm,AF,lens,Canon EF,1999,,200,705,同ジャンルの既知機種からの推定範囲,genre-estimate,D,open-model-catalog,lens-large,430,350,530
canoncanonef75300mmf456iiiusm,lens,Canon,Canon EF 75-300mm f/4-5.6 III USM,キャノン | キヤノン,35mm autofocus zoom lens,35mm AFズームレンズ,35mm,AF,lens,Canon EF,1999,,200,705,同ジャンルの既知機種からの推定範囲,genre-estimate,D,open-model-catalog,lens-large,430,350,530
canoncanonef75300mmf456isusm,lens,Canon,Canon EF 75-300mm f/4-5.6 IS USM,キャノン | キヤノン,35mm autofocus zoom lens,35mm AFズームレンズ,35mm,AF,lens,Canon EF,1995,,200,705,同ジャンルの既知機種からの推定範囲,genre-estimate,D,open-model-catalog,lens-large,430,350,530
canoncanonef80200mmf28l,lens,Canon,Canon EF 80-200mm f/2.8L,キャノン | キヤノン,35mm autofocus zoom lens,35mm AFズームレンズ,35mm,AF,lens,Canon EF,1989,,200,705,同ジャンルの既知機種からの推定範囲,genre-estimate,D,open-model-catalog,lens-large,430,350,530
canoncanonef80200mmf4556ii,lens,Canon,Canon EF 80-200mm f/4.5-5.6 II,キャノン | キヤノン,35mm autofocus zoom lens,35mm AFズームレンズ,35mm,AF,lens,Canon EF,1995,,200,705,同ジャンルの既知機種からの推定範囲,genre-estimate,D,open-model-catalog,lens-large,430,350,530
canoncanonef800mmf56lisusm,lens,Canon,Canon EF 800mm f/5.6L IS USM,キャノン | キヤノン,35mm autofocus lens,35mm AFレンズ,35mm,AF,lens,,2008,,155,290,同ジャンルの既知機種からの推定範囲,genre-estimate,D,open-model-catalog,lens-medium,315,255,385
canoncanonef85mmf12lusm,lens,Canon,Canon EF 85mm f/1.2L USM,キャノン | キヤノン,35mm autofocus lens,35mm AFレンズ,35mm,AF,lens,Canon EF,1989,,155,290,同ジャンルの既知機種からの推定範囲,genre-estimate,D,open-model-catalog,lens-medium,315,255,385
canoncanonef85mmf14lisusm,lens,Canon,Canon EF 85mm f/1.4 L IS USM,キャノン | キヤノン,35mm autofocus lens,35mm AFレンズ,35mm,AF,lens,Canon EF,2017,,155,290,同ジャンルの既知機種からの推定範囲,genre-estimate,D,open-model-catalog,lens-medium,315,255,385
canoncanonef85mmf18usm,lens,Canon,Canon EF 85mm f/1.8 USM,キャノン | キヤノン,35mm autofocus lens,35mm AFレンズ,35mm,AF,lens,Canon EF,1992,,155,290,同ジャンルの既知機種からの推定範囲,genre-estimate,D,open-model-catalog,lens-medium,315,255,385
canoncanonef90300mmf4556,lens,Canon,Canon EF 90-300mm f/4.5-5.6,キャノン | キヤノン,35mm autofocus zoom lens,35mm AFズームレンズ,35mm,AF,lens,Canon EF,2003,,200,705,同ジャンルの既知機種からの推定範囲,genre-estimate,D,open-model-catalog,lens-large,430,350,530
canoncanonef90300mmf4556usm,lens,Canon,Canon EF 90-300mm f/4.5-5.6 USM,キャノン | キヤノン,35mm autofocus zoom lens,35mm AFズームレンズ,35mm,AF,lens,Canon EF,2002,,200,705,同ジャンルの既知機種からの推定範囲,genre-estimate,D,open-model-catalog,lens-large,430,350,530
canoncanoneos10,camera,Canon,Canon EOS 10,EOS 10S | キャノン | キヤノン | Canon EOS 10S aka Canon EOS 10 QD aka Canon EOS 10,35mm AF SLR,35mm一眼レフ（AF）,35mm,AF,interchangeable,Canon EF,1990,625,625,625,body only,reference,B,compiled-specs,camera-body,350,290,425
canoncanoneos100,camera,Canon,Canon EOS 100,Elan | キャノン | キヤノン | Canon EOS Rebel II aka EOS 1000S QD aka EOS 1000FN,35mm AF SLR,35mm一眼レフ（AF）,35mm,AF,interchangeable,Canon EF,1991,580,580,580,body only,reference,B,compiled-specs,camera-body,350,290,425
canoncanoneos3,camera,Canon,Canon EOS 3,EOS3 | キャノン | キヤノン | Canon EOS Rebel Ti aka Canon EOS Kiss 5 aka Canon EOS 300V | Canon EOS Rebel 2000 aka Canon EOS Kiss III aka Canon EOS 300,35mm AF SLR,35mm一眼レフ（AF）,35mm,AF,interchangeable,Canon EF,1998,780,780,780,body only,reference,B,compiled-specs,camera-body,350,290,425
canoncanoneos5,camera,Canon,Canon EOS 5,EOS A2 | EOS A2E | キャノン | キヤノン | Canon EOS Elan II aka Canon EOS 50 | Canon EOS Elan IIe aka Canon EOS 55 aka Canon EOS 50E | Canon EOS A2 | Canon EOS A2E aka Canon EOS 5 QD aka Canon EOS 5,35mm AF SLR,35mm一眼レフ（AF）,35mm,AF,interchangeable,Canon EF,1992,675,675,675,body only,reference,B,compiled-specs,camera-body,350,290,425
canoncanoneos620,camera,Canon,Canon EOS 620,EOS620 | キャノン | キヤノン,35mm AF SLR,35mm一眼レフ（AF）,35mm,AF,interchangeable,Canon EF,1987,700,700,700,body only,reference,B,compiled-specs,camera-body,350,290,425
canoncanoneos650,camera,Canon,Canon EOS 650,EOS650 | キャノン | キヤノン,35mm AF SLR,35mm一眼レフ（AF）,35mm,AF,interchangeable,Canon EF,1987,660,660,660,body only,reference,B,compiled-specs,camera-body,350,290,425
canoncanoneos7,camera,Canon,Canon EOS 7,EOS 30 | Elan 7 | キャノン | キヤノン,35mm AF SLR,35mm一眼レフ（AF）,35mm,AF,interchangeable,Canon EF,2000,575,575,575,body without batteries,reference,B,compiled-specs,camera-body,350,290,425
canoncanoneoselan7n,camera,Canon,Canon EOS Elan 7N,EOS 30V | EOS 33V | キャノン | キヤノン | Canon EOS Elan 7NE,35mm AF SLR,35mm一眼レフ（AF）,35mm,AF,interchangeable,Canon EF,2004,580,580,580,body without batteries,reference,C,published-secondary,camera-body,350,290,425
canoncanoneosix,camera,Canon,Canon EOS IX,EOS IX E | キャノン | キヤノン,APS SLR,APS一眼レフ,APS,AF,interchangeable,Canon FD,1996,570,570,570,body without batteries,reference,C,published-secondary,compact-heavy,320,260,390
canoncanoneosixlite,camera,Canon,Canon EOS IX Lite,EOS IX 7 | EOS IX Lite | キャノン | キヤノン,APS SLR,APS一眼レフ,APS,AF,interchangeable,Canon FD,1996,390,390,390,body without batteries,reference,C,published-secondary,compact-heavy,320,260,390
canoncanoneoskiss,camera,Canon,Canon EOS Kiss,EOS 500 | Rebel XS | キャノン | キヤノン | Canon EOS Rebel G aka Canon New EOS Kiss aka Canon EOS 500N | Canon EOS Rebel XS,35mm AF SLR,35mm一眼レフ（AF）,35mm,AF,interchangeable,Canon EF,1993,370,370,370,body only,reference,B,compiled-specs,camera-body,350,290,425
canoncanoneosrebelgii,camera,Canon,Canon EOS Rebel GII,EOS 3000N | キャノン | キヤノン,35mm AF SLR,35mm一眼レフ（AF）,35mm,AF,interchangeable,Canon EF,2003,365,365,365,body without batteries,reference,C,published-secondary,camera-body,350,290,425
canoncanoneosrebelx,camera,Canon,Canon EOS Rebel X,キャノン | キヤノン,35mm AF SLR,35mm一眼レフ（AF）,35mm,AF,interchangeable,Canon EF,1993,,380,780,同ジャンルの既知機種からの推定範囲,genre-estimate,D,open-model-catalog,camera-body,350,290,425
canoncanoneos1,camera,Canon,Canon EOS-1,EOS 1 | キャノン | キヤノン | Canon EOS 1V HS | Canon EOS-1n RS,35mm AF SLR,35mm一眼レフ（AF）,35mm,AF,interchangeable,Canon EF,1989,890,890,890,body only,reference,B,compiled-specs,camera-large,460,380,560
canoncanoneos1n,camera,Canon,Canon EOS-1N,EOS 1N | キャノン | キヤノン,35mm AF SLR,35mm一眼レフ（AF）,35mm,AF,interchangeable,Canon EF,1994,855,855,855,body only,reference,B,compiled-specs,camera-large,460,380,560
canoncanoneos1v,camera,Canon,Canon EOS-1V,EOS 1V | キャノン | キヤノン,35mm AF SLR,35mm一眼レフ（AF）,35mm,AF,interchangeable,Canon EF,2000,945,945,945,body without batteries,reference,B,compiled-specs,camera-large,460,380,560
canoncanonexauto,camera,Canon,Canon EX AUTO,キャノン | キヤノン,35mm MF SLR,35mm一眼レフ（MF）,35mm,MF,interchangeable,EX,1972,,470,745,同ジャンルの既知機種からの推定範囲,genre-estimate,D,open-model-catalog,camera-body,350,290,425
canoncanonexee,camera,Canon,Canon EX EE,キャノン | キヤノン,35mm MF SLR,35mm一眼レフ（MF）,35mm,MF,interchangeable,EX,1969,,470,745,同ジャンルの既知機種からの推定範囲,genre-estimate,D,open-model-catalog,camera-body,350,290,425
canoncanonf1,camera,Canon,Canon F-1,Old F-1 | キャノン | キヤノン | Canon F-1 New,35mm MF SLR,35mm一眼レフ（MF）,35mm,MF,interchangeable,Canon FD,1971,820,820,820,body with eye-level finder,reference,B,compiled-specs,camera-body,350,290,425
canoncanonfa,camera,Canon,Canon F-A,キャノン | キヤノン,35mm MF SLR,35mm一眼レフ（MF）,35mm,MF,interchangeable,Canon FD,,,470,745,同ジャンルの既知機種からの推定範囲,genre-estimate,D,open-model-catalog,camera-body,350,290,425
canoncanonfd100300mmf56,lens,Canon,Canon FD 100-300mm f/5.6,キャノン | キヤノン,35mm manual-focus lens,35mm MFレンズ,35mm,MF,lens,Canon FD,,,165,250,同ジャンルの既知機種からの推定範囲,genre-estimate,D,open-model-catalog,lens-small,210,165,260
canoncanonfd100mmf28,lens,Canon,Canon FD 100mm f/2.8,キャノン | キヤノン,35mm manual-focus lens,35mm MFレンズ,35mm,MF,lens,Canon FD,,,165,250,同ジャンルの既知機種からの推定範囲,genre-estimate,D,open-model-catalog,lens-small,210,165,260
canoncanonfd100mmf4macro,lens,Canon,Canon FD 100mm f/4 Macro,キャノン | キヤノン,35mm manual-focus lens,35mm MFレンズ,35mm,MF,lens,Canon FD,,,165,250,同ジャンルの既知機種からの推定範囲,genre-estimate,D,open-model-catalog,lens-small,210,165,260
canoncanonfd135mmf25,lens,Canon,Canon FD 135mm f/2.5,キャノン | キヤノン,35mm manual-focus lens,35mm MFレンズ,35mm,MF,lens,Canon FD,,,165,250,同ジャンルの既知機種からの推定範囲,genre-estimate,D,open-model-catalog,lens-small,210,165,260
canoncanonfd135mmf25sc,lens,Canon,Canon FD 135mm f/2.5 S.C.,キャノン | キヤノン,35mm manual-focus lens,35mm MFレンズ,35mm,MF,lens,Canon FD,,,165,250,同ジャンルの既知機種からの推定範囲,genre-estimate,D,open-model-catalog,lens-small,210,165,260
canoncanonfd135mmf35,lens,Canon,Canon FD 135mm f/3.5,キャノン | キヤノン,35mm manual-focus lens,35mm MFレンズ,35mm,MF,lens,Canon FD,,,165,250,同ジャンルの既知機種からの推定範囲,genre-estimate,D,open-model-catalog,lens-small,210,165,260
canoncanonfd200mmf28if,lens,Canon,Canon FD 200mm f/2.8 IF,キャノン | キヤノン,35mm manual-focus lens,35mm MFレンズ,35mm,MF,lens,Canon FD,,,165,250,同ジャンルの既知機種からの推定範囲,genre-estimate,D,open-model-catalog,lens-small,210,165,260
canoncanonfd28mmf28,lens,Canon,Canon FD 28mm f/2.8,New FD 28 2.8 | キャノン | キヤノン | Canon 28mm f/2.8,35mm manual-focus lens,35mm MFレンズ,35mm,MF,lens,Canon FD,1979,170,170,170,"lens only, without caps",reference,B,compiled-specs,lens-small,210,165,260
canoncanonfd28mmf35sc,lens,Canon,Canon FD 28mm f/3.5 S.C.,キャノン | キヤノン,35mm manual-focus lens,35mm MFレンズ,35mm,MF,lens,Canon FD,,,165,250,同ジャンルの既知機種からの推定範囲,genre-estimate,D,open-model-catalog,lens-small,210,165,260
canoncanonfd300mmf28l,lens,Canon,Canon FD 300mm f/2.8 L,キャノン | キヤノン,35mm manual-focus lens,35mm MFレンズ,35mm,MF,lens,Canon FD,,,165,250,同ジャンルの既知機種からの推定範囲,genre-estimate,D,open-model-catalog,lens-small,210,165,260
canoncanonfd300mmf4,lens,Canon,Canon FD 300mm f/4,キャノン | キヤノン,35mm manual-focus lens,35mm MFレンズ,35mm,MF,lens,Canon FD,,,165,250,同ジャンルの既知機種からの推定範囲,genre-estimate,D,open-model-catalog,lens-small,210,165,260
canoncanonfd300mmf56sc,lens,Canon,Canon FD 300mm f/5.6 S.C.,キャノン | キヤノン,35mm manual-focus lens,35mm MFレンズ,35mm,MF,lens,Canon FD,,,165,250,同ジャンルの既知機種からの推定範囲,genre-estimate,D,open-model-catalog,lens-small,210,165,260
canoncanonfd35105mmf35macro,lens,Canon,Canon FD 35-105mm f/3.5 Macro,キャノン | キヤノン,35mm manual-focus lens,35mm MFレンズ,35mm,MF,lens,Canon FD,,,165,250,同ジャンルの既知機種からの推定範囲,genre-estimate,D,open-model-catalog,lens-small,210,165,260
canoncanonfd3570mmf3545macro,lens,Canon,Canon FD 35-70mm f/3.5-4.5 Macro,キャノン | キヤノン,35mm manual-focus lens,35mm MFレンズ,35mm,MF,lens,Canon FD,,,165,250,同ジャンルの既知機種からの推定範囲,genre-estimate,D,open-model-catalog,lens-small,210,165,260
canoncanonfd35mmf2ssc,lens,Canon,Canon FD 35mm f/2 S.S.C.,キャノン | キヤノン,35mm manual-focus lens,35mm MFレンズ,35mm,MF,lens,Canon FD,,,165,250,同ジャンルの既知機種からの推定範囲,genre-estimate,D,open-model-catalog,lens-small,210,165,260
canoncanonfd35mmf28,lens,Canon,Canon FD 35mm f/2.8,New FD 35 2.8 | キャノン | キヤノン | Canon FD 35mm f/2.8 Tilt Shift SSC | Canon 35mm f/2.8 | Canon FD 35mm f/2,35mm manual-focus lens,35mm MFレンズ,35mm,MF,lens,Canon FD,1979,165,165,165,"lens only, without caps",reference,B,compiled-specs,lens-small,210,165,260
canoncanonfd50mmf12,lens,Canon,Canon FD 50mm f/1.2,キャノン | キヤノン,35mm manual-focus lens,35mm MFレンズ,35mm,MF,lens,Canon FD,,,165,250,同ジャンルの既知機種からの推定範囲,genre-estimate,D,open-model-catalog,lens-small,210,165,260
canoncanonfd50mmf14,lens,Canon,Canon FD 50mm f/1.4,New FD 50 1.4 | キャノン | キヤノン,35mm manual-focus lens,35mm MFレンズ,35mm,MF,lens,Canon FD,1979,235,235,235,"lens only, without caps",reference,B,compiled-specs,lens-small,210,165,260
canoncanonfd50mmf18,lens,Canon,Canon FD 50mm f/1.8,New FD 50 1.8 | キャノン | キヤノン | Canon 50mm f/1.8 | Canon FD 50mm f/1.8 S.C.,35mm manual-focus lens,35mm MFレンズ,35mm,MF,lens,Canon FD,1979,170,170,170,"lens only, without caps",reference,B,compiled-specs,lens-small,210,165,260
canoncanonfd80200f4l,lens,Canon,Canon FD 80-200 f/4L,キャノン | キヤノン,35mm manual-focus lens,35mm MFレンズ,35mm,MF,lens,Canon FD,,,165,250,同ジャンルの既知機種からの推定範囲,genre-estimate,D,open-model-catalog,lens-small,210,165,260
canoncanonfd85mmf12l,lens,Canon,Canon FD 85mm f/1.2L,キャノン | キヤノン,35mm manual-focus lens,35mm MFレンズ,35mm,MF,lens,Canon FD,,,165,250,同ジャンルの既知機種からの推定範囲,genre-estimate,D,open-model-catalog,lens-small,210,165,260
canoncanonfd85mmf18,lens,Canon,Canon FD 85mm f/1.8,キャノン | キヤノン,35mm manual-focus lens,35mm MFレンズ,35mm,MF,lens,Canon FD,,,165,250,同ジャンルの既知機種からの推定範囲,genre-estimate,D,open-model-catalog,lens-small,210,165,260
canoncanonfl100mmf35,lens,Canon,Canon FL 100mm f/3.5,キャノン | キヤノン,35mm manual-focus lens,35mm MFレンズ,35mm,MF,lens,Canon FL,,,165,250,同ジャンルの既知機種からの推定範囲,genre-estimate,D,open-model-catalog,lens-small,210,165,260
canoncanonfl135mmf25,lens,Canon,Canon FL 135mm f/2.5,キャノン | キヤノン,35mm manual-focus lens,35mm MFレンズ,35mm,MF,lens,Canon FL,,,165,250,同ジャンルの既知機種からの推定範囲,genre-estimate,D,open-model-catalog,lens-small,210,165,260
canoncanonfl19mmf35,lens,Canon,Canon FL 19mm f/3.5,キャノン | キヤノン,35mm manual-focus lens,35mm MFレンズ,35mm,MF,lens,Canon FL,,,165,250,同ジャンルの既知機種からの推定範囲,genre-estimate,D,open-model-catalog,lens-small,210,165,260
canoncanonfl200mmf35,lens,Canon,Canon FL 200mm f/3.5,キャノン | キヤノン,35mm manual-focus lens,35mm MFレンズ,35mm,MF,lens,Canon FL,,,165,250,同ジャンルの既知機種からの推定範囲,genre-estimate,D,open-model-catalog,lens-small,210,165,260
canoncanonfl28mmf35,lens,Canon,Canon FL 28mm f/3.5,キャノン | キヤノン,35mm manual-focus lens,35mm MFレンズ,35mm,MF,lens,Canon FL,,,165,250,同ジャンルの既知機種からの推定範囲,genre-estimate,D,open-model-catalog,lens-small,210,165,260
canoncanonfl35mmf25,lens,Canon,Canon FL 35mm f/2.5,キャノン | キヤノン,35mm manual-focus lens,35mm MFレンズ,35mm,MF,lens,Canon FL,,,165,250,同ジャンルの既知機種からの推定範囲,genre-estimate,D,open-model-catalog,lens-small,210,165,260
canoncanonfl50mmf14,lens,Canon,Canon FL 50mm f/1.4,キャノン | キヤノン,35mm manual-focus lens,35mm MFレンズ,35mm,MF,lens,Canon FL,,,165,250,同ジャンルの既知機種からの推定範囲,genre-estimate,D,open-model-catalog,lens-small,210,165,260
canoncanonfl50mmf14ii,lens,Canon,Canon FL 50mm f/1.4 II,キャノン | キヤノン,35mm manual-focus lens,35mm MFレンズ,35mm,MF,lens,Canon FL,,,165,250,同ジャンルの既知機種からの推定範囲,genre-estimate,D,open-model-catalog,lens-small,210,165,260
canoncanonfl50mmf18,lens,Canon,Canon FL 50mm f/1.8,キャノン | キヤノン,35mm manual-focus lens,35mm MFレンズ,35mm,MF,lens,Canon FL,,,165,250,同ジャンルの既知機種からの推定範囲,genre-estimate,D,open-model-catalog,lens-small,210,165,260
canoncanonfl50mmf35,lens,Canon,Canon FL 50mm f/3.5,キャノン | キヤノン,35mm manual-focus lens,35mm MFレンズ,35mm,MF,lens,Canon FL,,,165,250,同ジャンルの既知機種からの推定範囲,genre-estimate,D,open-model-catalog,lens-small,210,165,260
canoncanonfl55mmf12,lens,Canon,Canon FL 55mm f/1.2,キャノン | キヤノン,35mm manual-focus lens,35mm MFレンズ,35mm,MF,lens,Canon FL,,,165,250,同ジャンルの既知機種からの推定範囲,genre-estimate,D,open-model-catalog,lens-small,210,165,260
canoncanonfl58mmf12,lens,Canon,Canon FL 58mm f/1.2,キャノン | キヤノン,35mm manual-focus lens,35mm MFレンズ,35mm,MF,lens,Canon FL,,,165,250,同ジャンルの既知機種からの推定範囲,genre-estimate,D,open-model-catalog,lens-small,210,165,260
canoncanonfl85mmf18,lens,Canon,Canon FL 85mm f/1.8,キャノン | キヤノン,35mm manual-focus lens,35mm MFレンズ,35mm,MF,lens,Canon FL,,,165,250,同ジャンルの既知機種からの推定範囲,genre-estimate,D,open-model-catalog,lens-small,210,165,260
canoncanonfp,camera,Canon,Canon FP,FP | キャノン | キヤノン,35mm MF SLR,35mm一眼レフ（MF）,35mm,MF,interchangeable,Canon FD,1964,650,650,650,body only,reference,C,published-secondary,camera-body,350,290,425
canoncanonftql,camera,Canon,Canon FT QL,FTQL | キャノン | キヤノン,35mm MF SLR,35mm一眼レフ（MF）,35mm,MF,interchangeable,Canon FD,1966,740,740,740,body only,reference,C,published-secondary,camera-body,350,290,425
canoncanonftbn,camera,Canon,Canon FTb-N,FTb New | FTbN | キャノン | キヤノン,35mm MF SLR,35mm一眼レフ（MF）,35mm,MF,interchangeable,Canon FD,1973,750,750,750,body only,reference,C,published-secondary,camera-body,350,290,425
canoncanonfx,camera,Canon,Canon FX,FX | キャノン | キヤノン,35mm MF SLR,35mm一眼レフ（MF）,35mm,MF,interchangeable,Canon FD,1964,660,660,660,body only,reference,C,published-secondary,camera-body,350,290,425
canoncanoniib,camera,Canon,Canon II B,Canon S IIb | キャノン | キヤノン,Vintage film camera,その他・クラシックカメラ,35mm,MF,interchangeable,Leica screw,1949,,350,1000,同ジャンルの既知機種からの推定範囲,genre-estimate,D,open-model-catalog,camera-large,460,380,560
canoncanoniid,camera,Canon,Canon II D,キャノン | キヤノン,Vintage film camera,その他・クラシックカメラ,35mm,MF,interchangeable,Leica screw,1952,,350,1000,同ジャンルの既知機種からの推定範囲,genre-estimate,D,open-model-catalog,camera-large,460,380,560
canoncanoniif,camera,Canon,Canon II F,キャノン | キヤノン,Vintage film camera,その他・クラシックカメラ,35mm,MF,interchangeable,Leica screw,1953,,350,1000,同ジャンルの既知機種からの推定範囲,genre-estimate,D,open-model-catalog,camera-large,460,380,560
canoncanoniis,camera,Canon,Canon II S,キャノン | キヤノン,Vintage film camera,その他・クラシックカメラ,35mm,MF,interchangeable,Leica screw,1954,,350,1000,同ジャンルの既知機種からの推定範囲,genre-estimate,D,open-model-catalog,camera-large,460,380,560
canoncanoniii,camera,Canon,Canon III,キャノン | キヤノン,35mm interchangeable rangefinder,35mmレンジファインダー（レンズ交換式）,35mm,MF,interchangeable,Leica screw,1951,,430,610,同ジャンルの既知機種からの推定範囲,genre-estimate,D,open-model-catalog,compact-heavy,320,260,390
canoncanoniiia,camera,Canon,Canon III A,キャノン | キヤノン,35mm interchangeable rangefinder,35mmレンジファインダー（レンズ交換式）,35mm,MF,interchangeable,Leica screw,1951,,430,610,同ジャンルの既知機種からの推定範囲,genre-estimate,D,open-model-catalog,compact-heavy,320,260,390
canoncanoniv,camera,Canon,Canon IV,キャノン | キヤノン,35mm interchangeable rangefinder,35mmレンジファインダー（レンズ交換式）,35mm,MF,interchangeable,Leica screw,1951,,430,610,同ジャンルの既知機種からの推定範囲,genre-estimate,D,open-model-catalog,compact-heavy,320,260,390
canoncanonivs,camera,Canon,Canon IV S,キャノン | キヤノン,35mm interchangeable rangefinder,35mmレンジファインダー（レンズ交換式）,35mm,MF,interchangeable,Leica screw,1952,,430,610,同ジャンルの既知機種からの推定範囲,genre-estimate,D,open-model-catalog,compact-heavy,320,260,390
canoncanonivsb,camera,Canon,Canon IV Sb,キャノン | キヤノン,35mm interchangeable rangefinder,35mmレンジファインダー（レンズ交換式）,35mm,MF,interchangeable,Leica screw,1952,,430,610,同ジャンルの既知機種からの推定範囲,genre-estimate,D,open-model-catalog,compact-heavy,320,260,390
canoncanonixusl1,camera,Canon,Canon IXUS L-1,ELPH 10 | IXY 10 | キャノン | キヤノン,APS compact,APSコンパクト,APS,AF,fixed,Fixed lens,1997,180,180,180,without battery,reference,B,compiled-specs,compact-slim,215,175,260
canoncanonjii,camera,Canon,Canon J II,Canon J II Post-War Popular Model | キャノン | キヤノン,Vintage film camera,その他・クラシックカメラ,35mm,MF,interchangeable,Threaded,1946,,350,1000,同ジャンルの既知機種からの推定範囲,genre-estimate,D,open-model-catalog,camera-large,460,380,560
canoncanonmotordrivema,accessory,Canon,Canon Motor Drive MA,Motor Drive MA | キャノン | キヤノン,Motor drive / winder,モータードライブ・ワインダー,accessory,,,,1978,705,705,705,without batteries,reference,B,compiled-specs,accessory-box,145,110,190
canoncanonmpe65mmf2815xmacro,lens,Canon,Canon MP-E65mm f/2.8 1-5X Macro,キャノン | キヤノン,35mm autofocus lens,35mm AFレンズ,35mm,AF,lens,Canon EF,1999,,155,290,同ジャンルの既知機種からの推定範囲,genre-estimate,D,open-model-catalog,lens-medium,315,255,385
canoncanonnewcanonet28,camera,Canon,Canon New Canonet 28,Canonet 28 | キャノン | キヤノン,35mm fixed-lens rangefinder,35mmレンジファインダー（固定レンズ）,35mm,MF,fixed,Fixed lens,1971,540,540,540,with fixed lens,reference,C,published-secondary,compact-heavy,320,260,390
canoncanonnewf1,camera,Canon,Canon New F-1,F-1N | New F1 | キャノン | キヤノン,35mm MF SLR,35mm一眼レフ（MF）,35mm,MF,interchangeable,Canon FD,1981,795,795,795,body with eye-level finder,reference,B,compiled-specs,camera-body,350,290,425
canoncanonp,camera,Canon,Canon P,Canon P | キャノン | キヤノン | Canon Pellix QL | Canon P aka Canon Populaire,35mm interchangeable rangefinder,35mmレンジファインダー（レンズ交換式）,35mm,MF,interchangeable,Canon LTM,1959,640,640,640,body only,reference,B,compiled-specs,compact-heavy,320,260,390
canoncanonpowerwindera,accessory,Canon,Canon Power Winder A,Power Winder A | キャノン | キヤノン,Motor drive / winder,モータードライブ・ワインダー,accessory,,,,1976,300,300,300,without batteries,reference,B,compiled-specs,accessory-box,145,110,190
canoncanonprimaaf8,camera,Canon,Canon Prima AF-8,Prima AF-8 | Prima AF 8 | PrimaAF-8 | キヤノン | キャノン,35mm AF compact,35mm AFコンパクト,35mm,AF,fixed,Fixed lens,,,160,430,同系統の既知機種からの推定範囲。出品前に実測推奨,genre-estimate,D,expanded-compact-rangefinder-2026,compact-standard,270,220,325
canoncanonprimamini,camera,Canon,Canon Prima Mini,Autoboy F | Sure Shot M | キャノン | キヤノン,35mm AF compact,35mm AFコンパクト,35mm,AF,fixed,Fixed lens,1992,160,160,160,without battery,reference,B,compiled-specs,compact-slim,215,175,260
canoncanonr50mmf18supercanomatic,lens,Canon,Canon R 50mm f/1.8 Super-Canomatic,キャノン | キヤノン,35mm manual-focus lens,35mm MFレンズ,35mm,MF,lens,Canon R,,,165,250,同ジャンルの既知機種からの推定範囲,genre-estimate,D,open-model-catalog,lens-small,210,165,260
canoncanonr58mmf12supercanomatic,lens,Canon,Canon R 58mm f/1.2 Super-Canomatic,キャノン | キヤノン,35mm manual-focus lens,35mm MFレンズ,35mm,MF,lens,Canon R,,,165,250,同ジャンルの既知機種からの推定範囲,genre-estimate,D,open-model-catalog,lens-small,210,165,260
canoncanons,camera,Canon,Canon S,S (Newest Model) | キャノン | キヤノン,Vintage film camera,その他・クラシックカメラ,35mm,MF,interchangeable,,1939,,350,1000,同ジャンルの既知機種からの推定範囲,genre-estimate,D,open-model-catalog,camera-large,460,380,560
canoncanonsi,camera,Canon,Canon S I,S I (Post-War Newest Model) | キャノン | キヤノン,Vintage film camera,その他・クラシックカメラ,35mm,MF,interchangeable,,1946,,350,1000,同ジャンルの既知機種からの推定範囲,genre-estimate,D,open-model-catalog,camera-large,460,380,560
canoncanonsii,camera,Canon,Canon S II,キャノン | キヤノン,Vintage film camera,その他・クラシックカメラ,35mm,MF,interchangeable,Threaded,1946,,350,1000,同ジャンルの既知機種からの推定範囲,genre-estimate,D,open-model-catalog,camera-large,460,380,560
canoncanonserenar50mmf19,lens,Canon,Canon Serenar 50mm f/1.9,キャノン | キヤノン,Rangefinder lens,レンジファインダーレンズ,35mm,MF,lens,Leica screw,,,100,550,同ジャンルの既知機種からの推定範囲,genre-estimate,D,open-model-catalog,lens-medium,315,255,385
canoncanonserenar85mmf2,lens,Canon,Canon Serenar 85mm f/2,キャノン | キヤノン,Rangefinder lens,レンジファインダーレンズ,35mm,MF,lens,Leica screw,,,100,550,同ジャンルの既知機種からの推定範囲,genre-estimate,D,open-model-catalog,lens-medium,315,255,385
canoncanonspeedlite155a,accessory,Canon,Canon Speedlite 155A,155A | キャノン | キヤノン,Flash,フラッシュ,accessory,,,,1976,190,190,190,without batteries,reference,B,compiled-specs,accessory-box,145,110,190
canoncanonspeedlite199a,accessory,Canon,Canon Speedlite 199A,199A | キャノン | キヤノン,Flash,フラッシュ,accessory,,,,1978,310,310,310,without batteries,reference,B,compiled-specs,accessory-box,145,110,190
canoncanonspeedlite300tl,accessory,Canon,Canon Speedlite 300TL,300TL | キャノン | キヤノン,Flash,フラッシュ,accessory,,,,1986,370,370,370,without batteries,reference,B,compiled-specs,accessory-box,145,110,190
canoncanonspeedlite430ez,accessory,Canon,Canon Speedlite 430EZ,430EZ | キャノン | キヤノン,Flash,フラッシュ,accessory,,,,1989,350,350,350,without batteries,reference,B,compiled-specs,accessory-box,145,110,190
canoncanonsureshot105zoom,camera,Canon,Canon Sure Shot 105 Zoom,Sure Shot 105 Zoom | SureShot105Zoom | キヤノン | キャノン,35mm zoom compact,35mmズームコンパクト,35mm,AF,fixed,Fixed lens,,,180,480,同系統の既知機種からの推定範囲。出品前に実測推奨,genre-estimate,D,expanded-compact-rangefinder-2026,compact-standard,270,220,325
canoncanonsureshot115u,camera,Canon,Canon Sure Shot 115u,Sure Shot 115u | SureShot115u | キヤノン | キャノン,35mm zoom compact,35mmズームコンパクト,35mm,AF,fixed,Fixed lens,,,180,480,同系統の既知機種からの推定範囲。出品前に実測推奨,genre-estimate,D,expanded-compact-rangefinder-2026,compact-standard,270,220,325
canoncanonsureshot130u,camera,Canon,Canon Sure Shot 130u,Sure Shot 130u | SureShot130u | キヤノン | キャノン,35mm zoom compact,35mmズームコンパクト,35mm,AF,fixed,Fixed lens,,,180,480,同系統の既知機種からの推定範囲。出品前に実測推奨,genre-estimate,D,expanded-compact-rangefinder-2026,compact-standard,270,220,325
canoncanonsureshot150u,camera,Canon,Canon Sure Shot 150u,Sure Shot 150u | SureShot150u | キヤノン | キャノン,35mm zoom compact,35mmズームコンパクト,35mm,AF,fixed,Fixed lens,,,180,480,同系統の既知機種からの推定範囲。出品前に実測推奨,genre-estimate,D,expanded-compact-rangefinder-2026,compact-standard,270,220,325
canoncanonsureshot80tele,camera,Canon,Canon Sure Shot 80 Tele,Sure Shot 80 Tele | SureShot80Tele | キヤノン | キャノン,35mm zoom compact,35mmズームコンパクト,35mm,AF,fixed,Fixed lens,,,180,480,同系統の既知機種からの推定範囲。出品前に実測推奨,genre-estimate,D,expanded-compact-rangefinder-2026,compact-standard,270,220,325
canoncanonsureshot85zoom,camera,Canon,Canon Sure Shot 85 Zoom,Sure Shot 85 Zoom | SureShot85Zoom | キヤノン | キャノン,35mm zoom compact,35mmズームコンパクト,35mm,AF,fixed,Fixed lens,,,180,480,同系統の既知機種からの推定範囲。出品前に実測推奨,genre-estimate,D,expanded-compact-rangefinder-2026,compact-standard,270,220,325
canoncanonsureshot90u,camera,Canon,Canon Sure Shot 90u,Sure Shot 90u | SureShot90u | キヤノン | キャノン,35mm zoom compact,35mmズームコンパクト,35mm,AF,fixed,Fixed lens,,,180,480,同系統の既知機種からの推定範囲。出品前に実測推奨,genre-estimate,D,expanded-compact-rangefinder-2026,compact-standard,270,220,325
canoncanonsureshotace,camera,Canon,Canon Sure Shot Ace,Sure Shot Ace | SureShotAce | キヤノン | キャノン,35mm AF compact,35mm AFコンパクト,35mm,AF,fixed,Fixed lens,,,160,430,同系統の既知機種からの推定範囲。出品前に実測推奨,genre-estimate,D,expanded-compact-rangefinder-2026,compact-standard,270,220,325
canoncanonsureshotmultitele,camera,Canon,Canon Sure Shot Multi Tele,Sure Shot Multi Tele | SureShotMultiTele | キヤノン | キャノン,35mm AF compact,35mm AFコンパクト,35mm,AF,fixed,Fixed lens,,,160,430,同系統の既知機種からの推定範囲。出品前に実測推奨,genre-estimate,D,expanded-compact-rangefinder-2026,compact-standard,270,220,325
canoncanonsureshotowl,camera,Canon,Canon Sure Shot Owl,Sure Shot Owl | SureShotOwl | キヤノン | キャノン,35mm AF compact,35mm AFコンパクト,35mm,AF,fixed,Fixed lens,,,160,430,同系統の既知機種からの推定範囲。出品前に実測推奨,genre-estimate,D,expanded-compact-rangefinder-2026,compact-standard,270,220,325
canoncanonsureshotsupreme,camera,Canon,Canon Sure Shot Supreme,Sure Shot Supreme | SureShotSupreme | キヤノン | キャノン,35mm AF compact,35mm AFコンパクト,35mm,AF,fixed,Fixed lens,,,160,430,同系統の既知機種からの推定範囲。出品前に実測推奨,genre-estimate,D,expanded-compact-rangefinder-2026,compact-standard,270,220,325
canoncanonsureshottele,camera,Canon,Canon Sure Shot Tele,Sure Shot Tele | SureShotTele | キヤノン | キャノン,35mm AF compact,35mm AFコンパクト,35mm,AF,fixed,Fixed lens,,,160,430,同系統の既知機種からの推定範囲。出品前に実測推奨,genre-estimate,D,expanded-compact-rangefinder-2026,compact-standard,270,220,325
canoncanonsureshottelemax,camera,Canon,Canon Sure Shot Telemax,Sure Shot Telemax | SureShotTelemax | キヤノン | キャノン,35mm AF compact,35mm AFコンパクト,35mm,AF,fixed,Fixed lens,,,160,430,同系統の既知機種からの推定範囲。出品前に実測推奨,genre-estimate,D,expanded-compact-rangefinder-2026,compact-standard,270,220,325
canoncanonsureshotz115,camera,Canon,Canon Sure Shot Z115,Sure Shot Z115 | SureShotZ115 | キヤノン | キャノン,35mm zoom compact,35mmズームコンパクト,35mm,AF,fixed,Fixed lens,,,180,480,同系統の既知機種からの推定範囲。出品前に実測推奨,genre-estimate,D,expanded-compact-rangefinder-2026,compact-standard,270,220,325
canoncanonsureshotz90w,camera,Canon,Canon Sure Shot Z90W,Sure Shot Z90W | SureShotZ90W | キヤノン | キャノン,35mm zoom compact,35mmズームコンパクト,35mm,AF,fixed,Fixed lens,,,180,480,同系統の既知機種からの推定範囲。出品前に実測推奨,genre-estimate,D,expanded-compact-rangefinder-2026,compact-standard,270,220,325
canoncanonsureshotzoom60,camera,Canon,Canon Sure Shot Zoom 60,Sure Shot Zoom 60 | SureShotZoom60 | キヤノン | キャノン,35mm zoom compact,35mmズームコンパクト,35mm,AF,fixed,Fixed lens,,,180,480,同系統の既知機種からの推定範囲。出品前に実測推奨,genre-estimate,D,expanded-compact-rangefinder-2026,compact-standard,270,220,325
canoncanont50,camera,Canon,Canon T50,T50 | キャノン | キヤノン,35mm MF SLR,35mm一眼レフ（MF）,35mm,MF,interchangeable,Canon FD,1983,490,490,490,body only,reference,B,compiled-specs,camera-body,350,290,425
canoncanont60,camera,Canon,Canon T60,T60 | キャノン | キヤノン,35mm MF SLR,35mm一眼レフ（MF）,35mm,MF,interchangeable,Canon FD,1990,500,500,500,body without batteries,reference,C,published-secondary,camera-body,350,290,425
canoncanont70,camera,Canon,Canon T70,T70 | キャノン | キヤノン,35mm MF SLR,35mm一眼レフ（MF）,35mm,MF,interchangeable,Canon FD,1984,580,580,580,body only,reference,B,compiled-specs,camera-body,350,290,425
canoncanont80,camera,Canon,Canon T80,T80 | キャノン | キヤノン,35mm AF SLR,35mm一眼レフ（AF）,35mm,AF,interchangeable,Canon EF,1985,555,555,555,body without batteries,reference,C,published-secondary,camera-body,350,290,425
canoncanont90,camera,Canon,Canon T90,T90 | キャノン | キヤノン,35mm MF SLR,35mm一眼レフ（MF）,35mm,MF,interchangeable,Canon FD,1986,800,800,800,body only,reference,B,compiled-specs,camera-body,350,290,425
canoncanontlb,camera,Canon,Canon TLb,TLb | キャノン | キヤノン | Canon TL,35mm MF SLR,35mm一眼レフ（MF）,35mm,MF,interchangeable,Canon FD,1976,620,620,620,body only,reference,C,published-secondary,camera-body,350,290,425
canoncanontse24mmf35lii,lens,Canon,Canon TS-E 24mm f/3.5L II,キャノン | キヤノン,35mm manual-focus lens,35mm MFレンズ,35mm,MF,lens,,2009,,165,250,同ジャンルの既知機種からの推定範囲,genre-estimate,D,open-model-catalog,lens-small,210,165,260
canoncanontse45mmf28,lens,Canon,Canon TS-E 45mm f/2.8,キャノン | キヤノン,35mm autofocus lens,35mm AFレンズ,35mm,AF,lens,Canon EF,1991,,155,290,同ジャンルの既知機種からの推定範囲,genre-estimate,D,open-model-catalog,lens-medium,315,255,385
canoncanontse24mmf35l,lens,Canon,Canon TS-E24mm f/3.5L,キャノン | キヤノン,35mm autofocus lens,35mm AFレンズ,35mm,AF,lens,Canon EF,1991,,155,290,同ジャンルの既知機種からの推定範囲,genre-estimate,D,open-model-catalog,lens-medium,315,255,385
canoncanontse90mmf28,lens,Canon,Canon TS-E90mm f/2.8,キャノン | キヤノン,35mm autofocus lens,35mm AFレンズ,35mm,AF,lens,Canon EF,1991,,155,290,同ジャンルの既知機種からの推定範囲,genre-estimate,D,open-model-catalog,lens-medium,315,255,385
canoncanontx,camera,Canon,Canon TX,TX | キャノン | キヤノン,35mm MF SLR,35mm一眼レフ（MF）,35mm,MF,interchangeable,Canon FD,1975,620,620,620,body only,reference,C,published-secondary,camera-body,350,290,425
canoncanonvil,camera,Canon,Canon VI-L,VI-L | キャノン | キヤノン,35mm interchangeable rangefinder,35mmレンジファインダー（レンズ交換式）,35mm,MF,interchangeable,Canon LTM,1958,620,620,620,body only,reference,B,compiled-specs,compact-heavy,320,260,390
canoncanonvit,camera,Canon,Canon VI-T,キャノン | キヤノン,35mm interchangeable rangefinder,35mmレンジファインダー（レンズ交換式）,35mm,MF,interchangeable,Leica screw,1958,,430,610,同ジャンルの既知機種からの推定範囲,genre-estimate,D,open-model-catalog,compact-heavy,320,260,390
canoncanonvl2,camera,Canon,Canon VL2,キャノン | キヤノン,Vintage film camera,その他・クラシックカメラ,35mm,MF,interchangeable,Leica screw,1958,,350,1000,同ジャンルの既知機種からの推定範囲,genre-estimate,D,open-model-catalog,camera-large,460,380,560
canoncanonvtdeluxe,camera,Canon,Canon VT Deluxe,キャノン | キヤノン,Vintage film camera,その他・クラシックカメラ,35mm,MF,interchangeable,Leica screw,1957,,350,1000,同ジャンルの既知機種からの推定範囲,genre-estimate,D,open-model-catalog,camera-large,460,380,560
canoncanonet,camera,Canon,Canonet,キヤノン | キャノン,35mm fixed-lens rangefinder,35mmレンジファインダー（固定レンズ）,35mm,MF,fixed,Fixed lens,,,340,700,同系統の既知機種からの推定範囲。出品前に実測推奨,genre-estimate,D,expanded-compact-rangefinder-2026,compact-heavy,320,260,390
canoncanonet28,camera,Canon,Canonet 28,Canonet28 | キヤノン | キャノン,35mm fixed-lens rangefinder,35mmレンジファインダー（固定レンズ）,35mm,MF,fixed,Fixed lens,,,340,700,同系統の既知機種からの推定範囲。出品前に実測推奨,genre-estimate,D,expanded-compact-rangefinder-2026,compact-heavy,320,260,390
canoncanonetjunior,camera,Canon,Canonet Junior,キャノン | キヤノン,35mm fixed-lens rangefinder,35mmレンジファインダー（固定レンズ）,35mm,MF,fixed,Fixed lens,1963,,330,680,同ジャンルの既知機種からの推定範囲,genre-estimate,D,open-model-catalog,compact-heavy,320,260,390
canoncanonetql17,camera,Canon,Canonet QL17,CanonetQL17 | キヤノン | キャノン,35mm fixed-lens rangefinder,35mmレンジファインダー（固定レンズ）,35mm,MF,fixed,Fixed lens,,,340,700,同系統の既知機種からの推定範囲。出品前に実測推奨,genre-estimate,D,expanded-compact-rangefinder-2026,compact-heavy,320,260,390
canoncanonetql17giii,camera,Canon,Canonet QL17 G-III,Canonet GIII | QL17 GIII | キャノン | キヤノン | Canonet G-III 17 | Canonet QL 17 | Canonet,35mm fixed-lens rangefinder,35mmレンジファインダー（固定レンズ）,35mm,MF,fixed,Fixed lens,1972,620,620,620,with battery,reference,B,compiled-specs,compact-heavy,320,260,390
canoncanonetql17l,camera,Canon,Canonet QL17-L,Canonet QL17 L | CanonetQL17-L | キヤノン | キャノン,35mm fixed-lens rangefinder,35mmレンジファインダー（固定レンズ）,35mm,MF,fixed,Fixed lens,,,340,700,同系統の既知機種からの推定範囲。出品前に実測推奨,genre-estimate,D,expanded-compact-rangefinder-2026,compact-heavy,320,260,390
canoncanonetql19,camera,Canon,Canonet QL19,QL19 | キャノン | キヤノン,35mm fixed-lens rangefinder,35mmレンジファインダー（固定レンズ）,35mm,MF,fixed,Fixed lens,1965,620,620,620,body with fixed lens,reference,B,compiled-specs,compact-heavy,320,260,390
canoncanonetql19giii,camera,Canon,Canonet QL19 G-III,Canonet QL19 G III | CanonetQL19G-III | キヤノン | キャノン,35mm fixed-lens rangefinder,35mmレンジファインダー（固定レンズ）,35mm,MF,fixed,Fixed lens,,,340,700,同系統の既知機種からの推定範囲。出品前に実測推奨,genre-estimate,D,expanded-compact-rangefinder-2026,compact-heavy,320,260,390
canoncanonetql25,camera,Canon,Canonet QL25,CanonetQL25 | キヤノン | キャノン,35mm fixed-lens rangefinder,35mmレンジファインダー（固定レンズ）,35mm,MF,fixed,Fixed lens,,,340,700,同系統の既知機種からの推定範囲。出品前に実測推奨,genre-estimate,D,expanded-compact-rangefinder-2026,compact-heavy,320,260,390
canoncanonflex,camera,Canon,Canonflex,キャノン | キヤノン,35mm MF SLR,35mm一眼レフ（MF）,35mm,MF,interchangeable,Canon R,1959,,470,745,同ジャンルの既知機種からの推定範囲,genre-estimate,D,open-model-catalog,camera-body,350,290,425
canoncanonflexrm,camera,Canon,Canonflex RM,キャノン | キヤノン,35mm MF SLR,35mm一眼レフ（MF）,35mm,MF,interchangeable,Canon R,1962,,470,745,同ジャンルの既知機種からの推定範囲,genre-estimate,D,open-model-catalog,camera-body,350,290,425
chinonchinon35fa,camera,Chinon,Chinon 35F-A,35F-A | 35F A | チノン,35mm AF compact,35mm AFコンパクト,35mm,AF,fixed,Fixed lens,,,160,430,同系統の既知機種からの推定範囲。出品前に実測推奨,genre-estimate,D,expanded-compact-rangefinder-2026,compact-standard,270,220,325
chinonchinonauto3001,camera,Chinon,Chinon Auto 3001,Auto 3001 | Auto3001 | チノン,35mm AF compact,35mm AFコンパクト,35mm,AF,fixed,Fixed lens,,,160,430,同系統の既知機種からの推定範囲。出品前に実測推奨,genre-estimate,D,expanded-compact-rangefinder-2026,compact-standard,270,220,325
chinonchinonpocketdualp,camera,Chinon,Chinon Pocket Dual-P,Pocket Dual-P | Pocket Dual P | PocketDual-P | チノン,35mm AF compact,35mm AFコンパクト,35mm,AF,fixed,Fixed lens,,,160,430,同系統の既知機種からの推定範囲。出品前に実測推奨,genre-estimate,D,expanded-compact-rangefinder-2026,compact-standard,270,220,325
contaxcarlzeissplanar50mmf14cy,lens,Contax,Carl Zeiss Planar 50mm f/1.4 C/Y,Planar 50 1.4 | コンタックス,35mm manual-focus lens,35mm MFレンズ,35mm,MF,lens,Contax/Yashica,1975,275,275,275,"lens only, without caps",reference,B,compiled-specs,lens-medium,315,255,385
contaxcarlzeissplanar50mmf17cy,lens,Contax,Carl Zeiss Planar 50mm f/1.7 C/Y,Planar 50 1.7 | コンタックス,35mm manual-focus lens,35mm MFレンズ,35mm,MF,lens,Contax/Yashica,1975,190,190,190,"lens only, without caps",reference,B,compiled-specs,lens-small,210,165,260
contaxcontax120mmf4planartapomakro645,lens,Contax,Contax 120mm f/4 Planar T* APO-Makro 645,コンタックス,Medium-format lens,中判レンズ,120,MF,lens,Pentax 645,,,460,610,同ジャンルの既知機種からの推定範囲,genre-estimate,D,open-model-catalog,lens-medium,315,255,385
contaxcontax139quartz,camera,Contax,Contax 139 Quartz,139Q | コンタックス,35mm MF SLR,35mm一眼レフ（MF）,35mm,MF,interchangeable,Contax/Yashica,1979,500,500,500,body only,reference,B,compiled-specs,camera-body,350,290,425
contaxcontax167mt,camera,Contax,Contax 167MT,167 MT | コンタックス,35mm MF SLR,35mm一眼レフ（MF）,35mm,MF,interchangeable,Contax/Yashica,1986,620,620,620,body only,reference,B,compiled-specs,camera-body,350,290,425
contaxcontax645,camera,Contax,Contax 645,コンタックス,Medium-format SLR,中判一眼レフ,120,AF,interchangeable,Pentax 645,1998,,1210,1800,同ジャンルの既知機種からの推定範囲,genre-estimate,D,open-model-catalog,reinforced-xl,650,520,800
contaxcontax80mmf2planart,lens,Contax,Contax 80mm f/2 Planar T*,コンタックス,Medium-format lens,中判レンズ,120,MF,lens,Pentax 645,,,460,610,同ジャンルの既知機種からの推定範囲,genre-estimate,D,open-model-catalog,lens-medium,315,255,385
contaxcontaxaria,camera,Contax,Contax Aria,Aria | コンタックス,35mm MF SLR,35mm一眼レフ（MF）,35mm,MF,interchangeable,Contax/Yashica,1998,460,460,460,body only,reference,B,compiled-specs,camera-body,350,290,425
contaxcontaxax,camera,Contax,Contax AX,AX | コンタックス,35mm AF SLR,35mm一眼レフ（AF）,35mm,AF,interchangeable,Contax/Yashica,1996,1080,1080,1080,body only,reference,B,compiled-specs,camera-large,460,380,560
contaxcontaxcarlzeiss25mmf28tdistagon,lens,Contax,Contax Carl Zeiss 25mm f/2.8 T* Distagon,コンタックス,35mm manual-focus lens,35mm MFレンズ,35mm,MF,lens,Contax/Yashica,,,165,250,同ジャンルの既知機種からの推定範囲,genre-estimate,D,open-model-catalog,lens-small,210,165,260
contaxcontaxcarlzeiss2870mmf3545tvarioson,lens,Contax,Contax Carl Zeiss 28-70mm f/3.5-4.5 T* Vario Son,コンタックス,35mm manual-focus lens,35mm MFレンズ,35mm,MF,lens,Contax/Yashica,,,165,250,同ジャンルの既知機種からの推定範囲,genre-estimate,D,open-model-catalog,lens-small,210,165,260
contaxcontaxcarlzeiss50mmf14tplanar,lens,Contax,Contax Carl Zeiss 50mm f/1.4 T* Planar,コンタックス,35mm manual-focus lens,35mm MFレンズ,35mm,MF,lens,Contax/Yashica,,,165,250,同ジャンルの既知機種からの推定範囲,genre-estimate,D,open-model-catalog,lens-small,210,165,260
contaxcontaxcarlzeiss50mmf17tplanar,lens,Contax,Contax Carl Zeiss 50mm f/1.7 T* Planar,コンタックス,35mm manual-focus lens,35mm MFレンズ,35mm,MF,lens,Contax/Yashica,,,165,250,同ジャンルの既知機種からの推定範囲,genre-estimate,D,open-model-catalog,lens-small,210,165,260
contaxcontaxgcarlzeiss35mmf2planart,lens,Contax,Contax G Carl Zeiss 35mm f/2 Planar T*,コンタックス,Rangefinder lens,レンジファインダーレンズ,35mm,MF,lens,Contax G,,,100,550,同ジャンルの既知機種からの推定範囲,genre-estimate,D,open-model-catalog,lens-medium,315,255,385
contaxcontaxgcarlzeiss45mmf2planart,lens,Contax,Contax G Carl Zeiss 45mm f/2 Planar T*,コンタックス,Rangefinder lens,レンジファインダーレンズ,35mm,MF,lens,Contax G,,,100,550,同ジャンルの既知機種からの推定範囲,genre-estimate,D,open-model-catalog,lens-medium,315,255,385
contaxcontaxgcarlzeiss90mmf28sonnart,lens,Contax,Contax G Carl Zeiss 90mm f/2.8 Sonnar T*,コンタックス,Rangefinder lens,レンジファインダーレンズ,35mm,MF,lens,Contax G,,,100,550,同ジャンルの既知機種からの推定範囲,genre-estimate,D,open-model-catalog,lens-medium,315,255,385
contaxcontaxg1,camera,Contax,Contax G1,G1 | コンタックス,35mm interchangeable rangefinder,35mmレンジファインダー（レンズ交換式）,35mm,AF,interchangeable,Contax G,1994,460,460,460,body only,reference,B,compiled-specs,compact-standard,270,220,325
contaxcontaxg2,camera,Contax,Contax G2,G2 | コンタックス,35mm interchangeable rangefinder,35mmレンジファインダー（レンズ交換式）,35mm,AF,interchangeable,Contax G,1996,560,560,560,body only,reference,B,compiled-specs,compact-heavy,320,260,390
contaxcontaxn1,camera,Contax,Contax N1,コンタックス,Vintage film camera,その他・クラシックカメラ,35mm,MF,interchangeable,N,,,350,1000,同ジャンルの既知機種からの推定範囲,genre-estimate,D,open-model-catalog,camera-large,460,380,560
contaxcontaxnx,camera,Contax,Contax NX,コンタックス,Vintage film camera,その他・クラシックカメラ,35mm,MF,interchangeable,N,2002,,350,1000,同ジャンルの既知機種からの推定範囲,genre-estimate,D,open-model-catalog,camera-large,460,380,560
contaxcontaxrts,camera,Contax,Contax RTS,RTS | コンタックス,35mm MF SLR,35mm一眼レフ（MF）,35mm,MF,interchangeable,Contax/Yashica,1975,700,700,700,body only,reference,B,compiled-specs,camera-body,350,290,425
contaxcontaxrtsii,camera,Contax,Contax RTS II,RTS II | コンタックス,35mm MF SLR,35mm一眼レフ（MF）,35mm,MF,interchangeable,Contax/Yashica,1982,735,735,735,body only,reference,B,compiled-specs,camera-body,350,290,425
contaxcontaxrtsiii,camera,Contax,Contax RTS III,RTS III | コンタックス,35mm MF SLR,35mm一眼レフ（MF）,35mm,MF,interchangeable,Contax/Yashica,1990,1150,1150,1150,body only,reference,B,compiled-specs,camera-large,460,380,560
contaxcontaxrx,camera,Contax,Contax RX,RX | コンタックス | Contax RXII,35mm MF SLR,35mm一眼レフ（MF）,35mm,MF,interchangeable,Contax/Yashica,1994,810,810,810,body only,reference,B,compiled-specs,camera-body,350,290,425
contaxcontaxt2,camera,Contax,Contax T2,T2 | コンタックス,Premium 35mm compact,高級35mmコンパクト,35mm,AF,fixed,Fixed lens,1991,295,295,295,with battery,reference,B,compiled-specs,compact-standard,270,220,325
contaxcontaxt3,camera,Contax,Contax T3,T3 | コンタックス,Premium 35mm compact,高級35mmコンパクト,35mm,AF,fixed,Fixed lens,2001,230,230,230,with battery,reference,B,compiled-specs,compact-slim,215,175,260
contaxcontaxtix,camera,Contax,Contax Tix,Tix | コンタックス,APS compact,APSコンパクト,APS,AF,fixed,Fixed lens,1997,365,365,365,with battery,reference,B,compiled-specs,compact-standard,270,220,325
contaxcontaxtvs,camera,Contax,Contax TVS,TVS | コンタックス,Premium 35mm compact,高級35mmコンパクト,35mm,AF,fixed,Fixed lens,1993,375,375,375,with battery,reference,B,compiled-specs,compact-standard,270,220,325
fujicafujicaaz1,camera,Fujica,Fujica AZ-1,,35mm AF SLR,35mm一眼レフ（AF）,35mm,AF,interchangeable,M42,1978,,380,780,同ジャンルの既知機種からの推定範囲,genre-estimate,D,open-model-catalog,camera-body,350,290,425
fujicafujicast701,camera,Fujica,Fujica ST 701,,35mm MF SLR,35mm一眼レフ（MF）,35mm,MF,interchangeable,M42,1971,,470,745,同ジャンルの既知機種からの推定範囲,genre-estimate,D,open-model-catalog,camera-body,350,290,425
fujicafujicast901,camera,Fujica,Fujica ST 901,,35mm MF SLR,35mm一眼レフ（MF）,35mm,MF,interchangeable,M42,1974,,470,745,同ジャンルの既知機種からの推定範囲,genre-estimate,D,open-model-catalog,camera-body,350,290,425
fujifilmfujigw670iiipro,camera,Fujifilm,Fuji GW670 III Pro,,Vintage film camera,その他・クラシックカメラ,120,MF,fixed,Fixed lens,,,350,1000,同ジャンルの既知機種からの推定範囲,genre-estimate,D,open-model-catalog,camera-large,460,380,560
fujifilmfujifilmcardiabyun16,camera,Fujifilm,Fujifilm Cardia Byu-N 16,Cardia Byu-N 16 | Cardia Byu N 16 | CardiaByu-N16 | フジフィルム | 富士フイルム | Fuji,35mm AF compact,35mm AFコンパクト,35mm,AF,fixed,Fixed lens,,,160,430,同系統の既知機種からの推定範囲。出品前に実測推奨,genre-estimate,D,expanded-compact-rangefinder-2026,compact-standard,270,220,325
fujifilmfujifilmcardiahitedate,camera,Fujifilm,Fujifilm Cardia Hite Date,Cardia Hite Date | CardiaHiteDate | フジフィルム | 富士フイルム | Fuji,35mm AF compact,35mm AFコンパクト,35mm,AF,fixed,Fixed lens,,,160,430,同系統の既知機種からの推定範囲。出品前に実測推奨,genre-estimate,D,expanded-compact-rangefinder-2026,compact-standard,270,220,325
fujifilmfujifilmcardiaminieliteop,camera,Fujifilm,Fujifilm Cardia Mini Elite OP,Cardia Mini Elite OP | CardiaMiniEliteOP | フジフィルム | 富士フイルム | Fuji,35mm AF compact,35mm AFコンパクト,35mm,AF,fixed,Fixed lens,,,160,430,同系統の既知機種からの推定範囲。出品前に実測推奨,genre-estimate,D,expanded-compact-rangefinder-2026,compact-standard,270,220,325
fujifilmfujifilmcardiaminieveryday,camera,Fujifilm,Fujifilm Cardia Mini Everyday,Cardia Mini Everyday | CardiaMiniEveryday | フジフィルム | 富士フイルム | Fuji,35mm AF compact,35mm AFコンパクト,35mm,AF,fixed,Fixed lens,,,160,430,同系統の既知機種からの推定範囲。出品前に実測推奨,genre-estimate,D,expanded-compact-rangefinder-2026,compact-standard,270,220,325
fujifilmfujifilmcardiaminitiara,camera,Fujifilm,Fujifilm Cardia Mini Tiara,DL Super Mini | Fuji | FujiFilm | Tiara | フジ | 富士フイルム,35mm AF compact,35mm AFコンパクト,35mm,AF,fixed,Fixed lens,1994,155,155,155,with battery,reference,B,compiled-specs,compact-slim,215,175,260
fujifilmfujifilmcardiatopshot,camera,Fujifilm,Fujifilm Cardia Top Shot,Cardia Top Shot | CardiaTopShot | フジフィルム | 富士フイルム | Fuji,35mm AF compact,35mm AFコンパクト,35mm,AF,fixed,Fixed lens,,,160,430,同系統の既知機種からの推定範囲。出品前に実測推奨,genre-estimate,D,expanded-compact-rangefinder-2026,compact-standard,270,220,325
fujifilmfujifilmcardiatravelmini,camera,Fujifilm,Fujifilm Cardia Travel Mini,Cardia Travel Mini | CardiaTravelMini | フジフィルム | 富士フイルム | Fuji,35mm AF compact,35mm AFコンパクト,35mm,AF,fixed,Fixed lens,,,160,430,同系統の既知機種からの推定範囲。出品前に実測推奨,genre-estimate,D,expanded-compact-rangefinder-2026,compact-standard,270,220,325
fujifilmfujifilmcardiatravelminidualp,camera,Fujifilm,Fujifilm Cardia Travel Mini Dual-P,Cardia Travel Mini Dual-P | Cardia Travel Mini Dual P | CardiaTravelMiniDual-P | フジフィルム | 富士フイルム | Fuji,35mm AF compact,35mm AFコンパクト,35mm,AF,fixed,Fixed lens,,,160,430,同系統の既知機種からの推定範囲。出品前に実測推奨,genre-estimate,D,expanded-compact-rangefinder-2026,compact-standard,270,220,325
fujifilmfujifilmclearshotm,camera,Fujifilm,Fujifilm Clear Shot M,Clear Shot M | ClearShotM | フジフィルム | 富士フイルム | Fuji,35mm AF compact,35mm AFコンパクト,35mm,AF,fixed,Fixed lens,,,160,430,同系統の既知機種からの推定範囲。出品前に実測推奨,genre-estimate,D,expanded-compact-rangefinder-2026,compact-standard,270,220,325
fujifilmfujifilmdl100,camera,Fujifilm,Fujifilm DL-100,DL-100 | DL 100 | フジフィルム | 富士フイルム | Fuji,35mm AF compact,35mm AFコンパクト,35mm,AF,fixed,Fixed lens,,,160,430,同系統の既知機種からの推定範囲。出品前に実測推奨,genre-estimate,D,expanded-compact-rangefinder-2026,compact-standard,270,220,325
fujifilmfujifilmdl200,camera,Fujifilm,Fujifilm DL-200,DL-200 | DL 200 | フジフィルム | 富士フイルム | Fuji,35mm AF compact,35mm AFコンパクト,35mm,AF,fixed,Fixed lens,,,160,430,同系統の既知機種からの推定範囲。出品前に実測推奨,genre-estimate,D,expanded-compact-rangefinder-2026,compact-standard,270,220,325
fujifilmfujifilmdl300,camera,Fujifilm,Fujifilm DL-300,DL-300 | DL 300 | フジフィルム | 富士フイルム | Fuji,35mm AF compact,35mm AFコンパクト,35mm,AF,fixed,Fixed lens,,,160,430,同系統の既知機種からの推定範囲。出品前に実測推奨,genre-estimate,D,expanded-compact-rangefinder-2026,compact-standard,270,220,325
fujifilmfujifilmdl400tele,camera,Fujifilm,Fujifilm DL-400 Tele,DL-400 Tele | DL 400 Tele | DL-400Tele | フジフィルム | 富士フイルム | Fuji,35mm zoom compact,35mmズームコンパクト,35mm,AF,fixed,Fixed lens,,,180,480,同系統の既知機種からの推定範囲。出品前に実測推奨,genre-estimate,D,expanded-compact-rangefinder-2026,compact-standard,270,220,325
fujifilmfujifilmdl500wide,camera,Fujifilm,Fujifilm DL-500 Wide,DL-500 Wide | DL 500 Wide | DL-500Wide | フジフィルム | 富士フイルム | Fuji,35mm zoom compact,35mmズームコンパクト,35mm,AF,fixed,Fixed lens,,,180,480,同系統の既知機種からの推定範囲。出品前に実測推奨,genre-estimate,D,expanded-compact-rangefinder-2026,compact-standard,270,220,325
fujifilmfujifilmdl600zoom,camera,Fujifilm,Fujifilm DL-600 Zoom,DL-600 Zoom | DL 600 Zoom | DL-600Zoom | フジフィルム | 富士フイルム | Fuji,35mm zoom compact,35mmズームコンパクト,35mm,AF,fixed,Fixed lens,,,180,480,同系統の既知機種からの推定範囲。出品前に実測推奨,genre-estimate,D,expanded-compact-rangefinder-2026,compact-standard,270,220,325
fujifilmfujifilmdl700zoom,camera,Fujifilm,Fujifilm DL-700 Zoom,DL-700 Zoom | DL 700 Zoom | DL-700Zoom | フジフィルム | 富士フイルム | Fuji,35mm zoom compact,35mmズームコンパクト,35mm,AF,fixed,Fixed lens,,,180,480,同系統の既知機種からの推定範囲。出品前に実測推奨,genre-estimate,D,expanded-compact-rangefinder-2026,compact-standard,270,220,325
fujifilmfujifilmdl800zoom,camera,Fujifilm,Fujifilm DL-800 Zoom,DL-800 Zoom | DL 800 Zoom | DL-800Zoom | フジフィルム | 富士フイルム | Fuji,35mm zoom compact,35mmズームコンパクト,35mm,AF,fixed,Fixed lens,,,180,480,同系統の既知機種からの推定範囲。出品前に実測推奨,genre-estimate,D,expanded-compact-rangefinder-2026,compact-standard,270,220,325
fujifilmfujifilmdl900zoom,camera,Fujifilm,Fujifilm DL-900 Zoom,DL-900 Zoom | DL 900 Zoom | DL-900Zoom | フジフィルム | 富士フイルム | Fuji,35mm zoom compact,35mmズームコンパクト,35mm,AF,fixed,Fixed lens,,,180,480,同系統の既知機種からの推定範囲。出品前に実測推奨,genre-estimate,D,expanded-compact-rangefinder-2026,compact-standard,270,220,325
fujifilmfujifilmga645,camera,Fujifilm,Fujifilm GA645,Fuji | Fuji GA645 | FujiFilm | フジ | 富士フイルム | FujiFilm GA645 Pro | FujiFilm GA645wi Pro | FujiFilm GA645ZI Pro Zoom,Medium-format rangefinder,中判レンジファインダー,120,AF,fixed,Fixed lens,1995,815,815,815,with fixed lens and batteries,reference,B,compiled-specs,camera-large,460,380,560
fujifilmfujifilmga645i,camera,Fujifilm,Fujifilm GA645i,Fuji | Fuji GA645i | FujiFilm | フジ | 富士フイルム | FujiFilm GA645i Pro,Medium-format rangefinder,中判レンジファインダー,120,AF,fixed,Fixed lens,1997,815,815,815,with fixed lens and batteries,reference,B,compiled-specs,camera-large,460,380,560
fujifilmfujifilmgf670,camera,Fujifilm,Fujifilm GF670,Bessa III | Fuji | FujiFilm | GF670 Professional | フジ | 富士フイルム | FujiFilm GF670W Professional camera | FujiFilm GF670 Professional,Medium-format rangefinder,中判レンジファインダー,120,MF,fixed,Fixed lens,2010,1000,1000,1000,"with fixed lens and battery, published representative value",reference,C,published-secondary,camera-large,460,380,560
fujifilmfujifilmgf670w,camera,Fujifilm,Fujifilm GF670W,Fuji | FujiFilm | GF670W Professional | フジ | 富士フイルム,Medium-format rangefinder,中判レンジファインダー,120,MF,fixed,Fixed lens,2012,1100,1100,1100,"with fixed lens and battery, published representative value",reference,C,published-secondary,camera-large,460,380,560
fujifilmfujifilmgs645s,camera,Fujifilm,Fujifilm GS645S,Fuji | Fuji GS645S | FujiFilm | フジ | 富士フイルム | FujiFilm GS645 | FujiFilm GS645S Pro,Medium-format rangefinder,中判レンジファインダー,120,MF,fixed,Fixed lens,1984,645,645,645,with fixed lens,reference,B,compiled-specs,camera-large,460,380,560
fujifilmfujifilmgs645w,camera,Fujifilm,Fujifilm GS645W,Fuji | Fuji GS645W | FujiFilm | フジ | 富士フイルム,Medium-format rangefinder,中判レンジファインダー,120,MF,fixed,Fixed lens,1983,820,820,820,with fixed lens,reference,B,compiled-specs,camera-large,460,380,560
fujifilmfujifilmgsw690iii,camera,Fujifilm,Fujifilm GSW690III,Fuji | Fuji GSW690 III | FujiFilm | フジ | 富士フイルム,Medium-format rangefinder,中判レンジファインダー,120,MF,fixed,Fixed lens,1992,1480,1480,1480,with fixed lens,reference,B,compiled-specs,camera-large,460,380,560
fujifilmfujifilmgw690iii,camera,Fujifilm,Fujifilm GW690III,Fuji | Fuji GW690 III | FujiFilm | フジ | 富士フイルム | FujiFilm GW690II,Medium-format rangefinder,中判レンジファインダー,120,MF,fixed,Fixed lens,1992,1510,1510,1510,with fixed lens,reference,B,compiled-specs,reinforced-xl,650,520,800
fujifilmfujifilminstaxmini70,camera,Fujifilm,Fujifilm Instax Mini 70,Fuji | FujiFilm | Instax Mini 70 | フジ | 富士フイルム,Instant camera,インスタントカメラ,Instant,AF,fixed,Fixed lens,2015,281,281,281,"without film pack, approximate published specification",reference,C,published-secondary,compact-heavy,320,260,390
fujifilmfujifilminstaxmini90,camera,Fujifilm,Fujifilm Instax Mini 90,Fuji | FujiFilm | Instax Mini 90 Neo Classic | フジ | 富士フイルム,Instant camera,インスタントカメラ,Instax Mini,AF,fixed,Fixed lens,2013,296,296,296,"with battery, no film",reference,B,compiled-specs,compact-heavy,320,260,390
fujifilmfujifilminstaxminiliplay,camera,Fujifilm,Fujifilm Instax Mini LiPlay,Fuji | FujiFilm | Instax LiPlay | フジ | 富士フイルム,Instant camera,インスタントカメラ,Instant,AF,fixed,Fixed lens,2019,255,255,255,"without film pack, approximate published specification",reference,C,published-secondary,compact-heavy,320,260,390
fujifilmfujifilminstaxsquaresq10,camera,Fujifilm,Fujifilm Instax Square SQ10,Fuji | FujiFilm | Instax SQ10 | フジ | 富士フイルム,Instant camera,インスタントカメラ,Instant,AF,fixed,Fixed lens,2017,450,450,450,"without film pack, approximate published specification",reference,C,published-secondary,compact-heavy,320,260,390
fujifilmfujifilminstaxsquaresq20,camera,Fujifilm,Fujifilm Instax Square SQ20,Fuji | FujiFilm | Instax SQ20 | フジ | 富士フイルム,Instant camera,インスタントカメラ,Instant,AF,fixed,Fixed lens,2018,440,440,440,"without film pack, approximate published specification",reference,C,published-secondary,compact-heavy,320,260,390
fujifilmfujifilminstaxwide300,camera,Fujifilm,Fujifilm Instax Wide 300,Fuji | FujiFilm | Instax Wide 300 | フジ | 富士フイルム,Instant camera,インスタントカメラ,Instax Wide,AF,fixed,Fixed lens,2014,612,612,612,without batteries and film,reference,B,compiled-specs,compact-heavy,320,260,390
fujifilmfujifilmklasse,camera,Fujifilm,Fujifilm Klasse,Fuji | Fuji Klasse | FujiFilm | フジ | 富士フイルム,Premium 35mm compact,高級35mmコンパクト,35mm,AF,fixed,Fixed lens,2001,270,270,270,with battery,reference,B,compiled-specs,compact-standard,270,220,325
fujifilmfujifilmklasses,camera,Fujifilm,Fujifilm Klasse S,Klasse S | KlasseS | フジフィルム | 富士フイルム | Fuji,Premium 35mm compact,高級35mmコンパクト,35mm,AF,fixed,Fixed lens,,,160,340,同系統の既知機種からの推定範囲。出品前に実測推奨,genre-estimate,D,expanded-compact-rangefinder-2026,compact-standard,270,220,325
fujifilmfujifilmklassew,camera,Fujifilm,Fujifilm Klasse W,Fuji | Fuji Klasse W | FujiFilm | フジ | 富士フイルム,Premium 35mm compact,高級35mmコンパクト,35mm,AF,fixed,Fixed lens,2006,265,265,265,with battery,reference,B,compiled-specs,compact-standard,270,220,325
fujifilmfujifilmnaturablackf19,camera,Fujifilm,Fujifilm Natura Black F1.9,Natura Black F1.9 | NaturaBlackF1.9 | フジフィルム | 富士フイルム | Fuji,Premium 35mm compact,高級35mmコンパクト,35mm,AF,fixed,Fixed lens,,,160,340,同系統の既知機種からの推定範囲。出品前に実測推奨,genre-estimate,D,expanded-compact-rangefinder-2026,compact-standard,270,220,325
fujifilmfujifilmnaturaclassica,camera,Fujifilm,Fujifilm Natura Classica,Fuji | FujiFilm | Natura Classica | フジ | 富士フイルム,Premium 35mm compact,高級35mmコンパクト,35mm,AF,fixed,Fixed lens,2004,225,225,225,with battery,reference,B,compiled-specs,compact-slim,215,175,260
fujifilmfujifilmnaturas,camera,Fujifilm,Fujifilm Natura S,Fuji | FujiFilm | Natura S | フジ | 富士フイルム,Premium 35mm compact,高級35mmコンパクト,35mm,AF,fixed,Fixed lens,2001,195,195,195,with battery,reference,B,compiled-specs,compact-slim,215,175,260
fujifilmfujifilmsilvi70,camera,Fujifilm,Fujifilm Silvi 70,Silvi 70 | Silvi70 | フジフィルム | 富士フイルム | Fuji,35mm zoom compact,35mmズームコンパクト,35mm,AF,fixed,Fixed lens,,,180,480,同系統の既知機種からの推定範囲。出品前に実測推奨,genre-estimate,D,expanded-compact-rangefinder-2026,compact-standard,270,220,325
fujifilmfujifilmsilvi90,camera,Fujifilm,Fujifilm Silvi 90,Silvi 90 | Silvi90 | フジフィルム | 富士フイルム | Fuji,35mm zoom compact,35mmズームコンパクト,35mm,AF,fixed,Fixed lens,,,180,480,同系統の既知機種からの推定範囲。出品前に実測推奨,genre-estimate,D,expanded-compact-rangefinder-2026,compact-standard,270,220,325
fujifilmfujifilmsilvif28,camera,Fujifilm,Fujifilm Silvi F2.8,Silvi F2.8 | SilviF2.8 | フジフィルム | 富士フイルム | Fuji,Premium 35mm compact,高級35mmコンパクト,35mm,AF,fixed,Fixed lens,,,160,340,同系統の既知機種からの推定範囲。出品前に実測推奨,genre-estimate,D,expanded-compact-rangefinder-2026,compact-standard,270,220,325
fujifilmfujifilmsmartshotplus,camera,Fujifilm,Fujifilm Smart Shot Plus,Smart Shot Plus | SmartShotPlus | フジフィルム | 富士フイルム | Fuji,35mm AF compact,35mm AFコンパクト,35mm,AF,fixed,Fixed lens,,,160,430,同系統の既知機種からの推定範囲。出品前に実測推奨,genre-estimate,D,expanded-compact-rangefinder-2026,compact-standard,270,220,325
fujifilmfujifilmtiaraii,camera,Fujifilm,Fujifilm Tiara II,Tiara II | TiaraII | フジフィルム | 富士フイルム | Fuji,Premium 35mm compact,高級35mmコンパクト,35mm,AF,fixed,Fixed lens,,,160,340,同系統の既知機種からの推定範囲。出品前に実測推奨,genre-estimate,D,expanded-compact-rangefinder-2026,compact-standard,270,220,325
fujifilmfujifilmworkrecordop,camera,Fujifilm,Fujifilm Work Record OP,Work Record OP | WorkRecordOP | フジフィルム | 富士フイルム | Fuji,35mm AF compact,35mm AFコンパクト,35mm,AF,fixed,Fixed lens,,,160,430,同系統の既知機種からの推定範囲。出品前に実測推奨,genre-estimate,D,expanded-compact-rangefinder-2026,compact-standard,270,220,325
fujifilmfujifilmzoomdate115,camera,Fujifilm,Fujifilm Zoom Date 115,Zoom Date 115 | ZoomDate115 | フジフィルム | 富士フイルム | Fuji,35mm zoom compact,35mmズームコンパクト,35mm,AF,fixed,Fixed lens,,,180,480,同系統の既知機種からの推定範囲。出品前に実測推奨,genre-estimate,D,expanded-compact-rangefinder-2026,compact-standard,270,220,325
fujifilmfujifilmzoomdate120,camera,Fujifilm,Fujifilm Zoom Date 120,Zoom Date 120 | ZoomDate120 | フジフィルム | 富士フイルム | Fuji,35mm zoom compact,35mmズームコンパクト,35mm,AF,fixed,Fixed lens,,,180,480,同系統の既知機種からの推定範囲。出品前に実測推奨,genre-estimate,D,expanded-compact-rangefinder-2026,compact-standard,270,220,325
fujifilmfujifilmzoomdate125,camera,Fujifilm,Fujifilm Zoom Date 125,Zoom Date 125 | ZoomDate125 | フジフィルム | 富士フイルム | Fuji,35mm zoom compact,35mmズームコンパクト,35mm,AF,fixed,Fixed lens,,,180,480,同系統の既知機種からの推定範囲。出品前に実測推奨,genre-estimate,D,expanded-compact-rangefinder-2026,compact-standard,270,220,325
fujifilmfujifilmzoomdate130,camera,Fujifilm,Fujifilm Zoom Date 130,Zoom Date 130 | ZoomDate130 | フジフィルム | 富士フイルム | Fuji,35mm zoom compact,35mmズームコンパクト,35mm,AF,fixed,Fixed lens,,,180,480,同系統の既知機種からの推定範囲。出品前に実測推奨,genre-estimate,D,expanded-compact-rangefinder-2026,compact-standard,270,220,325
fujifilmfujifilmzoomdate145,camera,Fujifilm,Fujifilm Zoom Date 145,Zoom Date 145 | ZoomDate145 | フジフィルム | 富士フイルム | Fuji,35mm zoom compact,35mmズームコンパクト,35mm,AF,fixed,Fixed lens,,,180,480,同系統の既知機種からの推定範囲。出品前に実測推奨,genre-estimate,D,expanded-compact-rangefinder-2026,compact-standard,270,220,325
fujifilmfujifilmzoomdate160,camera,Fujifilm,Fujifilm Zoom Date 160,Zoom Date 160 | ZoomDate160 | フジフィルム | 富士フイルム | Fuji,35mm zoom compact,35mmズームコンパクト,35mm,AF,fixed,Fixed lens,,,180,480,同系統の既知機種からの推定範囲。出品前に実測推奨,genre-estimate,D,expanded-compact-rangefinder-2026,compact-standard,270,220,325
fujifilmfujifilmzoomdate70,camera,Fujifilm,Fujifilm Zoom Date 70,Zoom Date 70 | ZoomDate70 | フジフィルム | 富士フイルム | Fuji,35mm zoom compact,35mmズームコンパクト,35mm,AF,fixed,Fixed lens,,,180,480,同系統の既知機種からの推定範囲。出品前に実測推奨,genre-estimate,D,expanded-compact-rangefinder-2026,compact-standard,270,220,325
fujifilmfujifilmzoomdate90,camera,Fujifilm,Fujifilm Zoom Date 90,Zoom Date 90 | ZoomDate90 | フジフィルム | 富士フイルム | Fuji,35mm zoom compact,35mmズームコンパクト,35mm,AF,fixed,Fixed lens,,,180,480,同系統の既知機種からの推定範囲。出品前に実測推奨,genre-estimate,D,expanded-compact-rangefinder-2026,compact-standard,270,220,325
generic120filmroll,accessory,Generic,120 film roll,120 roll,Film / consumable,フィルム・消耗品,120,,,,,28,28,28,one boxed roll,reference,B,compiled-specs,soft-mailer-xs,32,24,45
generic35mmbodycap,accessory,Generic,35mm body cap,body cap,Cap / small accessory,キャップ・小型アクセサリー,accessory,,,,,12,12,12,typical measured range,reference,B,compiled-specs,soft-mailer-xs,32,24,45
generic35mmfilmroll,accessory,Generic,35mm film roll,film roll,Film / consumable,フィルム・消耗品,35mm,,,,,30,30,30,one boxed 36-exposure roll,reference,B,compiled-specs,soft-mailer-xs,32,24,45
generic35mmrearlenscap,accessory,Generic,35mm rear lens cap,rear cap,Cap / small accessory,キャップ・小型アクセサリー,accessory,,,,,18,18,18,typical measured range,reference,B,compiled-specs,soft-mailer-xs,32,24,45
generic49mmfrontlenscap,accessory,Generic,49mm front lens cap,49mm cap,Cap / small accessory,キャップ・小型アクセサリー,accessory,,,,,12,12,12,typical measured range,reference,B,compiled-specs,soft-mailer-xs,32,24,45
generic52mmfrontlenscap,accessory,Generic,52mm front lens cap,52mm cap,Cap / small accessory,キャップ・小型アクセサリー,accessory,,,,,15,15,15,typical measured range,reference,B,compiled-specs,soft-mailer-xs,32,24,45
genericaaalkalinebatteryx4,accessory,Generic,AA alkaline battery x4,4 AA,Battery / power,電池・電源用品,accessory,,,,,96,96,96,four batteries,reference,B,compiled-specs,soft-mailer-sm,48,35,65
genericcameraneckstrap,accessory,Generic,Camera neck strap,neck strap,Strap / case,ストラップ・ケース,accessory,,,,,70,70,70,typical nylon strap,reference,B,compiled-specs,soft-mailer-sm,48,35,65
genericcr123abatteryx2,accessory,Generic,CR123A battery x2,2 CR123A,Battery / power,電池・電源用品,accessory,,,,,34,34,34,two batteries,reference,B,compiled-specs,soft-mailer-sm,48,35,65
genericleathercameracaseforcompact,accessory,Generic,Leather camera case for compact,ever-ready case,Strap / case,ストラップ・ケース,accessory,,,,,180,180,180,typical fitted case,reference,B,compiled-specs,accessory-box,145,110,190
genericsmallsoftlenspouch,accessory,Generic,Small soft lens pouch,lens pouch,Strap / case,ストラップ・ケース,accessory,,,,,45,45,45,typical pouch,reference,B,compiled-specs,soft-mailer-sm,48,35,65
graflexgraflex22,camera,Graflex,Graflex 22,グラフレックス,Vintage film camera,その他・クラシックカメラ,120,MF,fixed,Fixed lens,1952,,350,1000,同ジャンルの既知機種からの推定範囲,genre-estimate,D,open-model-catalog,camera-large,460,380,560
graflexgraflexcentury35a,camera,Graflex,Graflex Century 35a,グラフレックス,35mm compact MF,35mm MFコンパクト,35mm,MF,fixed,Fixed lens,1959,,335,390,同ジャンルの既知機種からの推定範囲,genre-estimate,D,open-model-catalog,compact-standard,270,220,325
graflexgraflexcenturygraphic,camera,Graflex,Graflex Century Graphic,グラフレックス,Large-format camera,大判カメラ,"2 1/4"" X 3 1/4"" PICTURE SIZE: 2 1/4"" X 3 1/4""",MF,interchangeable,,1949,,1000,3000,同ジャンルの既知機種からの推定範囲,genre-estimate,D,open-model-catalog,reinforced-xl,650,520,800
graflexgraflexcrowngraphic4x5,camera,Graflex,Graflex Crown Graphic 4x5,Crown Graphic | グラフレックス | Graflex Crown Graphic Special,Large-format camera,大判カメラ,4x5,MF,interchangeable,,1947,2300,2300,2300,camera with standard lens and holder,reference,B,compiled-specs,reinforced-xl,650,520,800
graflexgraflexminiaturespeedgraphic,camera,Graflex,Graflex Miniature Speed Graphic,グラフレックス,Large-format camera,大判カメラ,"2 1/4"" X 3 1/4"" PICTURE SIZE: 2 1/4"" X 3 1/4""",MF,interchangeable,Fixed lens,1938,,1000,3000,同ジャンルの既知機種からの推定範囲,genre-estimate,D,open-model-catalog,reinforced-xl,650,520,800
graflexgraflexpacemakerspeedgraphic214x314,camera,Graflex,"Graflex Pacemaker Speed Graphic 2 1/4"" x 3 1/4""",グラフレックス,Large-format camera,大判カメラ,"2 1/4"" X 3 1/4"" PICTURE SIZE: 2 1/4"" X 3 1/4""",MF,interchangeable,,1947,,1000,3000,同ジャンルの既知機種からの推定範囲,genre-estimate,D,open-model-catalog,reinforced-xl,650,520,800
graflexgraflexrbseriesb214x314,camera,Graflex,Graflex R.B. Series B 2 1/4 x 3 1/4,グラフレックス,Vintage film camera,その他・クラシックカメラ,"2 1/4"" X 3 1/4"" PICTURE SIZE: 2 1/4"" X 3 1/4""",MF,interchangeable,,1923,,350,1000,同ジャンルの既知機種からの推定範囲,genre-estimate,D,open-model-catalog,camera-large,460,380,560
graflexgraflexrbseriesb314x414,camera,Graflex,Graflex R.B. Series B 3 1/4 x 4 1/4,グラフレックス,35mm compact MF,35mm MFコンパクト,"3 1/4"" X 4 1/4"" PICTURE SIZE: 3 1/4"" X 4 1/4""",MF,fixed,Fixed lens,1923,,335,390,同ジャンルの既知機種からの推定範囲,genre-estimate,D,open-model-catalog,compact-standard,270,220,325
hasselbladcarlzeissplanar80mmf28cf,lens,Hasselblad,Carl Zeiss Planar 80mm f/2.8 CF,Hasselblad 80mm | ハッセルブラッド | Hasselblad 80mm f/2.8 Planar C | Hasselblad 80mm f/2.8 Planar CFE T* | Hasselblad 80mm f/2.8 Planar CF T* | Hasselblad 80mm f/2.8 Planar C T* | Hasselblad 80mm f/2.8 Planar F T*,Medium-format lens,中判レンズ,120,MF,lens,Hasselblad V,1982,510,510,510,"lens only, without caps",reference,B,compiled-specs,lens-medium,315,255,385
hasselbladhasselblad1000f,camera,Hasselblad,Hasselblad 1000F,ハッセルブラッド,Vintage film camera,その他・クラシックカメラ,120,MF,interchangeable,,1952,,350,1000,同ジャンルの既知機種からの推定範囲,genre-estimate,D,open-model-catalog,camera-large,460,380,560
hasselbladhasselblad100mmf35planarc,lens,Hasselblad,Hasselblad 100mm f/3.5 Planar C,ハッセルブラッド,Medium-format lens,中判レンズ,120,MF,lens,,,,460,610,同ジャンルの既知機種からの推定範囲,genre-estimate,D,open-model-catalog,lens-medium,315,255,385
hasselbladhasselblad100mmf35planarct,lens,Hasselblad,Hasselblad 100mm f/3.5 Planar C T*,ハッセルブラッド,Medium-format lens,中判レンズ,120,MF,lens,,,,460,610,同ジャンルの既知機種からの推定範囲,genre-estimate,D,open-model-catalog,lens-medium,315,255,385
hasselbladhasselblad100mmf35planarcfit,lens,Hasselblad,Hasselblad 100mm f/3.5 Planar CFi T*,ハッセルブラッド,Medium-format lens,中判レンズ,120,MF,lens,,,,460,610,同ジャンルの既知機種からの推定範囲,genre-estimate,D,open-model-catalog,lens-medium,315,255,385
hasselbladhasselblad110mmf2planarft,lens,Hasselblad,Hasselblad 110mm f/2 Planar F T*,ハッセルブラッド,Medium-format lens,中判レンズ,120,MF,lens,,,,460,610,同ジャンルの既知機種からの推定範囲,genre-estimate,D,open-model-catalog,lens-medium,315,255,385
hasselbladhasselblad110mmf2planarfet,lens,Hasselblad,Hasselblad 110mm f/2 Planar FE T*,ハッセルブラッド,Medium-format lens,中判レンズ,120,MF,lens,,,,460,610,同ジャンルの既知機種からの推定範囲,genre-estimate,D,open-model-catalog,lens-medium,315,255,385
hasselbladhasselblad120mmf4makroplanarcft,lens,Hasselblad,Hasselblad 120mm f/4 Makro-Planar CF T*,ハッセルブラッド,Medium-format lens,中判レンズ,120,MF,lens,,,,460,610,同ジャンルの既知機種からの推定範囲,genre-estimate,D,open-model-catalog,lens-medium,315,255,385
hasselbladhasselblad120mmf4makroplanarcfit,lens,Hasselblad,Hasselblad 120mm f/4 Makro-Planar CFi T*,ハッセルブラッド,Medium-format lens,中判レンズ,120,MF,lens,,,,460,610,同ジャンルの既知機種からの推定範囲,genre-estimate,D,open-model-catalog,lens-medium,315,255,385
hasselbladhasselblad120mmf56splanarct,lens,Hasselblad,Hasselblad 120mm f/5.6 S-Planar C T*,ハッセルブラッド,Medium-format lens,中判レンズ,120,MF,lens,,,,460,610,同ジャンルの既知機種からの推定範囲,genre-estimate,D,open-model-catalog,lens-medium,315,255,385
hasselbladhasselblad150mmf4sonnar,lens,Hasselblad,Hasselblad 150mm f/4 Sonnar,ハッセルブラッド,Medium-format lens,中判レンズ,120,MF,lens,,,,460,610,同ジャンルの既知機種からの推定範囲,genre-estimate,D,open-model-catalog,lens-medium,315,255,385
hasselbladhasselblad180mmf4cft,lens,Hasselblad,Hasselblad 180mm f/4 CF T*,ハッセルブラッド,Medium-format lens,中判レンズ,120,MF,lens,,,,460,610,同ジャンルの既知機種からの推定範囲,genre-estimate,D,open-model-catalog,lens-medium,315,255,385
hasselbladhasselblad203fe,camera,Hasselblad,Hasselblad 203FE,ハッセルブラッド,Medium-format SLR,中判一眼レフ,120,MF,interchangeable,,1993,,1210,1800,同ジャンルの既知機種からの推定範囲,genre-estimate,D,open-model-catalog,reinforced-xl,650,520,800
hasselbladhasselblad205fcc,camera,Hasselblad,Hasselblad 205FCC,ハッセルブラッド,Medium-format SLR,中判一眼レフ,120,MF,interchangeable,,1995,,1210,1800,同ジャンルの既知機種からの推定範囲,genre-estimate,D,open-model-catalog,reinforced-xl,650,520,800
hasselbladhasselblad250mmf56sonnarct,lens,Hasselblad,Hasselblad 250mm f/5.6 Sonnar C T*,ハッセルブラッド,Medium-format lens,中判レンズ,120,MF,lens,,,,460,610,同ジャンルの既知機種からの推定範囲,genre-estimate,D,open-model-catalog,lens-medium,315,255,385
hasselbladhasselblad30mmf35fdistagonct,lens,Hasselblad,Hasselblad 30mm f/3.5 F-Distagon C T*,ハッセルブラッド,Medium-format lens,中判レンズ,120,MF,lens,,,,460,610,同ジャンルの既知機種からの推定範囲,genre-estimate,D,open-model-catalog,lens-medium,315,255,385
hasselbladhasselblad40mmf4distagonc,lens,Hasselblad,Hasselblad 40mm f/4 Distagon C,ハッセルブラッド,Medium-format lens,中判レンズ,120,MF,lens,,,,460,610,同ジャンルの既知機種からの推定範囲,genre-estimate,D,open-model-catalog,lens-medium,315,255,385
hasselbladhasselblad40mmf4distagonct,lens,Hasselblad,Hasselblad 40mm f/4 Distagon C T*,ハッセルブラッド,Medium-format lens,中判レンズ,120,MF,lens,,,,460,610,同ジャンルの既知機種からの推定範囲,genre-estimate,D,open-model-catalog,lens-medium,315,255,385
hasselbladhasselblad40mmf4distagoncftfle,lens,Hasselblad,Hasselblad 40mm f/4 Distagon CF T* FLE,ハッセルブラッド,Medium-format lens,中判レンズ,120,MF,lens,,,,460,610,同ジャンルの既知機種からの推定範囲,genre-estimate,D,open-model-catalog,lens-medium,315,255,385
hasselbladhasselblad500cm,camera,Hasselblad,Hasselblad 500C/M,500CM | ハッセルブラッド | Hasselblad 500C,Medium-format SLR,中判一眼レフ,120,MF,interchangeable,Hasselblad V,1970,1370,1370,1370,"standard kit with finder, back and 80mm lens",reference,B,compiled-specs,camera-large,460,380,560
hasselbladhasselblad500elm,camera,Hasselblad,Hasselblad 500EL/M,ハッセルブラッド,Medium-format SLR,中判一眼レフ,120,MF,interchangeable,,1972,,1210,1800,同ジャンルの既知機種からの推定範囲,genre-estimate,D,open-model-catalog,reinforced-xl,650,520,800
hasselbladhasselblad500elx,camera,Hasselblad,Hasselblad 500ELX,ハッセルブラッド,Medium-format SLR,中判一眼レフ,120,MF,interchangeable,,1984,,1210,1800,同ジャンルの既知機種からの推定範囲,genre-estimate,D,open-model-catalog,reinforced-xl,650,520,800
hasselbladhasselblad501cm,camera,Hasselblad,Hasselblad 501C/M,501CM | ハッセルブラッド | Hasselblad 501C,Medium-format SLR,中判一眼レフ,120,MF,interchangeable,Hasselblad V,1997,1370,1370,1370,"standard kit with finder, back and 80mm lens",reference,B,compiled-specs,camera-large,460,380,560
hasselbladhasselblad503cw,camera,Hasselblad,Hasselblad 503CW,503 CW | ハッセルブラッド,Medium-format SLR,中判一眼レフ,120,MF,interchangeable,Hasselblad V,1996,1510,1510,1510,"standard kit with finder, back and 80mm lens",reference,B,compiled-specs,reinforced-xl,650,520,800
hasselbladhasselblad503cx,camera,Hasselblad,Hasselblad 503CX,ハッセルブラッド,Medium-format SLR,中判一眼レフ,120,MF,interchangeable,,1988,,1210,1800,同ジャンルの既知機種からの推定範囲,genre-estimate,D,open-model-catalog,reinforced-xl,650,520,800
hasselbladhasselblad503cxi,camera,Hasselblad,Hasselblad 503CXi,ハッセルブラッド,Medium-format SLR,中判一眼レフ,120,MF,interchangeable,,1994,,1210,1800,同ジャンルの既知機種からの推定範囲,genre-estimate,D,open-model-catalog,reinforced-xl,650,520,800
hasselbladhasselblad50mmf28distagonfetfle,lens,Hasselblad,Hasselblad 50mm f/2.8 Distagon FE T* FLE,ハッセルブラッド,Medium-format lens,中判レンズ,120,MF,lens,,,,460,610,同ジャンルの既知機種からの推定範囲,genre-estimate,D,open-model-catalog,lens-medium,315,255,385
hasselbladhasselblad50mmf28ft,lens,Hasselblad,Hasselblad 50mm f/2.8 F T*,ハッセルブラッド,Medium-format lens,中判レンズ,120,MF,lens,,,,460,610,同ジャンルの既知機種からの推定範囲,genre-estimate,D,open-model-catalog,lens-medium,315,255,385
hasselbladhasselblad50mmf4distagonc,lens,Hasselblad,Hasselblad 50mm f/4 Distagon C,ハッセルブラッド,Medium-format lens,中判レンズ,120,MF,lens,,,,460,610,同ジャンルの既知機種からの推定範囲,genre-estimate,D,open-model-catalog,lens-medium,315,255,385
hasselbladhasselblad50mmf4distagonct,lens,Hasselblad,Hasselblad 50mm f/4 Distagon C T*,ハッセルブラッド,Medium-format lens,中判レンズ,120,MF,lens,,,,460,610,同ジャンルの既知機種からの推定範囲,genre-estimate,D,open-model-catalog,lens-medium,315,255,385
hasselbladhasselblad50mmf4distagoncft,lens,Hasselblad,Hasselblad 50mm f/4 Distagon CF T*,ハッセルブラッド,Medium-format lens,中判レンズ,120,MF,lens,,,,460,610,同ジャンルの既知機種からの推定範囲,genre-estimate,D,open-model-catalog,lens-medium,315,255,385
hasselbladhasselblad50mmf4distagoncftfle,lens,Hasselblad,Hasselblad 50mm f/4 Distagon CF T* FLE,ハッセルブラッド,Medium-format lens,中判レンズ,120,MF,lens,,,,460,610,同ジャンルの既知機種からの推定範囲,genre-estimate,D,open-model-catalog,lens-medium,315,255,385
hasselbladhasselblad50mmf4distagoncfitfle,lens,Hasselblad,Hasselblad 50mm f/4 Distagon CFi T* FLE,ハッセルブラッド,Medium-format lens,中判レンズ,120,MF,lens,,,,460,610,同ジャンルの既知機種からの推定範囲,genre-estimate,D,open-model-catalog,lens-medium,315,255,385
hasselbladhasselblad553elx,camera,Hasselblad,Hasselblad 553ELX,ハッセルブラッド,Medium-format SLR,中判一眼レフ,120,MF,interchangeable,,1988,,1210,1800,同ジャンルの既知機種からの推定範囲,genre-estimate,D,open-model-catalog,reinforced-xl,650,520,800
hasselbladhasselblad555eld,camera,Hasselblad,Hasselblad 555ELD,ハッセルブラッド,Medium-format SLR,中判一眼レフ,120,MF,interchangeable,,1998,,1210,1800,同ジャンルの既知機種からの推定範囲,genre-estimate,D,open-model-catalog,reinforced-xl,650,520,800
hasselbladhasselblad60mmf35distagonct,lens,Hasselblad,Hasselblad 60mm f/3.5 Distagon C T*,ハッセルブラッド,Medium-format lens,中判レンズ,120,MF,lens,,,,460,610,同ジャンルの既知機種からの推定範囲,genre-estimate,D,open-model-catalog,lens-medium,315,255,385
hasselbladhasselblad60mmf35distagoncft,lens,Hasselblad,Hasselblad 60mm f/3.5 Distagon CF T*,ハッセルブラッド,Medium-format lens,中判レンズ,120,MF,lens,,,,460,610,同ジャンルの既知機種からの推定範囲,genre-estimate,D,open-model-catalog,lens-medium,315,255,385
hasselbladhasselblad903swc,camera,Hasselblad,Hasselblad 903SWC,ハッセルブラッド,Vintage film camera,その他・クラシックカメラ,120,MF,interchangeable,,1988,,350,1000,同ジャンルの既知機種からの推定範囲,genre-estimate,D,open-model-catalog,camera-large,460,380,560
hasselbladhasselblad905swc,camera,Hasselblad,Hasselblad 905SWC,ハッセルブラッド,Vintage film camera,その他・クラシックカメラ,120,MF,interchangeable,,,,350,1000,同ジャンルの既知機種からの推定範囲,genre-estimate,D,open-model-catalog,camera-large,460,380,560
hasselbladhasselbladrosshk7,camera,Hasselblad,Hasselblad Ross HK-7,ハッセルブラッド,Vintage film camera,その他・クラシックカメラ,120,MF,interchangeable,,1941,,350,1000,同ジャンルの既知機種からの推定範囲,genre-estimate,D,open-model-catalog,camera-large,460,380,560
hasselbladhasselbladswcm,camera,Hasselblad,Hasselblad SWC/M,ハッセルブラッド,Vintage film camera,その他・クラシックカメラ,120,MF,interchangeable,,1979,,350,1000,同ジャンルの既知機種からの推定範囲,genre-estimate,D,open-model-catalog,camera-large,460,380,560
hasselbladhasselbladxpan,camera,Hasselblad,Hasselblad XPan,Fujifilm TX-1 | XPan II | ハッセルブラッド,Panoramic film camera,パノラマカメラ,35mm panorama,MF,interchangeable,Hasselblad V,1998,720,720,720,body without lens,reference,B,compiled-specs,camera-large,460,380,560
holgaholga120pc,camera,Holga,Holga 120 PC,,Vintage film camera,その他・クラシックカメラ,120,MF,fixed,Fixed lens,,,350,1000,同ジャンルの既知機種からの推定範囲,genre-estimate,D,open-model-catalog,camera-large,460,380,560
holgaholga120n,camera,Holga,Holga 120N,Holga,Toy camera,トイカメラ,120,fixed,fixed,Fixed lens,1982,200,200,200,camera without film,reference,B,compiled-specs,compact-heavy,320,260,390
holgaholga135,camera,Holga,Holga 135,,35mm compact MF,35mm MFコンパクト,35mm,MF,fixed,Fixed lens,,,335,390,同ジャンルの既知機種からの推定範囲,genre-estimate,D,open-model-catalog,compact-standard,270,220,325
holgaholga135bc,camera,Holga,Holga 135 BC,,35mm compact MF,35mm MFコンパクト,35mm,MF,fixed,Fixed lens,,,335,390,同ジャンルの既知機種からの推定範囲,genre-estimate,D,open-model-catalog,compact-standard,270,220,325
holgaholga135pc,camera,Holga,Holga 135 PC,,Vintage film camera,その他・クラシックカメラ,120,MF,fixed,Fixed lens,,,350,1000,同ジャンルの既知機種からの推定範囲,genre-estimate,D,open-model-catalog,camera-large,460,380,560
ihageeexatype13,camera,Ihagee,Exa (type 1.3),,35mm MF SLR,35mm一眼レフ（MF）,35mm,MF,interchangeable,Exakta Bayonet,1952,,470,745,同ジャンルの既知機種からの推定範囲,genre-estimate,D,open-model-catalog,camera-body,350,290,425
ihageeexaii,camera,Ihagee,Exa II,,35mm MF SLR,35mm一眼レフ（MF）,35mm,MF,interchangeable,Exakta Bayonet,1960,,470,745,同ジャンルの既知機種からの推定範囲,genre-estimate,D,open-model-catalog,camera-body,350,290,425
ihageeexaiia,camera,Ihagee,Exa IIa,,35mm MF SLR,35mm一眼レフ（MF）,35mm,MF,interchangeable,Exakta Bayonet,1963,,470,745,同ジャンルの既知機種からの推定範囲,genre-estimate,D,open-model-catalog,camera-body,350,290,425
ihageeexaktaatype21,camera,Ihagee,Exakta A (type 2.1),,35mm MF SLR,35mm一眼レフ（MF）,127,MF,interchangeable,,1934,,470,745,同ジャンルの既知機種からの推定範囲,genre-estimate,D,open-model-catalog,camera-body,350,290,425
ihageeexaktab,camera,Ihagee,Exakta B,,35mm MF SLR,35mm一眼レフ（MF）,127,MF,interchangeable,,1933,,470,745,同ジャンルの既知機種からの推定範囲,genre-estimate,D,open-model-catalog,camera-body,350,290,425
ihageeexaktac,camera,Ihagee,Exakta C,,35mm MF SLR,35mm一眼レフ（MF）,127,MF,interchangeable,,1935,,470,745,同ジャンルの既知機種からの推定範囲,genre-estimate,D,open-model-catalog,camera-body,350,290,425
ihageeexaktajrtype3,camera,Ihagee,Exakta Jr. (type 3),,35mm compact MF,35mm MFコンパクト,127,MF,fixed,Fixed lens,1935,,335,390,同ジャンルの既知機種からの推定範囲,genre-estimate,D,open-model-catalog,compact-standard,270,220,325
ihageeexaktajrtype42,camera,Ihagee,Exakta Jr. (type 4.2),,35mm compact MF,35mm MFコンパクト,127,MF,fixed,Fixed lens,1937,,335,390,同ジャンルの既知機種からの推定範囲,genre-estimate,D,open-model-catalog,compact-standard,270,220,325
ihageeexaktav,camera,Ihagee,Exakta V,Exakta Varex,35mm MF SLR,35mm一眼レフ（MF）,35mm,MF,interchangeable,Exakta Bayonet,1950,,470,745,同ジャンルの既知機種からの推定範囲,genre-estimate,D,open-model-catalog,camera-body,350,290,425
ihageeexaktavx,camera,Ihagee,Exakta VX,Exakta Varex VX,35mm MF SLR,35mm一眼レフ（MF）,35mm,MF,interchangeable,Exakta Bayonet,1951,,470,745,同ジャンルの既知機種からの推定範囲,genre-estimate,D,open-model-catalog,camera-body,350,290,425
ihageeexaktavx1000,camera,Ihagee,Exakta VX 1000,,35mm MF SLR,35mm一眼レフ（MF）,35mm,MF,interchangeable,Exakta Bayonet,1967,,470,745,同ジャンルの既知機種からの推定範囲,genre-estimate,D,open-model-catalog,camera-body,350,290,425
ihageeexaktavx500,camera,Ihagee,Exakta VX 500,,35mm MF SLR,35mm一眼レフ（MF）,35mm,MF,interchangeable,Exakta Bayonet,1969,,470,745,同ジャンルの既知機種からの推定範囲,genre-estimate,D,open-model-catalog,camera-body,350,290,425
ihageeexaktavxiia,camera,Ihagee,Exakta VX IIA,Exakta Varex IIA,35mm MF SLR,35mm一眼レフ（MF）,35mm,MF,interchangeable,Exakta Bayonet,1957,,470,745,同ジャンルの既知機種からの推定範囲,genre-estimate,D,open-model-catalog,camera-body,350,290,425
ihageeexaktavxiib,camera,Ihagee,Exakta VX IIB,Exakta Varex IIB,35mm MF SLR,35mm一眼レフ（MF）,35mm,MF,interchangeable,Exakta Bayonet,1961,,470,745,同ジャンルの既知機種からの推定範囲,genre-estimate,D,open-model-catalog,camera-body,350,290,425
ihageekineexakta,camera,Ihagee,Kine Exakta,,35mm MF SLR,35mm一眼レフ（MF）,35mm,MF,interchangeable,Exakta Bayonet,1938,,470,745,同ジャンルの既知機種からの推定範囲,genre-estimate,D,open-model-catalog,camera-body,350,290,425
ihageenightexakta,camera,Ihagee,Night Exakta,,35mm MF SLR,35mm一眼レフ（MF）,127,MF,interchangeable,,1934,,470,745,同ジャンルの既知機種からの推定範囲,genre-estimate,D,open-model-catalog,camera-body,350,290,425
intrepidintrepid4x5,camera,Intrepid,Intrepid 4x5,Intrepid 4x5,Large-format camera,大判カメラ,4x5,MF,interchangeable,,2014,1200,1200,1200,camera body only,reference,B,compiled-specs,reinforced-xl,650,520,800
kodakkodak35,camera,Kodak,Kodak 35,コダック,35mm compact MF,35mm MFコンパクト,35mm,MF,fixed,Fixed lens,1940,,335,390,同ジャンルの既知機種からの推定範囲,genre-estimate,D,open-model-catalog,compact-standard,270,220,325
kodakkodak66modelii,camera,Kodak,Kodak 66 Model II,コダック,Vintage film camera,その他・クラシックカメラ,120,MF,fixed,Fixed lens,1958,,350,1000,同ジャンルの既知機種からの推定範囲,genre-estimate,D,open-model-catalog,camera-large,460,380,560
kodakkodakbabybrowniespecial,camera,Kodak,Kodak Baby Brownie Special,コダック,35mm compact MF,35mm MFコンパクト,127,MF,fixed,Fixed lens,1939,,335,390,同ジャンルの既知機種からの推定範囲,genre-estimate,D,open-model-catalog,compact-standard,270,220,325
kodakkodakbantam,camera,Kodak,Kodak Bantam,コダック,35mm compact MF,35mm MFコンパクト,828 PICTURE SIZE: 28X40MM,MF,fixed,Fixed lens,1938,,335,390,同ジャンルの既知機種からの推定範囲,genre-estimate,D,open-model-catalog,compact-standard,270,220,325
kodakkodakbantamspecialcompurrapid,camera,Kodak,Kodak Bantam Special (Compur-Rapid),コダック,35mm compact MF,35mm MFコンパクト,828 PICTURE SIZE: 28X40MM,MF,fixed,Fixed lens,1936,,335,390,同ジャンルの既知機種からの推定範囲,genre-estimate,D,open-model-catalog,compact-standard,270,220,325
kodakkodakbrowniebullseye,camera,Kodak,Kodak Brownie Bull's-Eye,コダック,35mm compact MF,35mm MFコンパクト,"620 PICTURE SIZE: 2 1/4"" X 3 1/4""",MF,fixed,Fixed lens,1954,,335,390,同ジャンルの既知機種からの推定範囲,genre-estimate,D,open-model-catalog,compact-standard,270,220,325
kodakkodakbrowniecresta,camera,Kodak,Kodak Brownie Cresta,コダック,Vintage film camera,その他・クラシックカメラ,120,MF,fixed,Fixed lens,1955,,350,1000,同ジャンルの既知機種からの推定範囲,genre-estimate,D,open-model-catalog,camera-large,460,380,560
kodakkodakbrowniehawkeye,camera,Kodak,Kodak Brownie Hawkeye,Brownie Hawkeye Flash | コダック | Kodak Brownie Hawkeye Flash,Box camera,ボックスカメラ,620,fixed,fixed,Fixed lens,1949,560,560,560,camera only,reference,B,compiled-specs,compact-heavy,320,260,390
kodakkodakbrowniereflexsynchro,camera,Kodak,Kodak Brownie Reflex Synchro,コダック,35mm compact MF,35mm MFコンパクト,127,MF,fixed,Fixed lens,1941,,335,390,同ジャンルの既知機種からの推定範囲,genre-estimate,D,open-model-catalog,compact-standard,270,220,325
kodakkodakbrowniestarflash,camera,Kodak,Kodak Brownie Starflash,コダック,35mm compact MF,35mm MFコンパクト,127,MF,fixed,Fixed lens,1957,,335,390,同ジャンルの既知機種からの推定範囲,genre-estimate,D,open-model-catalog,compact-standard,270,220,325
kodakkodakbrownietargetsix16,camera,Kodak,Kodak Brownie Target Six-16,コダック,35mm compact MF,35mm MFコンパクト,"620 PICTURE SIZE: 2 1/2"" X 4 1/4""",MF,fixed,Fixed lens,1946,,335,390,同ジャンルの既知機種からの推定範囲,genre-estimate,D,open-model-catalog,compact-standard,270,220,325
kodakkodakduaflexii,camera,Kodak,Kodak Duaflex II,コダック,35mm compact MF,35mm MFコンパクト,"620 PICTURE SIZE: 2 1/4"" X 2 1/4""",MF,fixed,Fixed lens,1950,,335,390,同ジャンルの既知機種からの推定範囲,genre-estimate,D,open-model-catalog,compact-standard,270,220,325
kodakkodakduaflexiv,camera,Kodak,Kodak Duaflex IV,コダック,35mm compact MF,35mm MFコンパクト,"620 PICTURE SIZE: 2 1/4"" X 2 1/4""",MF,fixed,Fixed lens,1955,,335,390,同ジャンルの既知機種からの推定範囲,genre-estimate,D,open-model-catalog,compact-standard,270,220,325
kodakkodakflashbantam,camera,Kodak,Kodak Flash Bantam,コダック,35mm compact MF,35mm MFコンパクト,828 PICTURE SIZE: 28X40MM,MF,fixed,Fixed lens,1947,,335,390,同ジャンルの既知機種からの推定範囲,genre-estimate,D,open-model-catalog,compact-standard,270,220,325
kodakkodakinstamatic104,camera,Kodak,Kodak Instamatic 104,コダック,35mm compact MF,35mm MFコンパクト,126,MF,fixed,Fixed lens,1965,,335,390,同ジャンルの既知機種からの推定範囲,genre-estimate,D,open-model-catalog,compact-standard,270,220,325
kodakkodakinstamatic30,camera,Kodak,Kodak Instamatic 30,コダック,Vintage film camera,その他・クラシックカメラ,110,MF,fixed,Fixed lens,,,350,1000,同ジャンルの既知機種からの推定範囲,genre-estimate,D,open-model-catalog,camera-large,460,380,560
kodakkodakinstamatic355x,camera,Kodak,Kodak Instamatic 355-X,コダック,35mm compact MF,35mm MFコンパクト,126,MF,fixed,Fixed lens,1971,,335,390,同ジャンルの既知機種からの推定範囲,genre-estimate,D,open-model-catalog,compact-standard,270,220,325
kodakkodakinstamatic704,camera,Kodak,Kodak Instamatic 704,コダック,35mm compact MF,35mm MFコンパクト,126,MF,fixed,Fixed lens,1965,,335,390,同ジャンルの既知機種からの推定範囲,genre-estimate,D,open-model-catalog,compact-standard,270,220,325
kodakkodakinstamatic714,camera,Kodak,Kodak Instamatic 714,コダック,35mm compact MF,35mm MFコンパクト,126,MF,fixed,Fixed lens,1968,,335,390,同ジャンルの既知機種からの推定範囲,genre-estimate,D,open-model-catalog,compact-standard,270,220,325
kodakkodakinstamatics20,camera,Kodak,Kodak Instamatic S-20,コダック,35mm compact MF,35mm MFコンパクト,126,MF,fixed,Fixed lens,1967,,335,390,同ジャンルの既知機種からの推定範囲,genre-estimate,D,open-model-catalog,compact-standard,270,220,325
kodakkodakinstamaticx15f,camera,Kodak,Kodak Instamatic X-15F,コダック,35mm compact MF,35mm MFコンパクト,126,MF,fixed,Fixed lens,1976,,335,390,同ジャンルの既知機種からの推定範囲,genre-estimate,D,open-model-catalog,compact-standard,270,220,325
kodakkodakinstamaticx35,camera,Kodak,Kodak Instamatic X-35,コダック,35mm compact MF,35mm MFコンパクト,126,MF,fixed,Fixed lens,1970,,335,390,同ジャンルの既知機種からの推定範囲,genre-estimate,D,open-model-catalog,compact-standard,270,220,325
kodakkodakinstamaticx35f,camera,Kodak,Kodak Instamatic X-35F,コダック,35mm compact MF,35mm MFコンパクト,126,MF,fixed,Fixed lens,1976,,335,390,同ジャンルの既知機種からの推定範囲,genre-estimate,D,open-model-catalog,compact-standard,270,220,325
kodakkodakmotormatic35f,camera,Kodak,Kodak Motormatic 35F,コダック,35mm compact MF,35mm MFコンパクト,35mm,MF,fixed,Fixed lens,1962,,335,390,同ジャンルの既知機種からの推定範囲,genre-estimate,D,open-model-catalog,compact-standard,270,220,325
kodakkodakno1autographickodakjunior,camera,Kodak,Kodak No. 1 Autographic Kodak Junior,コダック,Vintage film camera,その他・クラシックカメラ,120,MF,fixed,Fixed lens,1914,,350,1000,同ジャンルの既知機種からの推定範囲,genre-estimate,D,open-model-catalog,camera-large,460,380,560
kodakkodakno1pocket,camera,Kodak,Kodak No. 1 Pocket,コダック,Vintage film camera,その他・クラシックカメラ,120,MF,fixed,Fixed lens,1926,,350,1000,同ジャンルの既知機種からの推定範囲,genre-estimate,D,open-model-catalog,camera-large,460,380,560
kodakkodakno2foldingautographicbrownie,camera,Kodak,Kodak No. 2 Folding Autographic Brownie,コダック,Medium-format folding camera,中判フォールディング,120,MF,fixed,Fixed lens,1915,,450,950,同ジャンルの既知機種からの推定範囲,genre-estimate,D,open-model-catalog,camera-large,460,380,560
kodakkodakno2rainbowhawkeye,camera,Kodak,Kodak No. 2 Rainbow Hawk-Eye,コダック,Vintage film camera,その他・クラシックカメラ,120,MF,fixed,Fixed lens,1929,,350,1000,同ジャンルの既知機種からの推定範囲,genre-estimate,D,open-model-catalog,camera-large,460,380,560
kodakkodakno2afoldingautographicbrownie,camera,Kodak,Kodak No. 2A Folding Autographic Brownie,コダック,Medium-format folding camera,中判フォールディング,120,MF,fixed,Fixed lens,1915,,450,950,同ジャンルの既知機種からの推定範囲,genre-estimate,D,open-model-catalog,camera-large,460,380,560
kodakkodakno3aautographic,camera,Kodak,Kodak No. 3A Autographic,コダック,Large-format camera,大判カメラ,"A122 PICTURE SIZE: 3 1/4"" X 5 1/2""",MF,interchangeable,Fixed lens,1914,,1000,3000,同ジャンルの既知機種からの推定範囲,genre-estimate,D,open-model-catalog,reinforced-xl,650,520,800
kodakkodakpony135,camera,Kodak,Kodak Pony 135,コダック,Vintage film camera,その他・クラシックカメラ,35mm,MF,interchangeable,,1950,,350,1000,同ジャンルの既知機種からの推定範囲,genre-estimate,D,open-model-catalog,camera-large,460,380,560
kodakkodakpony135b,camera,Kodak,Kodak Pony 135 B,コダック,35mm compact MF,35mm MFコンパクト,35mm,MF,fixed,Fixed lens,1953,,335,390,同ジャンルの既知機種からの推定範囲,genre-estimate,D,open-model-catalog,compact-standard,270,220,325
kodakkodakpony135c,camera,Kodak,Kodak Pony 135 C,コダック,Vintage film camera,その他・クラシックカメラ,35mm,MF,interchangeable,,1955,,350,1000,同ジャンルの既知機種からの推定範囲,genre-estimate,D,open-model-catalog,camera-large,460,380,560
kodakkodakpony828,camera,Kodak,Kodak Pony 828,コダック,Vintage film camera,その他・クラシックカメラ,35mm,MF,interchangeable,,1949,,350,1000,同ジャンルの既知機種からの推定範囲,genre-estimate,D,open-model-catalog,camera-large,460,380,560
kodakkodakretina80mmf4longarxenonc,lens,Kodak,Kodak Retina 80mm f/4 Longar-Xenon C,コダック,35mm manual-focus lens,35mm MFレンズ,35mm,MF,lens,,,,165,250,同ジャンルの既知機種からの推定範囲,genre-estimate,D,open-model-catalog,lens-small,210,165,260
kodakkodakretinaibtype018,camera,Kodak,Kodak Retina IB (type 018),コダック,35mm fixed-lens rangefinder,35mmレンジファインダー（固定レンズ）,35mm,MF,fixed,Fixed lens,1954,,330,680,同ジャンルの既知機種からの推定範囲,genre-estimate,D,open-model-catalog,compact-heavy,320,260,390
kodakkodakretinaibtype19i,camera,Kodak,Kodak Retina IB (type 19 I),コダック,35mm fixed-lens rangefinder,35mmレンジファインダー（固定レンズ）,35mm,MF,fixed,Fixed lens,1957,,330,680,同ジャンルの既知機種からの推定範囲,genre-estimate,D,open-model-catalog,compact-heavy,320,260,390
kodakkodakretinaiitype014,camera,Kodak,Kodak Retina II (type 014),コダック,35mm fixed-lens rangefinder,35mmレンジファインダー（固定レンズ）,35mm,MF,fixed,Fixed lens,1949,,330,680,同ジャンルの既知機種からの推定範囲,genre-estimate,D,open-model-catalog,compact-heavy,320,260,390
kodakkodakretinaiitype142,camera,Kodak,Kodak Retina II (type 142),コダック,35mm fixed-lens rangefinder,35mmレンジファインダー（固定レンズ）,35mm,MF,fixed,Fixed lens,1937,,330,680,同ジャンルの既知機種からの推定範囲,genre-estimate,D,open-model-catalog,compact-heavy,320,260,390
kodakkodakretinaiiatype016,camera,Kodak,Kodak Retina IIA (type 016),コダック,35mm fixed-lens rangefinder,35mmレンジファインダー（固定レンズ）,35mm,MF,fixed,Fixed lens,1951,,330,680,同ジャンルの既知機種からの推定範囲,genre-estimate,D,open-model-catalog,compact-heavy,320,260,390
kodakkodakretinaiic020,camera,Kodak,Kodak Retina IIC (020),コダック,35mm fixed-lens rangefinder,35mmレンジファインダー（固定レンズ）,35mm,MF,fixed,Fixed lens,1954,,330,680,同ジャンルの既知機種からの推定範囲,genre-estimate,D,open-model-catalog,compact-heavy,320,260,390
kodakkodakretinaiiftype047,camera,Kodak,Kodak Retina IIF (type 047),コダック,Vintage film camera,その他・クラシックカメラ,35mm,MF,interchangeable,,1964,,350,1000,同ジャンルの既知機種からの推定範囲,genre-estimate,D,open-model-catalog,camera-large,460,380,560
kodakkodakretinaiiic,camera,Kodak,Kodak Retina IIIC,Retina IIIc | コダック | Kodak Retina IIIC (type 021 II) | Kodak Retina IIIC (type 028) | Kodak Retina IIIC (type 021 I),35mm fixed-lens rangefinder,35mmレンジファインダー（固定レンズ）,35mm,MF,fixed,Fixed lens,1958,680,680,680,with fixed lens,reference,B,compiled-specs,compact-heavy,320,260,390
kodakkodakretinareflexiii041,camera,Kodak,Kodak Retina Reflex III (041),コダック,Vintage film camera,その他・クラシックカメラ,35mm,MF,interchangeable,,1961,,350,1000,同ジャンルの既知機種からの推定範囲,genre-estimate,D,open-model-catalog,camera-large,460,380,560
kodakkodakretinareflexiv051,camera,Kodak,Kodak Retina Reflex IV (051),コダック,Vintage film camera,その他・クラシックカメラ,35mm,MF,interchangeable,,1964,,350,1000,同ジャンルの既知機種からの推定範囲,genre-estimate,D,open-model-catalog,camera-large,460,380,560
kodakkodakretinareflexs034,camera,Kodak,Kodak Retina Reflex S (034),コダック,Vintage film camera,その他・クラシックカメラ,35mm,MF,interchangeable,,1959,,350,1000,同ジャンルの既知機種からの推定範囲,genre-estimate,D,open-model-catalog,camera-large,460,380,560
kodakkodakretinettetype017,camera,Kodak,Kodak Retinette (type 017),コダック,35mm compact MF,35mm MFコンパクト,35mm,MF,fixed,Fixed lens,1952,,335,390,同ジャンルの既知機種からの推定範囲,genre-estimate,D,open-model-catalog,compact-standard,270,220,325
kodakkodakretinettetype022,camera,Kodak,Kodak Retinette (type 022),コダック,35mm compact MF,35mm MFコンパクト,35mm,MF,fixed,Fixed lens,1954,,335,390,同ジャンルの既知機種からの推定範囲,genre-estimate,D,open-model-catalog,compact-standard,270,220,325
kodakkodakretinetteiibtype031,camera,Kodak,Kodak Retinette IIb (type 031),コダック,35mm compact MF,35mm MFコンパクト,35mm,MF,fixed,Fixed lens,1958,,335,390,同ジャンルの既知機種からの推定範囲,genre-estimate,D,open-model-catalog,compact-standard,270,220,325
kodakkodaksix20browniespecial,camera,Kodak,Kodak Six-20 Brownie Special,コダック,35mm compact MF,35mm MFコンパクト,"620 PICTURE SIZE: 2 1/4"" X 3 1/4""",MF,fixed,Fixed lens,1938,,335,390,同ジャンルの既知機種からの推定範囲,genre-estimate,D,open-model-catalog,compact-standard,270,220,325
kodakkodaksix20flashbrownie,camera,Kodak,Kodak Six-20 Flash Brownie,コダック,35mm compact MF,35mm MFコンパクト,"620 PICTURE SIZE: 2 1/4"" X 3 1/4""",MF,fixed,Fixed lens,1940,,335,390,同ジャンルの既知機種からの推定範囲,genre-estimate,D,open-model-catalog,compact-standard,270,220,325
kodakkodaksix20modelc,camera,Kodak,Kodak Six-20 Model C,コダック,Vintage film camera,その他・クラシックカメラ,120,MF,fixed,Fixed lens,1933,,350,1000,同ジャンルの既知機種からの推定範囲,genre-estimate,D,open-model-catalog,camera-large,460,380,560
kodakkodakteleektralite40,camera,Kodak,Kodak Tele-Ektralite 40,コダック,Vintage film camera,その他・クラシックカメラ,110,MF,fixed,Fixed lens,1979,,350,1000,同ジャンルの既知機種からの推定範囲,genre-estimate,D,open-model-catalog,camera-large,460,380,560
kodakkodaktourist,camera,Kodak,Kodak Tourist,コダック,35mm compact MF,35mm MFコンパクト,"620 PICTURE SIZE: 2 1/4"" X 3 1/4""",MF,fixed,Fixed lens,1948,,335,390,同ジャンルの既知機種からの推定範囲,genre-estimate,D,open-model-catalog,compact-standard,270,220,325
kodakkodakvestpocket,camera,Kodak,Kodak Vest Pocket,コダック,35mm compact MF,35mm MFコンパクト,127,MF,fixed,Fixed lens,1912,,335,390,同ジャンルの既知機種からの推定範囲,genre-estimate,D,open-model-catalog,compact-standard,270,220,325
kodakkodakvestpocketautographic,camera,Kodak,Kodak Vest Pocket Autographic,コダック,Large-format camera,大判カメラ,127,MF,interchangeable,Fixed lens,1915,,1000,3000,同ジャンルの既知機種からの推定範囲,genre-estimate,D,open-model-catalog,reinforced-xl,650,520,800
kodakkodakvestpocketmodelb,camera,Kodak,Kodak Vest Pocket Model B,コダック,35mm compact MF,35mm MFコンパクト,127,MF,fixed,Fixed lens,1925,,335,390,同ジャンルの既知機種からの推定範囲,genre-estimate,D,open-model-catalog,compact-standard,270,220,325
kodakkodakvigilantjuniorsix20,camera,Kodak,Kodak Vigilant Junior Six-20,コダック,35mm compact MF,35mm MFコンパクト,"620 PICTURE SIZE: 2 1/4"" X 3 1/4""",MF,fixed,Fixed lens,1940,,335,390,同ジャンルの既知機種からの推定範囲,genre-estimate,D,open-model-catalog,compact-standard,270,220,325
konicakonicaa4,camera,Konica,Konica A4,Big Mini A4 | コニカ,35mm AF compact,35mm AFコンパクト,35mm,AF,fixed,Fixed lens,1989,230,230,230,without battery,reference,B,compiled-specs,compact-slim,215,175,260
konicakonicaautos3,camera,Konica,Konica Auto S3,Auto S3 | AutoS3 | コニカ,35mm fixed-lens rangefinder,35mmレンジファインダー（固定レンズ）,35mm,MF,fixed,Fixed lens,,,340,700,同系統の既知機種からの推定範囲。出品前に実測推奨,genre-estimate,D,expanded-compact-rangefinder-2026,compact-heavy,320,260,390
konicakonicaautoreflext3,camera,Konica,Konica Autoreflex T3,T3 | コニカ,35mm MF SLR,35mm一眼レフ（MF）,35mm,MF,interchangeable,,1973,750,750,750,body only,reference,B,compiled-specs,camera-body,350,290,425
konicakonicaautoreflext4,camera,Konica,Konica Autoreflex T4,T4 | コニカ,35mm MF SLR,35mm一眼レフ（MF）,35mm,MF,interchangeable,,1978,530,530,530,body only,reference,B,compiled-specs,camera-body,350,290,425
konicakonicabigminibm100,camera,Konica,Konica Big Mini BM-100,Big Mini BM-100 | Big Mini BM 100 | BigMiniBM-100 | コニカ,35mm AF compact,35mm AFコンパクト,35mm,AF,fixed,Fixed lens,,,160,430,同系統の既知機種からの推定範囲。出品前に実測推奨,genre-estimate,D,expanded-compact-rangefinder-2026,compact-standard,270,220,325
konicakonicabigminibm200,camera,Konica,Konica Big Mini BM-200,Big Mini BM-200 | Big Mini BM 200 | BigMiniBM-200 | コニカ,35mm AF compact,35mm AFコンパクト,35mm,AF,fixed,Fixed lens,,,160,430,同系統の既知機種からの推定範囲。出品前に実測推奨,genre-estimate,D,expanded-compact-rangefinder-2026,compact-standard,270,220,325
konicakonicabigminibm201,camera,Konica,Konica Big Mini BM-201,Big Mini | コニカ,35mm AF compact,35mm AFコンパクト,35mm,AF,fixed,Fixed lens,1990,180,180,180,without battery,reference,B,compiled-specs,compact-slim,215,175,260
konicakonicabigminibm202,camera,Konica,Konica Big Mini BM-202,Big Mini BM-202 | Big Mini BM 202 | BigMiniBM-202 | コニカ,35mm AF compact,35mm AFコンパクト,35mm,AF,fixed,Fixed lens,,,160,430,同系統の既知機種からの推定範囲。出品前に実測推奨,genre-estimate,D,expanded-compact-rangefinder-2026,compact-standard,270,220,325
konicakonicabigminibm300,camera,Konica,Konica Big Mini BM-300,Big Mini BM-300 | Big Mini BM 300 | BigMiniBM-300 | コニカ,35mm AF compact,35mm AFコンパクト,35mm,AF,fixed,Fixed lens,,,160,430,同系統の既知機種からの推定範囲。出品前に実測推奨,genre-estimate,D,expanded-compact-rangefinder-2026,compact-standard,270,220,325
konicakonicabigminibm301,camera,Konica,Konica Big Mini BM-301,Big Mini BM-301 | Big Mini BM 301 | BigMiniBM-301 | コニカ,35mm AF compact,35mm AFコンパクト,35mm,AF,fixed,Fixed lens,,,160,430,同系統の既知機種からの推定範囲。出品前に実測推奨,genre-estimate,D,expanded-compact-rangefinder-2026,compact-standard,270,220,325
konicakonicabigminibm302,camera,Konica,Konica Big Mini BM-302,Big Mini BM-302 | Big Mini BM 302 | BigMiniBM-302 | コニカ,35mm AF compact,35mm AFコンパクト,35mm,AF,fixed,Fixed lens,,,160,430,同系統の既知機種からの推定範囲。出品前に実測推奨,genre-estimate,D,expanded-compact-rangefinder-2026,compact-standard,270,220,325
konicakonicabigminif,camera,Konica,Konica Big Mini F,Big Mini F | BigMiniF | コニカ,35mm AF compact,35mm AFコンパクト,35mm,AF,fixed,Fixed lens,,,160,430,同系統の既知機種からの推定範囲。出品前に実測推奨,genre-estimate,D,expanded-compact-rangefinder-2026,compact-standard,270,220,325
konicakonicabigminineo,camera,Konica,Konica Big Mini Neo,Big Mini Neo | BigMiniNeo | コニカ,35mm AF compact,35mm AFコンパクト,35mm,AF,fixed,Fixed lens,,,160,430,同系統の既知機種からの推定範囲。出品前に実測推奨,genre-estimate,D,expanded-compact-rangefinder-2026,compact-standard,270,220,325
konicakonicac35,camera,Konica,Konica C35,C35 | コニカ,35mm fixed-lens rangefinder,35mmレンジファインダー（固定レンズ）,35mm,MF,fixed,Fixed lens,,,340,700,同系統の既知機種からの推定範囲。出品前に実測推奨,genre-estimate,D,expanded-compact-rangefinder-2026,compact-heavy,320,260,390
konicakonicac35af,camera,Konica,Konica C35 AF,C35 AF | C35AF | コニカ,35mm AF compact,35mm AFコンパクト,35mm,AF,fixed,Fixed lens,,,160,430,同系統の既知機種からの推定範囲。出品前に実測推奨,genre-estimate,D,expanded-compact-rangefinder-2026,compact-standard,270,220,325
konicakonicac35af2,camera,Konica,Konica C35 AF2,C35 AF2 | C35AF2 | コニカ,35mm AF compact,35mm AFコンパクト,35mm,AF,fixed,Fixed lens,,,160,430,同系統の既知機種からの推定範囲。出品前に実測推奨,genre-estimate,D,expanded-compact-rangefinder-2026,compact-standard,270,220,325
konicakonicac35af3,camera,Konica,Konica C35 AF3,C35 AF3 | C35AF3 | コニカ,35mm AF compact,35mm AFコンパクト,35mm,AF,fixed,Fixed lens,,,160,430,同系統の既知機種からの推定範囲。出品前に実測推奨,genre-estimate,D,expanded-compact-rangefinder-2026,compact-standard,270,220,325
konicakonicac35el,camera,Konica,Konica C35 E&L,C35 E&L | C35E&L | コニカ,35mm fixed-lens rangefinder,35mmレンジファインダー（固定レンズ）,35mm,MF,fixed,Fixed lens,,,340,700,同系統の既知機種からの推定範囲。出品前に実測推奨,genre-estimate,D,expanded-compact-rangefinder-2026,compact-heavy,320,260,390
konicakonicac35ef,camera,Konica,Konica C35 EF,C35 EF | C35EF | コニカ,35mm compact MF,35mm MFコンパクト,35mm,MF,fixed,Fixed lens,,,220,460,同系統の既知機種からの推定範囲。出品前に実測推奨,genre-estimate,D,expanded-compact-rangefinder-2026,compact-standard,270,220,325
konicakonicac35ef3,camera,Konica,Konica C35 EF3,C35 EF3 | C35EF3 | コニカ,35mm compact MF,35mm MFコンパクト,35mm,MF,fixed,Fixed lens,,,220,460,同系統の既知機種からの推定範囲。出品前に実測推奨,genre-estimate,D,expanded-compact-rangefinder-2026,compact-standard,270,220,325
konicakonicac35efp,camera,Konica,Konica C35 EFP,C35 EFP | C35EFP | コニカ,35mm compact MF,35mm MFコンパクト,35mm,MF,fixed,Fixed lens,,,220,460,同系統の既知機種からの推定範囲。出品前に実測推奨,genre-estimate,D,expanded-compact-rangefinder-2026,compact-standard,270,220,325
konicakonicac35fd,camera,Konica,Konica C35 FD,C35 FD | C35FD | コニカ,35mm fixed-lens rangefinder,35mmレンジファインダー（固定レンズ）,35mm,MF,fixed,Fixed lens,,,340,700,同系統の既知機種からの推定範囲。出品前に実測推奨,genre-estimate,D,expanded-compact-rangefinder-2026,compact-heavy,320,260,390
konicakonicac35mf,camera,Konica,Konica C35 MF,C35 MF | C35MF | コニカ,35mm AF compact,35mm AFコンパクト,35mm,AF,fixed,Fixed lens,,,160,430,同系統の既知機種からの推定範囲。出品前に実測推奨,genre-estimate,D,expanded-compact-rangefinder-2026,compact-standard,270,220,325
konicakonicac35v,camera,Konica,Konica C35 V,C35 V | C35V | コニカ,35mm fixed-lens rangefinder,35mmレンジファインダー（固定レンズ）,35mm,MF,fixed,Fixed lens,,,340,700,同系統の既知機種からの推定範囲。出品前に実測推奨,genre-estimate,D,expanded-compact-rangefinder-2026,compact-heavy,320,260,390
konicakonicafs1,camera,Konica,Konica FS-1,FS1 | コニカ,35mm MF SLR,35mm一眼レフ（MF）,35mm,MF,interchangeable,,1979,665,665,665,body only,reference,B,compiled-specs,camera-body,350,290,425
konicakonicaft1,camera,Konica,Konica FT-1,FT1 | コニカ,35mm MF SLR,35mm一眼レフ（MF）,35mm,MF,interchangeable,,1983,720,720,720,body only,reference,B,compiled-specs,camera-body,350,290,425
konicakonicagenbakantoku28hg,camera,Konica,Konica Genba Kantoku 28HG,Genba Kantoku 28HG | GenbaKantoku28HG | コニカ,35mm AF compact,35mm AFコンパクト,35mm,AF,fixed,Fixed lens,,,160,430,同系統の既知機種からの推定範囲。出品前に実測推奨,genre-estimate,D,expanded-compact-rangefinder-2026,compact-standard,270,220,325
konicakonicagenbakantoku28wb,camera,Konica,Konica Genba Kantoku 28WB,Genba Kantoku 28WB | GenbaKantoku28WB | コニカ,35mm AF compact,35mm AFコンパクト,35mm,AF,fixed,Fixed lens,,,160,430,同系統の既知機種からの推定範囲。出品前に実測推奨,genre-estimate,D,expanded-compact-rangefinder-2026,compact-standard,270,220,325
konicakonicagenbakantoku35wb,camera,Konica,Konica Genba Kantoku 35WB,Genba Kantoku 35WB | GenbaKantoku35WB | コニカ,35mm AF compact,35mm AFコンパクト,35mm,AF,fixed,Fixed lens,,,160,430,同系統の既知機種からの推定範囲。出品前に実測推奨,genre-estimate,D,expanded-compact-rangefinder-2026,compact-standard,270,220,325
konicakonicahexaraf,camera,Konica,Konica Hexar AF,Hexar | コニカ,Premium 35mm compact,高級35mmコンパクト,35mm,AF,fixed,Fixed lens,1993,495,495,495,with battery,reference,B,compiled-specs,compact-standard,270,220,325
konicakonicahexarrf,camera,Konica,Konica Hexar RF,Hexar RF | コニカ,35mm interchangeable rangefinder,35mmレンジファインダー（レンズ交換式）,35mm,MF,interchangeable,,1999,560,560,560,body with batteries,reference,B,compiled-specs,compact-heavy,320,260,390
konicakonicamt100,camera,Konica,Konica MT-100,MT-100 | MT 100 | コニカ,35mm AF compact,35mm AFコンパクト,35mm,AF,fixed,Fixed lens,,,160,430,同系統の既知機種からの推定範囲。出品前に実測推奨,genre-estimate,D,expanded-compact-rangefinder-2026,compact-standard,270,220,325
konicakonicapop,camera,Konica,Konica Pop,Pop | コニカ,35mm compact MF,35mm MFコンパクト,35mm,MF,fixed,Fixed lens,,,220,460,同系統の既知機種からの推定範囲。出品前に実測推奨,genre-estimate,D,expanded-compact-rangefinder-2026,compact-standard,270,220,325
konicakonicapop10,camera,Konica,Konica Pop 10,Pop 10 | Pop10 | コニカ,35mm compact MF,35mm MFコンパクト,35mm,MF,fixed,Fixed lens,,,220,460,同系統の既知機種からの推定範囲。出品前に実測推奨,genre-estimate,D,expanded-compact-rangefinder-2026,compact-standard,270,220,325
konicakonicarecorder,camera,Konica,Konica Recorder,Recorder | コニカ,35mm AF compact,35mm AFコンパクト,35mm,AF,fixed,Fixed lens,,,160,430,同系統の既知機種からの推定範囲。出品前に実測推奨,genre-estimate,D,expanded-compact-rangefinder-2026,compact-standard,270,220,325
konicakonicatc,camera,Konica,Konica TC,Autoreflex TC | コニカ,35mm MF SLR,35mm一眼レフ（MF）,35mm,MF,interchangeable,,1976,490,490,490,body only,reference,B,compiled-specs,camera-body,350,290,425
konicakonicazup110,camera,Konica,Konica Z-up 110,Z-up 110 | Z up 110 | Z-up110 | コニカ,35mm zoom compact,35mmズームコンパクト,35mm,AF,fixed,Fixed lens,,,180,480,同系統の既知機種からの推定範囲。出品前に実測推奨,genre-estimate,D,expanded-compact-rangefinder-2026,compact-standard,270,220,325
konicakonicazup70,camera,Konica,Konica Z-up 70,Z-up 70 | Z up 70 | Z-up70 | コニカ,35mm zoom compact,35mmズームコンパクト,35mm,AF,fixed,Fixed lens,,,180,480,同系統の既知機種からの推定範囲。出品前に実測推奨,genre-estimate,D,expanded-compact-rangefinder-2026,compact-standard,270,220,325
konicakonicazup80,camera,Konica,Konica Z-up 80,Z-up 80 | Z up 80 | Z-up80 | コニカ,35mm zoom compact,35mmズームコンパクト,35mm,AF,fixed,Fixed lens,,,180,480,同系統の既知機種からの推定範囲。出品前に実測推奨,genre-estimate,D,expanded-compact-rangefinder-2026,compact-standard,270,220,325
leicaleica250reporterff,camera,Leica,Leica 250 Reporter FF,Leitz | ライカ,Vintage film camera,その他・クラシックカメラ,35mm,MF,interchangeable,Leica screw,1933,,350,1000,同ジャンルの既知機種からの推定範囲,genre-estimate,D,open-model-catalog,camera-large,460,380,560
leicaleica250reportergg,camera,Leica,Leica 250 Reporter GG,Leitz | ライカ,Vintage film camera,その他・クラシックカメラ,35mm,MF,interchangeable,Leica screw,1935,,350,1000,同ジャンルの既知機種からの推定範囲,genre-estimate,D,open-model-catalog,camera-large,460,380,560
leicaleicaaposummicronm35f2asph,lens,Leica,Leica APO-Summicron-M 35 f/2 ASPH,Leitz | ライカ,Rangefinder lens,レンジファインダーレンズ,35mm,MF,lens,Leica M,2021,,100,550,同ジャンルの既知機種からの推定範囲,genre-estimate,D,open-model-catalog,lens-medium,315,255,385
leicaleicacl,camera,Leica,Leica CL,Leitz | Leitz Minolta CL | ライカ | Leica CL aka Compact Leica,35mm interchangeable rangefinder,35mmレンジファインダー（レンズ交換式）,35mm,MF,interchangeable,Leica M,1973,365,365,365,body only,reference,B,compiled-specs,compact-standard,270,220,325
leicaleicacm,camera,Leica,Leica CM,CM | Leitz | ライカ,Premium 35mm compact,高級35mmコンパクト,35mm,AF,fixed,Fixed lens,2004,300,300,300,with battery,reference,B,compiled-specs,compact-standard,270,220,325
leicaleicaelmaritm28mmf28,lens,Leica,Leica Elmarit-M 28mm f/2.8,Elmarit 28 | Leitz | ライカ | Leica Elmarit-M 28mm f/2.8 ASPH | Leitz Elmarit-M 28mm f2.8 ASPH,Rangefinder lens,レンジファインダーレンズ,35mm,MF,lens,Leica M,1979,180,180,180,"lens only, without caps",reference,B,compiled-specs,lens-small,210,165,260
leicaleicaiaelmar,lens,Leica,Leica I (A) Elmar,Leitz | ライカ,Rangefinder lens,レンジファインダーレンズ,35mm,MF,lens,Fixed lens,1926,,100,550,同ジャンルの既知機種からの推定範囲,genre-estimate,D,open-model-catalog,lens-medium,315,255,385
leicaleicaiaelmax,camera,Leica,Leica I (A) Elmax,Leitz | ライカ,35mm compact MF,35mm MFコンパクト,35mm,MF,fixed,Fixed lens,1925,,335,390,同ジャンルの既知機種からの推定範囲,genre-estimate,D,open-model-catalog,compact-standard,270,220,325
leicaleicaibdialcompur,camera,Leica,Leica I (B) Dial Compur,Leitz | ライカ,35mm compact MF,35mm MFコンパクト,35mm,MF,fixed,Fixed lens,1926,,335,390,同ジャンルの既知機種からの推定範囲,genre-estimate,D,open-model-catalog,compact-standard,270,220,325
leicaleicaic,camera,Leica,Leica Ic,Ic | Leitz | ライカ,35mm interchangeable rangefinder,35mmレンジファインダー（レンズ交換式）,35mm,MF,interchangeable,Leica M,1949,425,425,425,body only,reference,C,published-secondary,compact-standard,270,220,325
leicaleicaif,camera,Leica,Leica If,If | Leitz | ライカ,35mm interchangeable rangefinder,35mmレンジファインダー（レンズ交換式）,35mm,MF,interchangeable,Leica M,1952,435,435,435,body only,reference,C,published-secondary,compact-standard,270,220,325
leicaleicaii,camera,Leica,Leica II,Leica II D | Leitz | ライカ | Leica IIIa (G) | Leica II (D),35mm interchangeable rangefinder,35mmレンジファインダー（レンズ交換式）,35mm,MF,interchangeable,Leica M,1932,410,410,410,body only,reference,C,published-secondary,compact-standard,270,220,325
leicaleicaiif,camera,Leica,Leica IIf,IIf | Leitz | ライカ,35mm interchangeable rangefinder,35mmレンジファインダー（レンズ交換式）,35mm,MF,interchangeable,Leica M,1951,430,430,430,body only,reference,C,published-secondary,compact-standard,270,220,325
leicaleicaiiia,camera,Leica,Leica IIIa,IIIa | Leitz | ライカ,35mm interchangeable rangefinder,35mmレンジファインダー（レンズ交換式）,35mm,MF,interchangeable,Leica M,1935,430,430,430,body only,reference,C,published-secondary,compact-standard,270,220,325
leicaleicaiiib,camera,Leica,Leica IIIb,IIIb | Leitz | ライカ,35mm interchangeable rangefinder,35mmレンジファインダー（レンズ交換式）,35mm,MF,interchangeable,Leica M,1938,430,430,430,body only,reference,C,published-secondary,compact-standard,270,220,325
leicaleicaiiic,camera,Leica,Leica IIIc,IIIc | Leitz | ライカ,35mm interchangeable rangefinder,35mmレンジファインダー（レンズ交換式）,35mm,MF,interchangeable,Leica M,1940,430,430,430,body only,reference,C,published-secondary,compact-standard,270,220,325
leicaleicaiiif,camera,Leica,Leica IIIf,IIIf | Leitz | ライカ,35mm interchangeable rangefinder,35mmレンジファインダー（レンズ交換式）,35mm,MF,interchangeable,Leica M,1950,435,435,435,body only,reference,C,published-secondary,compact-standard,270,220,325
leicaleicaiiig,camera,Leica,Leica IIIg,IIIg | Leitz | ライカ,35mm interchangeable rangefinder,35mmレンジファインダー（レンズ交換式）,35mm,MF,interchangeable,Leica M,1957,480,480,480,body only,reference,C,published-secondary,compact-standard,270,220,325
leicaleicaleitz21f34superelmarm,lens,Leica,Leica Leitz 21 f/3.4 Super Elmar M,Leitz | ライカ,Rangefinder lens,レンジファインダーレンズ,35mm,MF,lens,Leica M,2011,,100,550,同ジャンルの既知機種からの推定範囲,genre-estimate,D,open-model-catalog,lens-medium,315,255,385
leicaleicam1,camera,Leica,Leica M1,Leitz | M1 | ライカ,35mm interchangeable rangefinder,35mmレンジファインダー（レンズ交換式）,35mm,MF,interchangeable,Leica M,1959,545,545,545,body only,reference,C,published-secondary,compact-heavy,320,260,390
leicaleicam2,camera,Leica,Leica M2,Leitz | M2 | ライカ,35mm interchangeable rangefinder,35mmレンジファインダー（レンズ交換式）,35mm,MF,interchangeable,Leica M,1957,560,560,560,body only,reference,B,compiled-specs,compact-heavy,320,260,390
leicaleicam3,camera,Leica,Leica M3,Leitz | M3 | ライカ,35mm interchangeable rangefinder,35mmレンジファインダー（レンズ交換式）,35mm,MF,interchangeable,Leica M,1954,580,580,580,body only,reference,B,compiled-specs,compact-heavy,320,260,390
leicaleicam4,camera,Leica,Leica M4,Leitz | M4 | ライカ | Leica M4.2,35mm interchangeable rangefinder,35mmレンジファインダー（レンズ交換式）,35mm,MF,interchangeable,Leica M,1967,560,560,560,body only,reference,B,compiled-specs,compact-heavy,320,260,390
leicaleicam4p,camera,Leica,Leica M4-P,Leitz | M4P | ライカ,35mm interchangeable rangefinder,35mmレンジファインダー（レンズ交換式）,35mm,MF,interchangeable,Leica M,1980,520,520,520,body only,reference,B,compiled-specs,compact-heavy,320,260,390
leicaleicam5,camera,Leica,Leica M5,Leitz | M5 | ライカ,35mm interchangeable rangefinder,35mmレンジファインダー（レンズ交換式）,35mm,MF,interchangeable,Leica M,1971,700,700,700,body only,reference,B,compiled-specs,compact-heavy,320,260,390
leicaleicam6,camera,Leica,Leica M6,Leitz | M6 Classic | M6 TTL | ライカ | Leica M6 TTL,35mm interchangeable rangefinder,35mmレンジファインダー（レンズ交換式）,35mm,MF,interchangeable,Leica M,1984,560,560,560,body only,reference,B,compiled-specs,compact-heavy,320,260,390
leicaleicam7,camera,Leica,Leica M7,Leitz | M7 | ライカ,35mm interchangeable rangefinder,35mmレンジファインダー（レンズ交換式）,35mm,MF,interchangeable,Leica M,2002,610,610,610,body with battery,reference,B,compiled-specs,compact-heavy,320,260,390
leicaleicamacroelmarm90mmf4,lens,Leica,Leica Macro-Elmar-M 90mm f/4,Leitz | ライカ,Rangefinder lens,レンジファインダーレンズ,35mm,MF,lens,Leica M,2014,,100,550,同ジャンルの既知機種からの推定範囲,genre-estimate,D,open-model-catalog,lens-medium,315,255,385
leicaleicamda,camera,Leica,Leica MDa,Leitz | MDa | ライカ,35mm interchangeable rangefinder,35mmレンジファインダー（レンズ交換式）,35mm,MF,interchangeable,Leica M,1966,510,510,510,body only,reference,C,published-secondary,compact-heavy,320,260,390
leicaleicaminiii,camera,Leica,Leica Mini II,Leitz | Mini 2 | ライカ,35mm AF compact,35mm AFコンパクト,35mm,AF,fixed,Fixed lens,1993,160,160,160,without battery,reference,B,compiled-specs,compact-slim,215,175,260
leicaleicaminizoom,camera,Leica,Leica Mini Zoom,Leitz | ライカ,35mm AF compact,35mm AFコンパクト,35mm,AF,fixed,Fixed lens,,,160,390,同ジャンルの既知機種からの推定範囲,genre-estimate,D,open-model-catalog,compact-standard,270,220,325
leicaleicaminilux,camera,Leica,Leica Minilux,Leitz | Minilux | ライカ | Leica Minilux Zoom,Premium 35mm compact,高級35mmコンパクト,35mm,AF,fixed,Fixed lens,1995,330,330,330,with battery,reference,B,compiled-specs,compact-standard,270,220,325
leicaleicamp,camera,Leica,Leica MP,Leitz | MP | ライカ,35mm interchangeable rangefinder,35mmレンジファインダー（レンズ交換式）,35mm,MF,interchangeable,Leica M,2003,585,585,585,body with battery,reference,B,compiled-specs,compact-heavy,320,260,390
leicaleicanoctiluxm50mmf095apsh,lens,Leica,Leica Noctilux-M 50mm f/0.95 APSH,Leitz | ライカ,Rangefinder lens,レンジファインダーレンズ,35mm,MF,lens,Leica M,2017,,100,550,同ジャンルの既知機種からの推定範囲,genre-estimate,D,open-model-catalog,lens-medium,315,255,385
leicaleicare,camera,Leica,Leica R-E,Leitz | R-E | ライカ,35mm MF SLR,35mm一眼レフ（MF）,35mm,MF,interchangeable,Leica R,1990,625,625,625,body only,reference,C,published-secondary,camera-body,350,290,425
leicaleicar3,camera,Leica,Leica R3,Leitz | R3 | ライカ,35mm MF SLR,35mm一眼レフ（MF）,35mm,MF,interchangeable,Leica R,1976,780,780,780,body only,reference,C,published-secondary,camera-body,350,290,425
leicaleicar4,camera,Leica,Leica R4,Leitz | R4 | ライカ | Leica R4s Mod P aka Leica R4s Mod 2,35mm MF SLR,35mm一眼レフ（MF）,35mm,MF,interchangeable,Leica R,1980,630,630,630,body only,reference,C,published-secondary,camera-body,350,290,425
leicaleicar4s,camera,Leica,Leica R4s,Leitz | R4s | ライカ,35mm MF SLR,35mm一眼レフ（MF）,35mm,MF,interchangeable,Leica R,1983,625,625,625,body only,reference,C,published-secondary,camera-body,350,290,425
leicaleicar6,camera,Leica,Leica R6,Leitz | R6 | ライカ,35mm MF SLR,35mm一眼レフ（MF）,35mm,MF,interchangeable,Leica R,1988,625,625,625,body only,reference,C,published-secondary,camera-body,350,290,425
leicaleicar7,camera,Leica,Leica R7,Leitz | R7 | ライカ,35mm MF SLR,35mm一眼レフ（MF）,35mm,MF,interchangeable,Leica R,1992,670,670,670,body only,reference,C,published-secondary,camera-body,350,290,425
leicaleicar8,camera,Leica,Leica R8,Leitz | R8 | ライカ,35mm MF SLR,35mm一眼レフ（MF）,35mm,MF,interchangeable,Leica R,1996,890,890,890,body only,reference,C,published-secondary,camera-large,460,380,560
leicaleicasofort,lens,Leica,Leica SOFORT,Leitz | ライカ,Rangefinder lens,レンジファインダーレンズ,35mm,MF,lens,Fixed lens,2016,,100,550,同ジャンルの既知機種からの推定範囲,genre-estimate,D,open-model-catalog,lens-medium,315,255,385
leicaleicastandarde,camera,Leica,Leica Standard (E),Leitz | ライカ,Vintage film camera,その他・クラシックカメラ,35mm,MF,interchangeable,Leica screw,1932,,350,1000,同ジャンルの既知機種からの推定範囲,genre-estimate,D,open-model-catalog,camera-large,460,380,560
leicaleicasummaronm28mmf56,lens,Leica,Leica Summaron-M 28mm f/5.6,Leitz | ライカ,Rangefinder lens,レンジファインダーレンズ,35mm,MF,lens,Leica M,2016,,100,550,同ジャンルの既知機種からの推定範囲,genre-estimate,D,open-model-catalog,lens-medium,315,255,385
leicaleicasummicronm28f2asph,lens,Leica,Leica Summicron-M 28 f/2 ASPH,Leitz | ライカ,Rangefinder lens,レンジファインダーレンズ,35mm,MF,lens,Leica M,2020,,100,550,同ジャンルの既知機種からの推定範囲,genre-estimate,D,open-model-catalog,lens-medium,315,255,385
leicaleicasummicronm28mmf2asph,lens,Leica,Leica Summicron-M 28mm f/2 ASPH,Leitz | ライカ,Rangefinder lens,レンジファインダーレンズ,35mm,MF,lens,Leica M,2016,,100,550,同ジャンルの既知機種からの推定範囲,genre-estimate,D,open-model-catalog,lens-medium,315,255,385
leicaleicasummicronm35mmf2asph,lens,Leica,Leica Summicron-M 35mm f/2 ASPH,Leitz | Summicron 35 ASPH | ライカ,Rangefinder lens,レンジファインダーレンズ,35mm,MF,lens,Leica M,1996,255,255,255,"lens only, without caps",reference,B,compiled-specs,lens-medium,315,255,385
leicaleicasummicronm50mmf2,lens,Leica,Leica Summicron-M 50mm f/2,Leitz | Summicron 50 | ライカ | Leica APO-Summicron-M 50mm f/2 ASPH LHSA | Leica APO-Summicron-M 50mm f/2 ASPH,Rangefinder lens,レンジファインダーレンズ,35mm,MF,lens,Leica M,1979,240,240,240,"lens only, without caps",reference,B,compiled-specs,lens-small,210,165,260
leicaleicasummiluxm21mmf14asph,lens,Leica,Leica Summilux-M 21mm f/1.4 ASPH,Leitz | ライカ,Rangefinder lens,レンジファインダーレンズ,35mm,MF,lens,Leica M,,,100,550,同ジャンルの既知機種からの推定範囲,genre-estimate,D,open-model-catalog,lens-medium,315,255,385
leicaleicasummiluxm24mmf14asph,lens,Leica,Leica Summilux-M 24mm f/1.4 ASPH,Leitz | ライカ,Rangefinder lens,レンジファインダーレンズ,35mm,MF,lens,Leica M,,,100,550,同ジャンルの既知機種からの推定範囲,genre-estimate,D,open-model-catalog,lens-medium,315,255,385
leicaleicasummiluxm28mmf14asph,lens,Leica,Leica Summilux-M 28mm f/1.4 ASPH,Leitz | ライカ,Rangefinder lens,レンジファインダーレンズ,35mm,MF,lens,Leica M,2015,,100,550,同ジャンルの既知機種からの推定範囲,genre-estimate,D,open-model-catalog,lens-medium,315,255,385
leicaleicasummiluxm50mmf14asph,lens,Leica,Leica SUMMILUX-M 50mm f/1.4 ASPH,Leitz | ライカ,Rangefinder lens,レンジファインダーレンズ,35mm,MF,lens,Leica M,,,100,550,同ジャンルの既知機種からの推定範囲,genre-estimate,D,open-model-catalog,lens-medium,315,255,385
leicaleicasummiluxm90mmf15asph,lens,Leica,Leica SUMMILUX-M 90 mm f/1.5 ASPH,Leitz | ライカ,Rangefinder lens,レンジファインダーレンズ,35mm,MF,lens,Leica M,2019,,100,550,同ジャンルの既知機種からの推定範囲,genre-estimate,D,open-model-catalog,lens-medium,315,255,385
leicaleicaflex,camera,Leica,Leicaflex,Leitz | Original Leicaflex | ライカ | Leicaflex SL Mot,35mm MF SLR,35mm一眼レフ（MF）,35mm,MF,interchangeable,Leica R,1964,770,770,770,body only,reference,C,published-secondary,camera-body,350,290,425
leicaleicaflexsl,camera,Leica,Leicaflex SL,Leitz | SL | ライカ | Leicaflex SL2 50 Jahre | Leicaflex SL2 Mot,35mm MF SLR,35mm一眼レフ（MF）,35mm,MF,interchangeable,Leica R,1968,770,770,770,body only,reference,C,published-secondary,camera-body,350,290,425
leicaleicaflexsl2,camera,Leica,Leicaflex SL2,Leitz | SL2 | ライカ,35mm MF SLR,35mm一眼レフ（MF）,35mm,MF,interchangeable,Leica R,1974,770,770,770,body only,reference,C,published-secondary,camera-body,350,290,425
leicaleitz135mmf28elmaritr,lens,Leica,Leitz 135mm f/2.8 Elmarit-R,Leitz | ライカ,Rangefinder lens,レンジファインダーレンズ,35mm,MF,lens,Leica R,,,100,550,同ジャンルの既知機種からの推定範囲,genre-estimate,D,open-model-catalog,lens-medium,315,255,385
leicaleitz135mmf4elmar,lens,Leica,Leitz 135mm f/4 Elmar,Leitz | ライカ,35mm manual-focus lens,35mm MFレンズ,35mm,MF,lens,Leica M,,,165,250,同ジャンルの既知機種からの推定範囲,genre-estimate,D,open-model-catalog,lens-small,210,165,260
leicaleitz180mmf28elmaritr,lens,Leica,Leitz 180mm f/2.8 Elmarit-R,Leitz | ライカ,Rangefinder lens,レンジファインダーレンズ,35mm,MF,lens,Leica R,,,100,550,同ジャンルの既知機種からの推定範囲,genre-estimate,D,open-model-catalog,lens-medium,315,255,385
leicaleitz21mmf28elmaritm,lens,Leica,Leitz 21mm f/2.8 Elmarit-M,Leitz | ライカ,Rangefinder lens,レンジファインダーレンズ,35mm,MF,lens,Leica M,,,100,550,同ジャンルの既知機種からの推定範囲,genre-estimate,D,open-model-catalog,lens-medium,315,255,385
leicaleitz21mmf4superangulonr,lens,Leica,Leitz 21mm f/4 Super-Angulon-R,Leitz | ライカ,35mm manual-focus lens,35mm MFレンズ,35mm,MF,lens,Leica R,,,165,250,同ジャンルの既知機種からの推定範囲,genre-estimate,D,open-model-catalog,lens-small,210,165,260
leicaleitz28mmf28elmarit,lens,Leica,Leitz 28mm f/2.8 Elmarit,Leitz | ライカ,Rangefinder lens,レンジファインダーレンズ,35mm,MF,lens,Leica M,,,100,550,同ジャンルの既知機種からの推定範囲,genre-estimate,D,open-model-catalog,lens-medium,315,255,385
leicaleitz28mmf28elmaritr,lens,Leica,Leitz 28mm f/2.8 Elmarit-R,Leitz | ライカ,Rangefinder lens,レンジファインダーレンズ,35mm,MF,lens,Leica R,,,100,550,同ジャンルの既知機種からの推定範囲,genre-estimate,D,open-model-catalog,lens-medium,315,255,385
leicaleitz3570mmf35varioelmarr,lens,Leica,Leitz 35-70mm f/3.5 Vario-Elmar-R,Leitz | ライカ,35mm manual-focus lens,35mm MFレンズ,35mm,MF,lens,Leica R,,,165,250,同ジャンルの既知機種からの推定範囲,genre-estimate,D,open-model-catalog,lens-small,210,165,260
leicaleitz35mmf14summilux,lens,Leica,Leitz 35mm f/1.4 Summilux,Leitz | ライカ,35mm manual-focus lens,35mm MFレンズ,35mm,MF,lens,Leica M,,,165,250,同ジャンルの既知機種からの推定範囲,genre-estimate,D,open-model-catalog,lens-small,210,165,260
leicaleitz35mmf2summicronm,lens,Leica,Leitz 35mm f/2 Summicron-M,Leitz | ライカ,Rangefinder lens,レンジファインダーレンズ,35mm,MF,lens,Leica M,,,100,550,同ジャンルの既知機種からの推定範囲,genre-estimate,D,open-model-catalog,lens-medium,315,255,385
leicaleitz35mmf2summicronmaspherical,lens,Leica,Leitz 35mm f/2 Summicron-M Aspherical,Leitz | ライカ,Rangefinder lens,レンジファインダーレンズ,35mm,MF,lens,Leica M,,,100,550,同ジャンルの既知機種からの推定範囲,genre-estimate,D,open-model-catalog,lens-medium,315,255,385
leicaleitz35mmf35summaron,lens,Leica,Leitz 35mm f/3.5 Summaron,Leitz | ライカ,35mm manual-focus lens,35mm MFレンズ,35mm,MF,lens,Leica screw,,,165,250,同ジャンルの既知機種からの推定範囲,genre-estimate,D,open-model-catalog,lens-small,210,165,260
leicaleitz50mmf10noctilux,lens,Leica,Leitz 50mm f/1.0 Noctilux,Leitz | ライカ,35mm manual-focus lens,35mm MFレンズ,35mm,MF,lens,Leica M,,,165,250,同ジャンルの既知機種からの推定範囲,genre-estimate,D,open-model-catalog,lens-small,210,165,260
leicaleitz50mmf14summilux,lens,Leica,Leitz 50mm f/1.4 Summilux,Leitz | ライカ,35mm manual-focus lens,35mm MFレンズ,35mm,MF,lens,Leica M,,,165,250,同ジャンルの既知機種からの推定範囲,genre-estimate,D,open-model-catalog,lens-small,210,165,260
leicaleitz50mmf15summarit,lens,Leica,Leitz 50mm f/1.5 Summarit,Leitz | ライカ,35mm manual-focus lens,35mm MFレンズ,35mm,MF,lens,Leica screw,,,165,250,同ジャンルの既知機種からの推定範囲,genre-estimate,D,open-model-catalog,lens-small,210,165,260
leicaleitz50mmf2summarcollapsible,lens,Leica,Leitz 50mm f/2 Summar Collapsible,Leitz | ライカ,35mm manual-focus lens,35mm MFレンズ,35mm,MF,lens,Leica screw,,,165,250,同ジャンルの既知機種からの推定範囲,genre-estimate,D,open-model-catalog,lens-small,210,165,260
leicaleitz50mmf2summicronsm,lens,Leica,Leitz 50mm f/2 Summicron (SM),Leitz | ライカ,Rangefinder lens,レンジファインダーレンズ,35mm,MF,lens,Leica screw,,,100,550,同ジャンルの既知機種からの推定範囲,genre-estimate,D,open-model-catalog,lens-medium,315,255,385
leicaleitz50mmf2summicronmcollapsible,lens,Leica,Leitz 50mm f/2 Summicron M Collapsible,Leitz | ライカ,Rangefinder lens,レンジファインダーレンズ,35mm,MF,lens,Leica M,,,100,550,同ジャンルの既知機種からの推定範囲,genre-estimate,D,open-model-catalog,lens-medium,315,255,385
leicaleitz50mmf2summicronr,lens,Leica,Leitz 50mm f/2 Summicron-R,Leitz | ライカ,Rangefinder lens,レンジファインダーレンズ,35mm,MF,lens,Leica R,,,100,550,同ジャンルの既知機種からの推定範囲,genre-estimate,D,open-model-catalog,lens-medium,315,255,385
leicaleitz50mmf2summitarcollapsible,lens,Leica,Leitz 50mm f/2 Summitar Collapsible,Leitz | ライカ,35mm manual-focus lens,35mm MFレンズ,35mm,MF,lens,Leica screw,,,165,250,同ジャンルの既知機種からの推定範囲,genre-estimate,D,open-model-catalog,lens-small,210,165,260
leicaleitz60mmf28macroelmaritr,lens,Leica,Leitz 60mm f/2.8 Macro-Elmarit-R,Leitz | ライカ,Rangefinder lens,レンジファインダーレンズ,35mm,MF,lens,Leica R,,,100,550,同ジャンルの既知機種からの推定範囲,genre-estimate,D,open-model-catalog,lens-medium,315,255,385
leicaleitz75mmf14summiluxm,lens,Leica,Leitz 75mm f/1.4 Summilux-M,Leitz | ライカ,35mm manual-focus lens,35mm MFレンズ,35mm,MF,lens,Leica M,,,165,250,同ジャンルの既知機種からの推定範囲,genre-estimate,D,open-model-catalog,lens-small,210,165,260
leicaleitz90mmf2summicronm,lens,Leica,Leitz 90mm f/2 Summicron-M,Leitz | ライカ,Rangefinder lens,レンジファインダーレンズ,35mm,MF,lens,Leica M,,,100,550,同ジャンルの既知機種からの推定範囲,genre-estimate,D,open-model-catalog,lens-medium,315,255,385
leicaleitz90mmf28elmaritm,lens,Leica,Leitz 90mm f/2.8 Elmarit-M,Leitz | ライカ,Rangefinder lens,レンジファインダーレンズ,35mm,MF,lens,Leica M,,,100,550,同ジャンルの既知機種からの推定範囲,genre-estimate,D,open-model-catalog,lens-medium,315,255,385
leicaleitz90mmf28teleelmarit,lens,Leica,Leitz 90mm f/2.8 Tele-Elmarit,Leitz | ライカ,Rangefinder lens,レンジファインダーレンズ,35mm,MF,lens,Leica M,,,100,550,同ジャンルの既知機種からの推定範囲,genre-estimate,D,open-model-catalog,lens-medium,315,255,385
leicaleitz90mmf4elmarc,lens,Leica,Leitz 90mm f/4 Elmar-C,Leitz | ライカ,35mm manual-focus lens,35mm MFレンズ,35mm,MF,lens,Leica M,,,165,250,同ジャンルの既知機種からの推定範囲,genre-estimate,D,open-model-catalog,lens-small,210,165,260
leicaleitzelmar50mmf35,lens,Leica,Leitz Elmar 50mm f/3.5,Leitz | ライカ,35mm manual-focus lens,35mm MFレンズ,35mm,MF,lens,Leica screw,,,165,250,同ジャンルの既知機種からの推定範囲,genre-estimate,D,open-model-catalog,lens-small,210,165,260
leicaleitzelmar90mmf4,lens,Leica,Leitz Elmar 90mm f/4,Leitz | ライカ,35mm manual-focus lens,35mm MFレンズ,35mm,MF,lens,Leica screw,,,165,250,同ジャンルの既知機種からの推定範囲,genre-estimate,D,open-model-catalog,lens-small,210,165,260
leicaleitzhektor135mmf45,lens,Leica,Leitz Hektor 135mm f/4.5,Leitz | ライカ,35mm manual-focus lens,35mm MFレンズ,35mm,MF,lens,Leica screw,,,165,250,同ジャンルの既知機種からの推定範囲,genre-estimate,D,open-model-catalog,lens-small,210,165,260
leicaleitziiick,camera,Leica,Leitz IIIC-K,Leitz | ライカ,Vintage film camera,その他・クラシックカメラ,35mm,MF,interchangeable,Leica screw,1940,,350,1000,同ジャンルの既知機種からの推定範囲,genre-estimate,D,open-model-catalog,camera-large,460,380,560
leicaleitzr3mot,camera,Leica,Leitz R3 Mot,Leitz | ライカ,35mm MF SLR,35mm一眼レフ（MF）,35mm,MF,interchangeable,Leica R,1977,,470,745,同ジャンルの既知機種からの推定範囲,genre-estimate,D,open-model-catalog,camera-body,350,290,425
leicaleitzr3safari,camera,Leica,Leitz R3 Safari,Leitz | ライカ,35mm MF SLR,35mm一眼レフ（MF）,35mm,MF,interchangeable,Leica R,1978,,470,745,同ジャンルの既知機種からの推定範囲,genre-estimate,D,open-model-catalog,camera-body,350,290,425
leicaleitzr4mot,camera,Leica,Leitz R4 Mot,Leitz | ライカ,35mm MF SLR,35mm一眼レフ（MF）,35mm,MF,interchangeable,Leica R,1982,,470,745,同ジャンルの既知機種からの推定範囲,genre-estimate,D,open-model-catalog,camera-body,350,290,425
leicaleitzsummaritm35mmf25,lens,Leica,Leitz Summarit-M 35mm f/2.5,Leitz | ライカ,35mm manual-focus lens,35mm MFレンズ,35mm,MF,lens,Leica M,2007,,165,250,同ジャンルの既知機種からの推定範囲,genre-estimate,D,open-model-catalog,lens-small,210,165,260
leicaleitzsummaritm50mmf25,lens,Leica,Leitz Summarit-M 50mm f/2.5,Leitz | ライカ,35mm manual-focus lens,35mm MFレンズ,35mm,MF,lens,Leica M,2007,,165,250,同ジャンルの既知機種からの推定範囲,genre-estimate,D,open-model-catalog,lens-small,210,165,260
leicaleitzsummaritm75mmf25,lens,Leica,Leitz Summarit-M 75mm f/2.5,Leitz | ライカ,35mm manual-focus lens,35mm MFレンズ,35mm,MF,lens,Leica M,2007,,165,250,同ジャンルの既知機種からの推定範囲,genre-estimate,D,open-model-catalog,lens-small,210,165,260
leicaleitzsummaritm90mmf25,lens,Leica,Leitz Summarit-M 90mm f/2.5,Leitz | ライカ,35mm manual-focus lens,35mm MFレンズ,35mm,MF,lens,Leica M,2007,,165,250,同ジャンルの既知機種からの推定範囲,genre-estimate,D,open-model-catalog,lens-small,210,165,260
leicaleitzthambar90mmf22,lens,Leica,Leitz Thambar 90mm f/2.2,Leitz | ライカ,35mm manual-focus lens,35mm MFレンズ,35mm,MF,lens,Leica screw,1935,,165,250,同ジャンルの既知機種からの推定範囲,genre-estimate,D,open-model-catalog,lens-small,210,165,260
leicaleitztrielmarm161821mmf4asph,lens,Leica,Leitz Tri-Elmar-M  16-18-21mm f/4 ASPH,Leitz | ライカ,35mm manual-focus lens,35mm MFレンズ,35mm,MF,lens,Leica M,2006,,165,250,同ジャンルの既知機種からの推定範囲,genre-estimate,D,open-model-catalog,lens-small,210,165,260
lomographylomographydianaf,camera,Lomography,Lomography Diana F+,Diana F Plus,Toy camera,トイカメラ,120,fixed,fixed,Fixed lens,2007,350,350,350,camera without flash,reference,B,compiled-specs,compact-heavy,320,260,390
mamiyamamiya6,camera,Mamiya,Mamiya 6,Mamiya Six New | マミヤ,Medium-format rangefinder,中判レンジファインダー,120,MF,interchangeable,Mamiya 645,1989,900,900,900,body without lens,reference,B,compiled-specs,camera-large,460,380,560
mamiyamamiya6451000s,camera,Mamiya,Mamiya 645 1000S,645 1000S | マミヤ,Medium-format SLR,中判一眼レフ,120,MF,interchangeable,Mamiya 645,1976,1300,1300,1300,"standard body with finder and insert, no lens",reference,B,compiled-specs,camera-large,460,380,560
mamiyamamiya645pro,camera,Mamiya,Mamiya 645 Pro,645 Pro | マミヤ,Medium-format SLR,中判一眼レフ,120,MF,interchangeable,Mamiya 645,1992,1100,1100,1100,"body with finder and back, no lens",reference,B,compiled-specs,camera-large,460,380,560
mamiyamamiya645super,camera,Mamiya,Mamiya 645 Super,645 Super | マミヤ,Medium-format SLR,中判一眼レフ,120,MF,interchangeable,Mamiya 645,1985,1100,1100,1100,"body with finder and back, no lens",reference,B,compiled-specs,camera-large,460,380,560
mamiyamamiya645af,camera,Mamiya,Mamiya 645AF,645 AF | マミヤ,Medium-format SLR,中判一眼レフ,120,AF,interchangeable,Mamiya 645,1999,1340,1340,1340,body without lens,reference,B,compiled-specs,camera-large,460,380,560
mamiyamamiya7,camera,Mamiya,Mamiya 7,Mamiya 7II | マミヤ,Medium-format rangefinder,中判レンジファインダー,120,MF,interchangeable,Mamiya 645,1995,920,920,920,body without lens,reference,B,compiled-specs,camera-large,460,380,560
mamiyamamiyac220,camera,Mamiya,Mamiya C220,C220 | マミヤ,Twin-lens reflex,二眼レフ,120,MF,interchangeable,Mamiya 645,1968,1540,1540,1540,body with standard 80mm lens,reference,B,compiled-specs,reinforced-xl,650,520,800
mamiyamamiyac330,camera,Mamiya,Mamiya C330,C330 | マミヤ,Twin-lens reflex,二眼レフ,120,MF,interchangeable,Mamiya 645,1969,1700,1700,1700,body with standard 80mm lens,reference,B,compiled-specs,reinforced-xl,650,520,800
mamiyamamiyarb67pros,camera,Mamiya,Mamiya RB67 Pro S,RB67 | マミヤ,Medium-format SLR,中判一眼レフ,120,MF,interchangeable,Mamiya RB/RZ,1974,2690,2690,2690,"standard kit with 90mm lens, finder and back",reference,B,compiled-specs,reinforced-xl,650,520,800
mamiyamamiyarz67proii,camera,Mamiya,Mamiya RZ67 Pro II,RZ67 | マミヤ,Medium-format SLR,中判一眼レフ,120,MF,interchangeable,Mamiya RB/RZ,1993,2490,2490,2490,"body, finder and back without lens",reference,B,compiled-specs,reinforced-xl,650,520,800
mamiyamamiyasekorc80mmf28645,lens,Mamiya,Mamiya Sekor C 80mm f/2.8 645,Mamiya 645 80mm | マミヤ,Medium-format lens,中判レンズ,120,MF,lens,Mamiya 645,1975,310,310,310,"lens only, without caps",reference,B,compiled-specs,lens-medium,315,255,385
mamiyamamiyasekorc90mmf38rb,lens,Mamiya,Mamiya Sekor C 90mm f/3.8 RB,RB67 90mm | マミヤ,Medium-format lens,中判レンズ,120,MF,lens,Mamiya RB/RZ,1974,790,790,790,"lens only, without caps",reference,B,compiled-specs,lens-large,430,350,530
mamiyamamiyasekorz110mmf28rz,lens,Mamiya,Mamiya Sekor Z 110mm f/2.8 RZ,RZ67 110mm | マミヤ,Medium-format lens,中判レンズ,120,MF,lens,Mamiya RB/RZ,1982,610,610,610,"lens only, without caps",reference,B,compiled-specs,lens-medium,315,255,385
minoltakonicaminolta1735mmf284daf,lens,Minolta,Konica-Minolta 17-35mm f/2.8-4 (D) AF,ミノルタ,35mm autofocus zoom lens,35mm AFズームレンズ,35mm,AF,lens,,2004,,200,705,同ジャンルの既知機種からの推定範囲,genre-estimate,D,open-model-catalog,lens-large,430,350,530
minoltakonicaminolta2875mmf28daf,lens,Minolta,Konica-Minolta 28-75mm f/2.8 (D) AF,ミノルタ,35mm autofocus zoom lens,35mm AFズームレンズ,35mm,AF,lens,,2004,,200,705,同ジャンルの既知機種からの推定範囲,genre-estimate,D,open-model-catalog,lens-large,430,350,530
minoltaminolta100mmf28dafmacro,lens,Minolta,Minolta 100mm f/2.8 (D) AF Macro,ミノルタ,35mm autofocus lens,35mm AFレンズ,35mm,AF,lens,,2000,,155,290,同ジャンルの既知機種からの推定範囲,genre-estimate,D,open-model-catalog,lens-medium,315,255,385
minoltaminolta100mmf4autobellowsrokkor,lens,Minolta,Minolta 100mm f/4 Auto Bellows Rokkor,ミノルタ,35mm manual-focus lens,35mm MFレンズ,35mm,MF,lens,Minolta SR/MD,,,165,250,同ジャンルの既知機種からの推定範囲,genre-estimate,D,open-model-catalog,lens-small,210,165,260
minoltaminolta110zoomslr,camera,Minolta,Minolta 110 Zoom SLR,110 Zoom | ミノルタ,110 SLR,110一眼レフ,110,MF,fixed,Fixed lens,1976,430,430,430,with fixed lens,reference,B,compiled-specs,camera-body,350,290,425
minoltaminolta135mmf28mctelerokkorpf,lens,Minolta,Minolta 135mm f/2.8 MC Tele-Rokkor-PF,ミノルタ,35mm manual-focus lens,35mm MFレンズ,35mm,MF,lens,Minolta SR/MC,1966,,165,250,同ジャンルの既知機種からの推定範囲,genre-estimate,D,open-model-catalog,lens-small,210,165,260
minoltaminolta135mmf28mctelerokkorxpf,lens,Minolta,Minolta 135mm f/2.8 MC Tele-Rokkor-X PF,ミノルタ,35mm manual-focus lens,35mm MFレンズ,35mm,MF,lens,Minolta SR/MC,1972,,165,250,同ジャンルの既知機種からの推定範囲,genre-estimate,D,open-model-catalog,lens-small,210,165,260
minoltaminolta135mmf28md,lens,Minolta,Minolta 135mm f/2.8 MD,ミノルタ,35mm manual-focus lens,35mm MFレンズ,35mm,MF,lens,Minolta SR/MD,,,165,250,同ジャンルの既知機種からの推定範囲,genre-estimate,D,open-model-catalog,lens-small,210,165,260
minoltaminolta135mmf35mctelecelticqd,lens,Minolta,Minolta 135mm f/3.5 MC Tele Celtic-QD,ミノルタ,35mm manual-focus lens,35mm MFレンズ,35mm,MF,lens,Minolta SR/MC,,,165,250,同ジャンルの既知機種からの推定範囲,genre-estimate,D,open-model-catalog,lens-small,210,165,260
minoltaminolta135mmf35mdceltic,lens,Minolta,Minolta 135mm f/3.5 MD Celtic,ミノルタ,35mm manual-focus lens,35mm MFレンズ,35mm,MF,lens,Minolta SR/MD,1981,,165,250,同ジャンルの既知機種からの推定範囲,genre-estimate,D,open-model-catalog,lens-small,210,165,260
minoltaminolta16eeii,camera,Minolta,Minolta 16 EE II,ミノルタ,35mm compact MF,35mm MFコンパクト,16MM,MF,fixed,Fixed lens,1963,,335,390,同ジャンルの既知機種からの推定範囲,genre-estimate,D,open-model-catalog,compact-standard,270,220,325
minoltaminolta16i,camera,Minolta,Minolta 16 I,ミノルタ,35mm compact MF,35mm MFコンパクト,16MM PICTURE SIZE: 10X14MM,MF,fixed,Fixed lens,1957,,335,390,同ジャンルの既知機種からの推定範囲,genre-estimate,D,open-model-catalog,compact-standard,270,220,325
minoltaminolta16ii,camera,Minolta,Minolta 16 II,ミノルタ,35mm compact MF,35mm MFコンパクト,16MM PICTURE SIZE: 10X14MM,MF,fixed,Fixed lens,1960,,335,390,同ジャンルの既知機種からの推定範囲,genre-estimate,D,open-model-catalog,compact-standard,270,220,325
minoltaminolta16mgs,camera,Minolta,Minolta 16 MG-S,ミノルタ,35mm compact MF,35mm MFコンパクト,16MM,MF,fixed,Fixed lens,1969,,335,390,同ジャンルの既知機種からの推定範囲,genre-estimate,D,open-model-catalog,compact-standard,270,220,325
minoltaminolta16p,camera,Minolta,Minolta 16 P,ミノルタ,35mm compact MF,35mm MFコンパクト,16MM PICTURE SIZE: 10X14MM,MF,fixed,Fixed lens,1960,,335,390,同ジャンルの既知機種からの推定範囲,genre-estimate,D,open-model-catalog,compact-standard,270,220,325
minoltaminolta16ps,camera,Minolta,Minolta 16 PS,ミノルタ,35mm compact MF,35mm MFコンパクト,16MM,MF,fixed,Fixed lens,1964,,335,390,同ジャンルの既知機種からの推定範囲,genre-estimate,D,open-model-catalog,compact-standard,270,220,325
minoltaminolta16qt,camera,Minolta,Minolta 16 QT,ミノルタ,35mm compact MF,35mm MFコンパクト,16MM,MF,fixed,Fixed lens,,,335,390,同ジャンルの既知機種からの推定範囲,genre-estimate,D,open-model-catalog,compact-standard,270,220,325
minoltaminolta16mmf28mcuwrokkorok,lens,Minolta,Minolta 16mm f/2.8 MC UW Rokkor-OK,ミノルタ,35mm manual-focus lens,35mm MFレンズ,35mm,MF,lens,Minolta SR/MC,1966,,165,250,同ジャンルの既知機種からの推定範囲,genre-estimate,D,open-model-catalog,lens-small,210,165,260
minoltaminolta200mmf28afapoghs,lens,Minolta,Minolta 200mm f/2.8 AF APO G HS,ミノルタ,35mm autofocus lens,35mm AFレンズ,35mm,AF,lens,,,,155,290,同ジャンルの既知機種からの推定範囲,genre-estimate,D,open-model-catalog,lens-medium,315,255,385
minoltaminolta200mmf28md,lens,Minolta,Minolta 200mm f/2.8 MD,ミノルタ,35mm manual-focus lens,35mm MFレンズ,35mm,MF,lens,Minolta SR/MD,,,165,250,同ジャンルの既知機種からの推定範囲,genre-estimate,D,open-model-catalog,lens-small,210,165,260
minoltaminolta200mmf4mctelerokkorx,lens,Minolta,Minolta 200mm f/4 MC Tele Rokkor-X,ミノルタ,35mm manual-focus lens,35mm MFレンズ,35mm,MF,lens,Minolta SR/MC,,,165,250,同ジャンルの既知機種からの推定範囲,genre-estimate,D,open-model-catalog,lens-small,210,165,260
minoltaminolta200mmf45mctelerokkor,lens,Minolta,Minolta 200mm f/4.5 MC Tele-Rokkor,ミノルタ,35mm manual-focus lens,35mm MFレンズ,35mm,MF,lens,Minolta SR/MC,,,165,250,同ジャンルの既知機種からの推定範囲,genre-estimate,D,open-model-catalog,lens-small,210,165,260
minoltaminolta20mmf28af,lens,Minolta,Minolta 20mm f/2.8 AF,ミノルタ,35mm autofocus lens,35mm AFレンズ,35mm,AF,lens,,1986,,155,290,同ジャンルの既知機種からの推定範囲,genre-estimate,D,open-model-catalog,lens-medium,315,255,385
minoltaminolta2450mmf4af,lens,Minolta,Minolta 24-50mm f/4 AF,ミノルタ,35mm autofocus zoom lens,35mm AFズームレンズ,35mm,AF,lens,,1987,,200,705,同ジャンルの既知機種からの推定範囲,genre-estimate,D,open-model-catalog,lens-large,430,350,530
minoltaminolta2450mmf4md,lens,Minolta,Minolta 24-50mm f/4 MD,ミノルタ,35mm manual-focus lens,35mm MFレンズ,35mm,MF,lens,Minolta SR/MD,,,165,250,同ジャンルの既知機種からの推定範囲,genre-estimate,D,open-model-catalog,lens-small,210,165,260
minoltaminolta24mmf28af,lens,Minolta,Minolta 24mm f/2.8 AF,ミノルタ,35mm autofocus lens,35mm AFレンズ,35mm,AF,lens,,1985,,155,290,同ジャンルの既知機種からの推定範囲,genre-estimate,D,open-model-catalog,lens-medium,315,255,385
minoltaminolta24mmf28mdwrokkorx,lens,Minolta,Minolta 24mm f/2.8 MD W.Rokkor-X,ミノルタ,35mm manual-focus lens,35mm MFレンズ,35mm,MF,lens,Minolta SR/MD,,,165,250,同ジャンルの既知機種からの推定範囲,genre-estimate,D,open-model-catalog,lens-small,210,165,260
minoltaminolta28100mmf3556daf,lens,Minolta,Minolta 28-100mm f/3.5-5.6 (D) AF,ミノルタ,35mm autofocus zoom lens,35mm AFズームレンズ,35mm,AF,lens,,2003,,200,705,同ジャンルの既知機種からの推定範囲,genre-estimate,D,open-model-catalog,lens-large,430,350,530
minoltaminolta28105mmf3545afi,lens,Minolta,Minolta 28-105mm f/3.5-4.5 AF I,ミノルタ,35mm autofocus zoom lens,35mm AFズームレンズ,35mm,AF,lens,,1994,,200,705,同ジャンルの既知機種からの推定範囲,genre-estimate,D,open-model-catalog,lens-large,430,350,530
minoltaminolta28105mmf3545afxi,lens,Minolta,Minolta 28-105mm f/3.5-4.5 AF XI,ミノルタ,35mm autofocus zoom lens,35mm AFズームレンズ,35mm,AF,lens,,1991,,200,705,同ジャンルの既知機種からの推定範囲,genre-estimate,D,open-model-catalog,lens-large,430,350,530
minoltaminolta2870mmf3548mcmacro,lens,Minolta,Minolta 28-70mm f/3.5-4.8 MC Macro,ミノルタ,35mm manual-focus lens,35mm MFレンズ,35mm,MF,lens,Minolta SR/MD,,,165,250,同ジャンルの既知機種からの推定範囲,genre-estimate,D,open-model-catalog,lens-small,210,165,260
minoltaminolta28mmf25mcwrokkorsi,lens,Minolta,Minolta 28mm f/2.5 MC W.Rokkor-SI,ミノルタ,35mm manual-focus lens,35mm MFレンズ,35mm,MF,lens,Minolta SR/MC,1966,,165,250,同ジャンルの既知機種からの推定範囲,genre-estimate,D,open-model-catalog,lens-small,210,165,260
minoltaminolta28mmf28af,lens,Minolta,Minolta 28mm f/2.8 AF,ミノルタ,35mm autofocus lens,35mm AFレンズ,35mm,AF,lens,,1985,,155,290,同ジャンルの既知機種からの推定範囲,genre-estimate,D,open-model-catalog,lens-medium,315,255,385
minoltaminolta28mmf28mcceltic,lens,Minolta,Minolta 28mm f/2.8 MC Celtic,ミノルタ,35mm manual-focus lens,35mm MFレンズ,35mm,MF,lens,Minolta SR/MC,1972,,165,250,同ジャンルの既知機種からの推定範囲,genre-estimate,D,open-model-catalog,lens-small,210,165,260
minoltaminolta28mmf28mcwrokkorx,lens,Minolta,Minolta 28mm f/2.8 MC W Rokkor-X,ミノルタ,35mm manual-focus lens,35mm MFレンズ,35mm,MF,lens,Minolta SR/MC,,,165,250,同ジャンルの既知機種からの推定範囲,genre-estimate,D,open-model-catalog,lens-small,210,165,260
minoltaminolta28mmf28md,lens,Minolta,Minolta 28mm f/2.8 MD,ミノルタ,35mm manual-focus lens,35mm MFレンズ,35mm,MF,lens,Minolta SR/MD,,,165,250,同ジャンルの既知機種からの推定範囲,genre-estimate,D,open-model-catalog,lens-small,210,165,260
minoltaminolta28mmf28mdwrokkorx,lens,Minolta,Minolta 28mm f/2.8 MD W Rokkor-X,ミノルタ,35mm manual-focus lens,35mm MFレンズ,35mm,MF,lens,Minolta SR/MD,,,165,250,同ジャンルの既知機種からの推定範囲,genre-estimate,D,open-model-catalog,lens-small,210,165,260
minoltaminolta3570mmf35md,lens,Minolta,Minolta 35-70mm f/3.5 MD,ミノルタ,35mm manual-focus lens,35mm MFレンズ,35mm,MF,lens,Minolta SR/MD,,,165,250,同ジャンルの既知機種からの推定範囲,genre-estimate,D,open-model-catalog,lens-small,210,165,260
minoltaminolta35mmf18mcwrokkorhh,lens,Minolta,Minolta 35mm f/1.8 MC W.Rokkor-HH,ミノルタ,35mm manual-focus lens,35mm MFレンズ,35mm,MF,lens,Minolta SR/MC,,,165,250,同ジャンルの既知機種からの推定範囲,genre-estimate,D,open-model-catalog,lens-small,210,165,260
minoltaminolta35mmf28mcwrokkorhg52,lens,Minolta,Minolta 35mm f/2.8 MC W.Rokkor-HG (52),ミノルタ,35mm manual-focus lens,35mm MFレンズ,35mm,MF,lens,Minolta SR/MC,1966,,165,250,同ジャンルの既知機種からの推定範囲,genre-estimate,D,open-model-catalog,lens-small,210,165,260
minoltaminolta35mmf28md,lens,Minolta,Minolta 35mm f/2.8 MD,ミノルタ,35mm manual-focus lens,35mm MFレンズ,35mm,MF,lens,Minolta SR/MD,1981,,165,250,同ジャンルの既知機種からの推定範囲,genre-estimate,D,open-model-catalog,lens-small,210,165,260
minoltaminolta35mmf28mdceltic,lens,Minolta,Minolta 35mm f/2.8 MD Celtic,ミノルタ,35mm manual-focus lens,35mm MFレンズ,35mm,MF,lens,Minolta SR/MD,1977,,165,250,同ジャンルの既知機種からの推定範囲,genre-estimate,D,open-model-catalog,lens-small,210,165,260
minoltaminolta50mmf14af,lens,Minolta,Minolta 50mm f/1.4 AF,ミノルタ,35mm autofocus lens,35mm AFレンズ,35mm,AF,lens,,1998,,155,290,同ジャンルの既知機種からの推定範囲,genre-estimate,D,open-model-catalog,lens-medium,315,255,385
minoltaminolta50mmf14mcrokkorpg,lens,Minolta,Minolta 50mm f/1.4 MC Rokkor PG,ミノルタ,35mm manual-focus lens,35mm MFレンズ,35mm,MF,lens,Minolta SR/MC,,,165,250,同ジャンルの既知機種からの推定範囲,genre-estimate,D,open-model-catalog,lens-small,210,165,260
minoltaminolta50mmf14mcrokkorxpg,lens,Minolta,Minolta 50mm f/1.4 MC Rokkor-X PG,ミノルタ,35mm manual-focus lens,35mm MFレンズ,35mm,MF,lens,Minolta SR/MC,1972,,165,250,同ジャンルの既知機種からの推定範囲,genre-estimate,D,open-model-catalog,lens-small,210,165,260
minoltaminolta50mmf14md,lens,Minolta,Minolta 50mm f/1.4 MD,ミノルタ,35mm manual-focus lens,35mm MFレンズ,35mm,MF,lens,Minolta SR/MD,1981,,165,250,同ジャンルの既知機種からの推定範囲,genre-estimate,D,open-model-catalog,lens-small,210,165,260
minoltaminolta50mmf14mdrokkorx49,lens,Minolta,Minolta 50mm f/1.4 MD Rokkor-X (49),ミノルタ,35mm manual-focus lens,35mm MFレンズ,35mm,MF,lens,Minolta SR/MD,1977,,165,250,同ジャンルの既知機種からの推定範囲,genre-estimate,D,open-model-catalog,lens-small,210,165,260
minoltaminolta50mmf14mdrokkorx55,lens,Minolta,Minolta 50mm f/1.4 MD Rokkor-X (55),ミノルタ,35mm manual-focus lens,35mm MFレンズ,35mm,MF,lens,Minolta SR/MD,1977,,165,250,同ジャンルの既知機種からの推定範囲,genre-estimate,D,open-model-catalog,lens-small,210,165,260
minoltaminolta50mmf17mcrokkorxpf,lens,Minolta,Minolta 50mm f/1.7 MC Rokkor-X PF,ミノルタ,35mm manual-focus lens,35mm MFレンズ,35mm,MF,lens,Minolta SR/MC,,,165,250,同ジャンルの既知機種からの推定範囲,genre-estimate,D,open-model-catalog,lens-small,210,165,260
minoltaminolta50mmf17md,lens,Minolta,Minolta 50mm f/1.7 MD,ミノルタ,35mm manual-focus lens,35mm MFレンズ,35mm,MF,lens,Minolta SR/MD,1981,,165,250,同ジャンルの既知機種からの推定範囲,genre-estimate,D,open-model-catalog,lens-small,210,165,260
minoltaminolta50mmf17mdrokkorx,lens,Minolta,Minolta 50mm f/1.7 MD Rokkor-X,ミノルタ,35mm manual-focus lens,35mm MFレンズ,35mm,MF,lens,Minolta SR/MD,,,165,250,同ジャンルの既知機種からの推定範囲,genre-estimate,D,open-model-catalog,lens-small,210,165,260
minoltaminolta50mmf2md,lens,Minolta,Minolta 50mm f/2 MD,ミノルタ,35mm manual-focus lens,35mm MFレンズ,35mm,MF,lens,Minolta SR/MD,1981,,165,250,同ジャンルの既知機種からの推定範囲,genre-estimate,D,open-model-catalog,lens-small,210,165,260
minoltaminolta50mmf28afmacroi,lens,Minolta,Minolta 50mm f/2.8 AF Macro I,ミノルタ,35mm autofocus lens,35mm AFレンズ,35mm,AF,lens,,1985,,155,290,同ジャンルの既知機種からの推定範囲,genre-estimate,D,open-model-catalog,lens-medium,315,255,385
minoltaminolta50mmf35mccelticmacro,lens,Minolta,Minolta 50mm f/3.5 MC Celtic Macro,ミノルタ,35mm manual-focus lens,35mm MFレンズ,35mm,MF,lens,Minolta SR/MC,,,165,250,同ジャンルの既知機種からの推定範囲,genre-estimate,D,open-model-catalog,lens-small,210,165,260
minoltaminolta50mmf35mdrokkorxmacro,lens,Minolta,Minolta 50mm f/3.5 MD Rokkor-X Macro,ミノルタ,35mm manual-focus lens,35mm MFレンズ,35mm,MF,lens,Minolta SR/MD,,,165,250,同ジャンルの既知機種からの推定範囲,genre-estimate,D,open-model-catalog,lens-small,210,165,260
minoltaminolta55mmf17mcrokkorpf,lens,Minolta,Minolta 55mm f/1.7 MC Rokkor-PF,ミノルタ,35mm manual-focus lens,35mm MFレンズ,35mm,MF,lens,Minolta SR/MC,,,165,250,同ジャンルの既知機種からの推定範囲,genre-estimate,D,open-model-catalog,lens-small,210,165,260
minoltaminolta55mmf18autorokkorpf,lens,Minolta,Minolta 55mm f/1.8 Auto Rokkor-PF,ミノルタ,35mm manual-focus lens,35mm MFレンズ,35mm,MF,lens,,1960,,165,250,同ジャンルの既知機種からの推定範囲,genre-estimate,D,open-model-catalog,lens-small,210,165,260
minoltaminolta55mmf18autorokkorpf1958,lens,Minolta,Minolta 55mm f/1.8 Auto Rokkor-PF (1958),ミノルタ,35mm manual-focus lens,35mm MFレンズ,35mm,MF,lens,,1958,,165,250,同ジャンルの既知機種からの推定範囲,genre-estimate,D,open-model-catalog,lens-small,210,165,260
minoltaminolta55mmf19mcrokkorpf,lens,Minolta,Minolta 55mm f/1.9 MC Rokkor-PF,ミノルタ,35mm manual-focus lens,35mm MFレンズ,35mm,MF,lens,Minolta SR/MC,,,165,250,同ジャンルの既知機種からの推定範囲,genre-estimate,D,open-model-catalog,lens-small,210,165,260
minoltaminolta58mmf14mcrokkorpf,lens,Minolta,Minolta 58mm f/1.4 MC Rokkor-PF,ミノルタ,35mm manual-focus lens,35mm MFレンズ,35mm,MF,lens,Minolta SR/MC,1966,,165,250,同ジャンルの既知機種からの推定範囲,genre-estimate,D,open-model-catalog,lens-small,210,165,260
minoltaminolta70200mmf28apogdssm,lens,Minolta,Minolta 70-200mm f/2.8 APO G (D) SSM,ミノルタ,35mm manual-focus lens,35mm MFレンズ,35mm,MF,lens,,2003,,165,250,同ジャンルの既知機種からの推定範囲,genre-estimate,D,open-model-catalog,lens-small,210,165,260
minoltaminolta70210mmf4af,lens,Minolta,Minolta 70-210mm f/4 AF,ミノルタ,35mm autofocus zoom lens,35mm AFズームレンズ,35mm,AF,lens,,1985,,200,705,同ジャンルの既知機種からの推定範囲,genre-estimate,D,open-model-catalog,lens-large,430,350,530
minoltaminolta70210mmf4md,lens,Minolta,Minolta 70-210mm f/4 MD,ミノルタ,35mm manual-focus lens,35mm MFレンズ,35mm,MF,lens,Minolta SR/MD,,,165,250,同ジャンルの既知機種からの推定範囲,genre-estimate,D,open-model-catalog,lens-small,210,165,260
minoltaminolta75200mmf45md,lens,Minolta,Minolta 75-200mm f/4.5 MD,ミノルタ,35mm manual-focus lens,35mm MFレンズ,35mm,MF,lens,Minolta SR/MD,,,165,250,同ジャンルの既知機種からの推定範囲,genre-estimate,D,open-model-catalog,lens-small,210,165,260
minoltaminolta75300mmf4556af,lens,Minolta,Minolta 75-300mm f/4.5-5.6 AF,ミノルタ,35mm autofocus zoom lens,35mm AFズームレンズ,35mm,AF,lens,,1986,,200,705,同ジャンルの既知機種からの推定範囲,genre-estimate,D,open-model-catalog,lens-large,430,350,530
minoltaminolta85mmf14afg,lens,Minolta,Minolta 85mm f/1.4 AF G,ミノルタ,35mm autofocus lens,35mm AFレンズ,35mm,AF,lens,,1993,,155,290,同ジャンルの既知機種からの推定範囲,genre-estimate,D,open-model-catalog,lens-medium,315,255,385
minoltaminolta85mmf2md,lens,Minolta,Minolta 85mm f/2 MD,ミノルタ,35mm manual-focus lens,35mm MFレンズ,35mm,MF,lens,Minolta SR/MD,1981,,165,250,同ジャンルの既知機種からの推定範囲,genre-estimate,D,open-model-catalog,lens-small,210,165,260
minoltaminolta85mmf28mcvarisoft,lens,Minolta,Minolta 85mm f/2.8 MC Varisoft,ミノルタ,35mm manual-focus lens,35mm MFレンズ,35mm,MF,lens,Minolta SR/MC,,,165,250,同ジャンルの既知機種からの推定範囲,genre-estimate,D,open-model-catalog,lens-small,210,165,260
minoltaminoltaa5,camera,Minolta,Minolta A5,ミノルタ,35mm compact MF,35mm MFコンパクト,35mm,MF,fixed,Fixed lens,1960,,335,390,同ジャンルの既知機種からの推定範囲,genre-estimate,D,open-model-catalog,compact-standard,270,220,325
minoltaminoltaaf100f28macro,lens,Minolta,Minolta AF 100 F2.8 Macro,ミノルタ,35mm autofocus lens,35mm AFレンズ,35mm,AF,lens,,1986,,155,290,同ジャンルの既知機種からの推定範囲,genre-estimate,D,open-model-catalog,lens-medium,315,255,385
minoltaminoltaaf50mmf17,lens,Minolta,Minolta AF 50mm f/1.7,Maxxum 50 1.7 | ミノルタ,35mm autofocus lens,35mm AFレンズ,35mm,AF,lens,Minolta A,1985,185,185,185,"lens only, without caps",reference,B,compiled-specs,lens-small,210,165,260
minoltaminoltaafc,camera,Minolta,Minolta AF-C,AF-C | ミノルタ,35mm AF compact,35mm AFコンパクト,35mm,AF,fixed,Fixed lens,1983,220,220,220,without batteries,reference,B,compiled-specs,compact-slim,215,175,260
minoltaminoltaafe,camera,Minolta,Minolta AF-E,AF-E | AF E | ミノルタ,35mm AF compact,35mm AFコンパクト,35mm,AF,fixed,Fixed lens,,,160,430,同系統の既知機種からの推定範囲。出品前に実測推奨,genre-estimate,D,expanded-compact-rangefinder-2026,compact-standard,270,220,325
minoltaminoltaafs,camera,Minolta,Minolta AF-S,AF-S | AF S | ミノルタ,35mm AF compact,35mm AFコンパクト,35mm,AF,fixed,Fixed lens,,,160,430,同系統の既知機種からの推定範囲。出品前に実測推奨,genre-estimate,D,expanded-compact-rangefinder-2026,compact-standard,270,220,325
minoltaminoltaafsv,camera,Minolta,Minolta AF-Sv,AF-Sv | AF Sv | ミノルタ,35mm AF compact,35mm AFコンパクト,35mm,AF,fixed,Fixed lens,,,160,430,同系統の既知機種からの推定範囲。出品前に実測推奨,genre-estimate,D,expanded-compact-rangefinder-2026,compact-standard,270,220,325
minoltaminoltaaftele,camera,Minolta,Minolta AF-Tele,AF-Tele | AF Tele | ミノルタ,35mm AF compact,35mm AFコンパクト,35mm,AF,fixed,Fixed lens,,,160,430,同系統の既知機種からの推定範囲。出品前に実測推奨,genre-estimate,D,expanded-compact-rangefinder-2026,compact-standard,270,220,325
minoltaminoltaafz,camera,Minolta,Minolta AF-Z,AF-Z | AF Z | ミノルタ,35mm AF compact,35mm AFコンパクト,35mm,AF,fixed,Fixed lens,,,160,430,同系統の既知機種からの推定範囲。出品前に実測推奨,genre-estimate,D,expanded-compact-rangefinder-2026,compact-standard,270,220,325
minoltaminoltaal,camera,Minolta,Minolta AL,AL | ミノルタ | Minolta A.L.,35mm fixed-lens rangefinder,35mmレンジファインダー（固定レンズ）,35mm,MF,fixed,Fixed lens,,,340,700,同系統の既知機種からの推定範囲。出品前に実測推奨,genre-estimate,D,expanded-compact-rangefinder-2026,compact-heavy,320,260,390
minoltaminoltaalf,camera,Minolta,Minolta AL-F,ミノルタ,35mm fixed-lens rangefinder,35mmレンジファインダー（固定レンズ）,35mm,MF,fixed,Fixed lens,1967,,340,700,同系統の既知機種からの推定範囲。出品前に実測推奨,genre-estimate,D,expanded-compact-rangefinder-2026,compact-heavy,320,260,390
minoltaminoltaalpha7,camera,Minolta,Minolta Alpha 7,Dynax 7 | Maxxum 7 | ミノルタ | Minolta Maxxum 700si aka Minolta Alpha 707si aka Minolta Dynax 700si | Minolta Maxxum 7xi aka Minolta Alpha 7xi aka Minolta Dynax 7xi | Minolta AL | Minolta A | Minolta Maxxum 70 aka Minolta Dynax 60,35mm AF SLR,35mm一眼レフ（AF）,35mm,AF,interchangeable,Minolta A,2000,575,575,575,body without batteries,reference,B,compiled-specs,camera-body,350,290,425
minoltaminoltaalpha9,camera,Minolta,Minolta Alpha 9,Dynax 9 | Maxxum 9 | ミノルタ,35mm AF SLR,35mm一眼レフ（AF）,35mm,AF,interchangeable,Minolta A,1998,910,910,910,body without batteries,reference,B,compiled-specs,camera-large,460,380,560
minoltaminoltaautowinderg,accessory,Minolta,Minolta Auto Winder G,Auto Winder G | ミノルタ,Motor drive / winder,モータードライブ・ワインダー,accessory,,,,1980,220,220,220,without batteries,reference,B,compiled-specs,accessory-box,145,110,190
minoltaminoltaautocord,camera,Minolta,Minolta Autocord,Autocord | ミノルタ,Twin-lens reflex,二眼レフ,120,MF,fixed,Fixed lens,1955,960,960,960,camera with fixed lenses,reference,B,compiled-specs,camera-large,460,380,560
minoltaminoltaautopak450e,camera,Minolta,Minolta Autopak 450E,ミノルタ,Vintage film camera,その他・クラシックカメラ,110,MF,fixed,Fixed lens,,,350,1000,同ジャンルの既知機種からの推定範囲,genre-estimate,D,open-model-catalog,camera-large,460,380,560
minoltaminoltaautopak550,camera,Minolta,Minolta Autopak 550,ミノルタ,Vintage film camera,その他・クラシックカメラ,126,MF,interchangeable,,1966,,350,1000,同ジャンルの既知機種からの推定範囲,genre-estimate,D,open-model-catalog,camera-large,460,380,560
minoltaminoltaautopak600x,camera,Minolta,Minolta Autopak 600 X,ミノルタ,Vintage film camera,その他・クラシックカメラ,126,MF,interchangeable,,,,350,1000,同ジャンルの既知機種からの推定範囲,genre-estimate,D,open-model-catalog,camera-large,460,380,560
minoltaminoltaautopak700,camera,Minolta,Minolta Autopak 700,ミノルタ,Vintage film camera,その他・クラシックカメラ,126,MF,interchangeable,,,,350,1000,同ジャンルの既知機種からの推定範囲,genre-estimate,D,open-model-catalog,camera-large,460,380,560
minoltaminoltaautowide,camera,Minolta,Minolta Autowide,ミノルタ,35mm compact MF,35mm MFコンパクト,35mm,MF,fixed,Fixed lens,1958,,335,390,同ジャンルの既知機種からの推定範囲,genre-estimate,D,open-model-catalog,compact-standard,270,220,325
minoltaminoltacapios115,camera,Minolta,Minolta Capios 115,Capios 115 | Capios115 | ミノルタ,35mm zoom compact,35mmズームコンパクト,35mm,AF,fixed,Fixed lens,,,180,480,同系統の既知機種からの推定範囲。出品前に実測推奨,genre-estimate,D,expanded-compact-rangefinder-2026,compact-standard,270,220,325
minoltaminoltacapios140,camera,Minolta,Minolta Capios 140,Capios 140 | Capios140 | ミノルタ,35mm zoom compact,35mmズームコンパクト,35mm,AF,fixed,Fixed lens,,,180,480,同系統の既知機種からの推定範囲。出品前に実測推奨,genre-estimate,D,expanded-compact-rangefinder-2026,compact-standard,270,220,325
minoltaminoltacapios25,camera,Minolta,Minolta Capios 25,Capios 25 | Capios25 | ミノルタ,35mm zoom compact,35mmズームコンパクト,35mm,AF,fixed,Fixed lens,,,180,480,同系統の既知機種からの推定範囲。出品前に実測推奨,genre-estimate,D,expanded-compact-rangefinder-2026,compact-standard,270,220,325
minoltaminoltacle,camera,Minolta,Minolta CLE,CLE | ミノルタ,35mm interchangeable rangefinder,35mmレンジファインダー（レンズ交換式）,35mm,MF,interchangeable,Minolta SR/MD,1981,375,375,375,body only,reference,B,compiled-specs,compact-standard,270,220,325
minoltaminoltadynax5,camera,Minolta,Minolta Dynax 5,Alpha Sweet II | Maxxum 5 | ミノルタ | Minolta Maxxum 5 aka Minolta Alpha 5 aka Minolta Dynax 5 | Minolta Maxxum XTsi aka Minolta Alpha Sweet aka Minolta Dynax 505si Super | Minolta Maxxum 500si aka Minolta Alpha 303si Super aka Minolta Dynax 500si Super | Minolta Maxxum 400si aka Minolta Dynax 500si | Minolta Maxxum 5xi aka Minolta Alpha 5xi aka Minolta Dynax 5xi | Minolta Maxxum 5000i aka Minolta Alpha 5700i aka Minolta Dynax 5000i | Minolta Maxxum 5000 AF aka Minolta 5000 Alpha aka Minolta Dynax 5000 AF,35mm AF SLR,35mm一眼レフ（AF）,35mm,AF,interchangeable,Minolta A,2001,335,335,335,body only,reference,B,compiled-specs,camera-body,350,290,425
minoltaminoltaelectroshot,camera,Minolta,Minolta Electro Shot,ミノルタ,35mm compact MF,35mm MFコンパクト,35mm,MF,fixed,Fixed lens,1965,,335,390,同ジャンルの既知機種からの推定範囲,genre-estimate,D,open-model-catalog,compact-standard,270,220,325
minoltaminoltaexplorerfreedomzoom,camera,Minolta,Minolta Explorer Freedom Zoom,Explorer Freedom Zoom | ExplorerFreedomZoom | ミノルタ,35mm zoom compact,35mmズームコンパクト,35mm,AF,fixed,Fixed lens,,,180,480,同系統の既知機種からの推定範囲。出品前に実測推奨,genre-estimate,D,expanded-compact-rangefinder-2026,compact-standard,270,220,325
minoltaminoltafreedomescort,camera,Minolta,Minolta Freedom Escort,Freedom Escort | FreedomEscort | ミノルタ,35mm AF compact,35mm AFコンパクト,35mm,AF,fixed,Fixed lens,,,160,430,同系統の既知機種からの推定範囲。出品前に実測推奨,genre-estimate,D,expanded-compact-rangefinder-2026,compact-standard,270,220,325
minoltaminoltafreedomiii,camera,Minolta,Minolta Freedom III,Freedom III | FreedomIII | ミノルタ,35mm AF compact,35mm AFコンパクト,35mm,AF,fixed,Fixed lens,,,160,430,同系統の既知機種からの推定範囲。出品前に実測推奨,genre-estimate,D,expanded-compact-rangefinder-2026,compact-standard,270,220,325
minoltaminoltafreedomzoom70,camera,Minolta,Minolta Freedom Zoom 70,Freedom Zoom 70 | FreedomZoom70 | ミノルタ,35mm zoom compact,35mmズームコンパクト,35mm,AF,fixed,Fixed lens,,,180,480,同系統の既知機種からの推定範囲。出品前に実測推奨,genre-estimate,D,expanded-compact-rangefinder-2026,compact-standard,270,220,325
minoltaminoltafreedomzoom90,camera,Minolta,Minolta Freedom Zoom 90,Freedom Zoom 90 | FreedomZoom90 | ミノルタ,35mm zoom compact,35mmズームコンパクト,35mm,AF,fixed,Fixed lens,,,180,480,同系統の既知機種からの推定範囲。出品前に実測推奨,genre-estimate,D,expanded-compact-rangefinder-2026,compact-standard,270,220,325
minoltaminoltahimatic,camera,Minolta,Minolta Hi-Matic,Ansco Autoset | ミノルタ,35mm fixed-lens rangefinder,35mmレンジファインダー（固定レンズ）,35mm,MF,fixed,Fixed lens,1962,,560,820,同系統の既知機種からの推定範囲。出品前に実測推奨,genre-estimate,D,expanded-compact-rangefinder-2026,compact-heavy,320,260,390
minoltaminoltahimatic11,camera,Minolta,Minolta Hi-Matic 11,ミノルタ,35mm fixed-lens rangefinder,35mmレンジファインダー（固定レンズ）,35mm,MF,fixed,Fixed lens,1969,,560,820,同系統の既知機種からの推定範囲。出品前に実測推奨,genre-estimate,D,expanded-compact-rangefinder-2026,compact-heavy,320,260,390
minoltaminoltahimatic5,camera,Minolta,Minolta Hi-Matic 5,Hi-Matic 5 | Hi Matic 5 | Hi-Matic5 | ミノルタ | HiMatic 5,35mm compact MF,35mm MFコンパクト,35mm,MF,fixed,Fixed lens,1969,,280,420,同系統の既知機種からの推定範囲。出品前に実測推奨,genre-estimate,D,expanded-compact-rangefinder-2026,compact-standard,270,220,325
minoltaminoltahimatic7,camera,Minolta,Minolta Hi-Matic 7,Hi-Matic 7 | Hi Matic 7 | Hi-Matic7 | ミノルタ | HiMatic 7,35mm fixed-lens rangefinder,35mmレンジファインダー（固定レンズ）,35mm,MF,fixed,Fixed lens,1963,,560,820,同系統の既知機種からの推定範囲。出品前に実測推奨,genre-estimate,D,expanded-compact-rangefinder-2026,compact-heavy,320,260,390
minoltaminoltahimatic7s,camera,Minolta,Minolta Hi-Matic 7S,Hi-Matic 7S | Hi Matic 7S | Hi-Matic7S | ミノルタ | HiMatic 7S,35mm fixed-lens rangefinder,35mmレンジファインダー（固定レンズ）,35mm,MF,fixed,Fixed lens,1966,,560,820,同系統の既知機種からの推定範囲。出品前に実測推奨,genre-estimate,D,expanded-compact-rangefinder-2026,compact-heavy,320,260,390
minoltaminoltahimatic7sii,camera,Minolta,Minolta Hi-Matic 7SII,HiMatic 7SII | ミノルタ,35mm fixed-lens rangefinder,35mmレンジファインダー（固定レンズ）,35mm,MF,fixed,Fixed lens,1977,460,460,460,with fixed lens,reference,B,compiled-specs,compact-standard,270,220,325
minoltaminoltahimatic9,camera,Minolta,Minolta Hi-Matic 9,Hi-Matic 9 | ミノルタ,35mm fixed-lens rangefinder,35mmレンジファインダー（固定レンズ）,35mm,MF,fixed,Fixed lens,1966,720,720,720,with fixed lens,reference,C,published-secondary,compact-heavy,320,260,390
minoltaminoltahimaticaf,camera,Minolta,Minolta Hi-Matic AF,Hi-Matic AF | Hi Matic AF | Hi-MaticAF | ミノルタ | HiMatic AF,35mm AF compact,35mm AFコンパクト,35mm,AF,fixed,Fixed lens,1979,,300,450,同系統の既知機種からの推定範囲。出品前に実測推奨,genre-estimate,D,expanded-compact-rangefinder-2026,compact-standard,270,220,325
minoltaminoltahimaticafd,camera,Minolta,Minolta Hi-Matic AF-D,Hi-Matic AF-D | Hi Matic AF D | Hi-MaticAF-D | ミノルタ | HiMatic AF-D | Hi Matic AFD | date,35mm AF compact,35mm AFコンパクト,35mm,AF,fixed,Fixed lens,1980,,310,470,同系統の既知機種からの推定範囲。出品前に実測推奨,genre-estimate,D,expanded-compact-rangefinder-2026,compact-standard,270,220,325
minoltaminoltahimaticaf2,camera,Minolta,Minolta Hi-Matic AF2,Hi-Matic AF2 | Hi Matic AF2 | Hi-MaticAF2 | ミノルタ | HiMatic AF2,35mm AF compact,35mm AFコンパクト,35mm,AF,fixed,Fixed lens,1981,,290,440,同系統の既知機種からの推定範囲。出品前に実測推奨,genre-estimate,D,expanded-compact-rangefinder-2026,compact-standard,270,220,325
minoltaminoltahimaticaf2d,camera,Minolta,Minolta Hi-Matic AF2-D,Hi-Matic AF2-D | Hi Matic AF2 D | Hi-MaticAF2-D | ミノルタ | HiMatic AF2-D | Hi Matic AF2D | date,35mm AF compact,35mm AFコンパクト,35mm,AF,fixed,Fixed lens,1982,,310,470,同系統の既知機種からの推定範囲。出品前に実測推奨,genre-estimate,D,expanded-compact-rangefinder-2026,compact-standard,270,220,325
minoltaminoltahimaticaf2m,camera,Minolta,Minolta Hi-Matic AF2-M,Hi-Matic AF2-M | Hi Matic AF2 M | Hi-MaticAF2-M | ミノルタ | HiMatic AF2-M | Hi Matic AF2M | motor,35mm AF compact,35mm AFコンパクト,35mm,AF,fixed,Fixed lens,1982,,300,460,同系統の既知機種からの推定範囲。出品前に実測推奨,genre-estimate,D,expanded-compact-rangefinder-2026,compact-standard,270,220,325
minoltaminoltahimaticc,camera,Minolta,Minolta Hi-Matic C,Hi-Matic C | ミノルタ,35mm fixed-lens rangefinder,35mmレンジファインダー（固定レンズ）,35mm,MF,fixed,Fixed lens,1969,305,305,305,with fixed lens,reference,C,published-secondary,compact-standard,270,220,325
minoltaminoltahimaticcs,camera,Minolta,Minolta Hi-Matic CS,Hi-Matic CS | Hi Matic CS | Hi-MaticCS | ミノルタ | HiMatic CS,35mm compact MF,35mm MFコンパクト,35mm,MF,fixed,Fixed lens,,,250,410,同系統の既知機種からの推定範囲。出品前に実測推奨,genre-estimate,D,expanded-compact-rangefinder-2026,compact-standard,270,220,325
minoltaminoltahimatice,camera,Minolta,Minolta Hi-Matic E,Hi-Matic E | ミノルタ,35mm fixed-lens rangefinder,35mmレンジファインダー（固定レンズ）,35mm,MF,fixed,Fixed lens,1971,560,560,560,with fixed lens,reference,C,published-secondary,compact-heavy,320,260,390
minoltaminoltahimaticf,camera,Minolta,Minolta Hi-Matic F,Hi-Matic F | ミノルタ,35mm fixed-lens rangefinder,35mmレンジファインダー（固定レンズ）,35mm,MF,fixed,Fixed lens,1972,360,360,360,with fixed lens,reference,C,published-secondary,compact-standard,270,220,325
minoltaminoltahimaticg,camera,Minolta,Minolta Hi-Matic G,Hi-Matic G | ミノルタ,35mm fixed-lens rangefinder,35mmレンジファインダー（固定レンズ）,35mm,MF,fixed,Fixed lens,1974,330,330,330,with fixed lens,reference,C,published-secondary,compact-standard,270,220,325
minoltaminoltahimaticg2,camera,Minolta,Minolta Hi-Matic G2,Hi-Matic G2 | Hi Matic G2 | Hi-MaticG2 | ミノルタ | HiMatic G2,35mm compact MF,35mm MFコンパクト,35mm,MF,fixed,Fixed lens,1982,,240,390,同系統の既知機種からの推定範囲。出品前に実測推奨,genre-estimate,D,expanded-compact-rangefinder-2026,compact-standard,270,220,325
minoltaminoltahimaticgf,camera,Minolta,Minolta Hi-Matic GF,Hi-Matic GF | ミノルタ,35mm fixed-lens rangefinder,35mmレンジファインダー（固定レンズ）,35mm,MF,fixed,Fixed lens,1974,330,330,330,with fixed lens,reference,C,published-secondary,compact-standard,270,220,325
minoltaminoltahimatics,camera,Minolta,Minolta Hi-Matic S,Hi-Matic S | ミノルタ,35mm fixed-lens rangefinder,35mmレンジファインダー（固定レンズ）,35mm,MF,fixed,Fixed lens,1977,375,375,375,with fixed lens,reference,C,published-secondary,compact-standard,270,220,325
minoltaminoltahimatics2,camera,Minolta,Minolta Hi-Matic S2,Hi-Matic S2 | Hi Matic S2 | Hi-MaticS2 | ミノルタ | HiMatic S2,35mm compact MF,35mm MFコンパクト,35mm,MF,fixed,Fixed lens,1978,,280,430,同系統の既知機種からの推定範囲。出品前に実測推奨,genre-estimate,D,expanded-compact-rangefinder-2026,compact-standard,270,220,325
minoltaminoltahimaticsd,camera,Minolta,Minolta Hi-Matic SD,Hi-Matic SD | Hi Matic SD | Hi-MaticSD | ミノルタ | HiMatic SD | date,35mm compact MF,35mm MFコンパクト,35mm,MF,fixed,Fixed lens,1978,,300,450,同系統の既知機種からの推定範囲。出品前に実測推奨,genre-estimate,D,expanded-compact-rangefinder-2026,compact-standard,270,220,325
minoltaminoltahimaticsd2,camera,Minolta,Minolta Hi-Matic SD2,Hi-Matic SD2 | Hi Matic SD2 | Hi-MaticSD2 | ミノルタ | HiMatic SD2 | date,35mm compact MF,35mm MFコンパクト,35mm,MF,fixed,Fixed lens,1978,,300,460,同系統の既知機種からの推定範囲。出品前に実測推奨,genre-estimate,D,expanded-compact-rangefinder-2026,compact-standard,270,220,325
minoltaminoltamacdual,camera,Minolta,Minolta MAC-Dual,MAC-Dual | MAC Dual | ミノルタ,35mm AF compact,35mm AFコンパクト,35mm,AF,fixed,Fixed lens,,,160,430,同系統の既知機種からの推定範囲。出品前に実測推奨,genre-estimate,D,expanded-compact-rangefinder-2026,compact-standard,270,220,325
minoltaminoltamaxxum3000i,camera,Minolta,Minolta Maxxum 3000i,Dynax 3000i | ミノルタ | Minolta Maxxum 3000i aka Minolta Dynax 3000i,35mm AF SLR,35mm一眼レフ（AF）,35mm,AF,interchangeable,Minolta A,1988,460,460,460,body without batteries,reference,C,published-secondary,camera-body,350,290,425
minoltaminoltamaxxum300si,camera,Minolta,Minolta Maxxum 300si,Dynax 300si | ミノルタ,35mm AF SLR,35mm一眼レフ（AF）,35mm,AF,interchangeable,Minolta A,1995,390,390,390,body without batteries,reference,C,published-secondary,camera-body,350,290,425
minoltaminoltamaxxum3xi,camera,Minolta,Minolta Maxxum 3xi,Dynax 3xi | ミノルタ | Minolta Maxxum 3xi aka Minolta Dynax 3xi,35mm AF SLR,35mm一眼レフ（AF）,35mm,AF,interchangeable,Minolta A,1991,400,400,400,body without batteries,reference,C,published-secondary,camera-body,350,290,425
minoltaminoltamaxxum600si,camera,Minolta,Minolta Maxxum 600si,Dynax 600si | ミノルタ | Minolta Maxxum 600si aka Minolta Alpha 507si aka Minolta Dynax 600si,35mm AF SLR,35mm一眼レフ（AF）,35mm,AF,interchangeable,Minolta A,1995,620,620,620,body without batteries,reference,C,published-secondary,camera-body,350,290,425
minoltaminoltamaxxum7000,camera,Minolta,Minolta Maxxum 7000,Alpha 7000 | Dynax 7000 | ミノルタ | Minolta Maxxum 7000i aka Minolta Alpha 7700i aka Minolta Dynax 7000i | Minolta Maxxum 7000 AF aka Minolta Alpha 7000 aka Minolta Dynax 7000 AF,35mm AF SLR,35mm一眼レフ（AF）,35mm,AF,interchangeable,Minolta A,1985,555,555,555,body only,reference,B,compiled-specs,camera-body,350,290,425
minoltaminoltamaxxum8000i,camera,Minolta,Minolta Maxxum 8000i,Dynax 8000i | ミノルタ | Minolta Maxxum 8000i aka Minolta Alpha 8700i aka Minolta Dynax 8000i,35mm AF SLR,35mm一眼レフ（AF）,35mm,AF,interchangeable,Minolta A,1990,600,600,600,body without batteries,reference,C,published-secondary,camera-body,350,290,425
minoltaminoltamaxxum800si,camera,Minolta,Minolta Maxxum 800si,Dynax 800si | ミノルタ | Minolta Maxxum 800si aka Minolta Alpha 807si aka Minolta Dynax 800si,35mm AF SLR,35mm一眼レフ（AF）,35mm,AF,interchangeable,Minolta A,1997,660,660,660,body without batteries,reference,C,published-secondary,camera-body,350,290,425
minoltaminoltamaxxum9000,camera,Minolta,Minolta Maxxum 9000,Dynax 9000 | ミノルタ,35mm AF SLR,35mm一眼レフ（AF）,35mm,AF,interchangeable,Minolta A,1985,645,645,645,body only,reference,B,compiled-specs,camera-body,350,290,425
minoltaminoltamaxxumqtsi,camera,Minolta,Minolta Maxxum QTsi,Dynax 303si | ミノルタ | Minolta Maxxum QTsi aka Minolta Alpha 360si aka Minolta Dynax 303si,35mm AF SLR,35mm一眼レフ（AF）,35mm,AF,interchangeable,Minolta A,1998,365,365,365,body without batteries,reference,C,published-secondary,camera-body,350,290,425
minoltaminoltamdrokkor45mmf2,lens,Minolta,Minolta MD Rokkor 45mm f/2,MD 45 2 | ミノルタ,35mm manual-focus lens,35mm MFレンズ,35mm,MF,lens,Minolta SR/MD,1978,125,125,125,"lens only, without caps",reference,B,compiled-specs,lens-small,210,165,260
minoltaminoltamdrokkor50mmf14,lens,Minolta,Minolta MD Rokkor 50mm f/1.4,MD 50 1.4 | ミノルタ,35mm manual-focus lens,35mm MFレンズ,35mm,MF,lens,Minolta SR/MD,1978,235,235,235,"lens only, without caps",reference,B,compiled-specs,lens-small,210,165,260
minoltaminoltamdrokkor50mmf17,lens,Minolta,Minolta MD Rokkor 50mm f/1.7,MD 50 1.7 | ミノルタ,35mm manual-focus lens,35mm MFレンズ,35mm,MF,lens,Minolta SR/MD,1978,185,185,185,"lens only, without caps",reference,B,compiled-specs,lens-small,210,165,260
minoltaminoltaminiflex,camera,Minolta,Minolta Miniflex,ミノルタ,35mm compact MF,35mm MFコンパクト,127,MF,fixed,Fixed lens,1959,,335,390,同ジャンルの既知機種からの推定範囲,genre-estimate,D,open-model-catalog,compact-standard,270,220,325
minoltaminoltamotordrive1,accessory,Minolta,Minolta Motor Drive 1,Motor Drive 1 | ミノルタ,Motor drive / winder,モータードライブ・ワインダー,accessory,,,,1977,355,355,355,without batteries,reference,B,compiled-specs,accessory-box,145,110,190
minoltaminoltapico,camera,Minolta,Minolta Pico,Pico | ミノルタ,35mm AF compact,35mm AFコンパクト,35mm,AF,fixed,Fixed lens,,,160,430,同系統の既知機種からの推定範囲。出品前に実測推奨,genre-estimate,D,expanded-compact-rangefinder-2026,compact-standard,270,220,325
minoltaminoltaprod20s,camera,Minolta,Minolta Prod-20’s,Prod-20’s | Prod 20’s | ミノルタ,35mm AF compact,35mm AFコンパクト,35mm,AF,fixed,Fixed lens,,,160,430,同系統の既知機種からの推定範囲。出品前に実測推奨,genre-estimate,D,expanded-compact-rangefinder-2026,compact-standard,270,220,325
minoltaminoltaprogramflash360px,accessory,Minolta,Minolta Program Flash 360PX,360PX | ミノルタ,Flash,フラッシュ,accessory,,,,1981,315,315,315,without batteries,reference,B,compiled-specs,accessory-box,145,110,190
minoltaminoltarivamini,camera,Minolta,Minolta Riva Mini,Riva Mini | RivaMini | ミノルタ,35mm AF compact,35mm AFコンパクト,35mm,AF,fixed,Fixed lens,,,160,430,同系統の既知機種からの推定範囲。出品前に実測推奨,genre-estimate,D,expanded-compact-rangefinder-2026,compact-standard,270,220,325
minoltaminoltarivapanorama,camera,Minolta,Minolta Riva Panorama,Riva Panorama | RivaPanorama | ミノルタ,35mm AF compact,35mm AFコンパクト,35mm,AF,fixed,Fixed lens,,,160,430,同系統の既知機種からの推定範囲。出品前に実測推奨,genre-estimate,D,expanded-compact-rangefinder-2026,compact-standard,270,220,325
minoltaminoltarivazoom70,camera,Minolta,Minolta Riva Zoom 70,Riva Zoom 70 | RivaZoom70 | ミノルタ,35mm zoom compact,35mmズームコンパクト,35mm,AF,fixed,Fixed lens,,,180,480,同系統の既知機種からの推定範囲。出品前に実測推奨,genre-estimate,D,expanded-compact-rangefinder-2026,compact-standard,270,220,325
minoltaminoltarivazoom90,camera,Minolta,Minolta Riva Zoom 90,Riva Zoom 90 | RivaZoom90 | ミノルタ,35mm zoom compact,35mmズームコンパクト,35mm,AF,fixed,Fixed lens,,,180,480,同系統の既知機種からの推定範囲。出品前に実測推奨,genre-estimate,D,expanded-compact-rangefinder-2026,compact-standard,270,220,325
minoltaminoltarivazoompico,camera,Minolta,Minolta Riva Zoom Pico,Riva Zoom Pico | RivaZoomPico | ミノルタ,35mm zoom compact,35mmズームコンパクト,35mm,AF,fixed,Fixed lens,,,180,480,同系統の既知機種からの推定範囲。出品前に実測推奨,genre-estimate,D,expanded-compact-rangefinder-2026,compact-standard,270,220,325
minoltaminoltasr1,camera,Minolta,Minolta SR-1,SR1 | ミノルタ,35mm MF SLR,35mm一眼レフ（MF）,35mm,MF,interchangeable,Minolta SR/MD,1959,650,650,650,body only,reference,C,published-secondary,camera-body,350,290,425
minoltaminoltasr2,camera,Minolta,Minolta SR-2,SR2 | ミノルタ,35mm MF SLR,35mm一眼レフ（MF）,35mm,MF,interchangeable,Minolta SR/MD,1958,670,670,670,body only,reference,C,published-secondary,camera-body,350,290,425
minoltaminoltasr3,camera,Minolta,Minolta SR-3,ミノルタ,Vintage film camera,その他・クラシックカメラ,35mm,MF,interchangeable,,1960,,350,1000,同ジャンルの既知機種からの推定範囲,genre-estimate,D,open-model-catalog,camera-large,460,380,560
minoltaminoltasr7,camera,Minolta,Minolta SR-7,SR7 | ミノルタ,35mm MF SLR,35mm一眼レフ（MF）,35mm,MF,interchangeable,Minolta SR/MD,1962,700,700,700,body only,reference,C,published-secondary,camera-body,350,290,425
minoltaminoltasrtmc,camera,Minolta,Minolta SRT MC,ミノルタ,35mm MF SLR,35mm一眼レフ（MF）,35mm,MF,interchangeable,Minolta SR/MC,1973,,470,745,同ジャンルの既知機種からの推定範囲,genre-estimate,D,open-model-catalog,camera-body,350,290,425
minoltaminoltasrt100,camera,Minolta,Minolta SRT-100,SR-T 100 | ミノルタ | Minolta SRT-200 aka Minolta SRT-100b,35mm MF SLR,35mm一眼レフ（MF）,35mm,MF,interchangeable,Minolta SR/MD,1971,690,690,690,body only,reference,C,published-secondary,camera-body,350,290,425
minoltaminoltasrt101,camera,Minolta,Minolta SRT-101,SR-T 101 | ミノルタ | Minolta SRT-201 aka Minolta SR-101 aka Minolta SRT-101b,35mm MF SLR,35mm一眼レフ（MF）,35mm,MF,interchangeable,Minolta SR/MD,1966,705,705,705,body only,reference,B,compiled-specs,camera-body,350,290,425
minoltaminoltasrt102,camera,Minolta,Minolta SRT-102,SR-T 102 | ミノルタ | Minolta SRT-102 aka Minolta SRT Super aka Minolta SRT-303,35mm MF SLR,35mm一眼レフ（MF）,35mm,MF,interchangeable,Minolta SR/MD,1973,705,705,705,body only,reference,B,compiled-specs,camera-body,350,290,425
minoltaminoltasrt200,camera,Minolta,Minolta SRT-200,SR-T 200 | ミノルタ,35mm MF SLR,35mm一眼レフ（MF）,35mm,MF,interchangeable,Minolta SR/MD,1975,690,690,690,body only,reference,C,published-secondary,camera-body,350,290,425
minoltaminoltasrt202,camera,Minolta,Minolta SRT-202,SR-T 202 | ミノルタ | Minolta SRT-202 aka Minolta SR-505 aka Minolta SRT-303B,35mm MF SLR,35mm一眼レフ（MF）,35mm,MF,interchangeable,Minolta SR/MD,1975,690,690,690,body only,reference,C,published-secondary,camera-body,350,290,425
minoltaminoltatalker,camera,Minolta,Minolta Talker,Talker | ミノルタ,35mm AF compact,35mm AFコンパクト,35mm,AF,fixed,Fixed lens,,,160,430,同系統の既知機種からの推定範囲。出品前に実測推奨,genre-estimate,D,expanded-compact-rangefinder-2026,compact-standard,270,220,325
minoltaminoltatc1,camera,Minolta,Minolta TC-1,TC1 | ミノルタ,Premium 35mm compact,高級35mmコンパクト,35mm,AF,fixed,Fixed lens,1996,185,185,185,without battery,reference,B,compiled-specs,compact-slim,215,175,260
minoltaminoltavectis300,camera,Minolta,Minolta Vectis 300,ミノルタ,APS SLR,APS一眼レフ,APS,AF,interchangeable,,,,390,595,同ジャンルの既知機種からの推定範囲,genre-estimate,D,open-model-catalog,compact-heavy,320,260,390
minoltaminoltavectis300l,camera,Minolta,Minolta Vectis 300L,ミノルタ,APS SLR,APS一眼レフ,APS,AF,interchangeable,,,,390,595,同ジャンルの既知機種からの推定範囲,genre-estimate,D,open-model-catalog,compact-heavy,320,260,390
minoltaminoltavectisgx4,camera,Minolta,Minolta Vectis GX-4,ミノルタ,APS compact,APSコンパクト,APS,AF,fixed,Fixed lens,,,140,360,同ジャンルの既知機種からの推定範囲,genre-estimate,D,open-model-catalog,compact-standard,270,220,325
minoltaminoltavectiss1,camera,Minolta,Minolta Vectis S1,ミノルタ,APS SLR,APS一眼レフ,APS,AF,interchangeable,,,,390,595,同ジャンルの既知機種からの推定範囲,genre-estimate,D,open-model-catalog,compact-heavy,320,260,390
minoltaminoltaweathermatic35dl,camera,Minolta,Minolta Weathermatic 35DL,Weathermatic 35DL | Weathermatic35DL | ミノルタ | Weathermatic | 35 DL | underwater,35mm AF compact,35mm AFコンパクト,35mm,AF,fixed,Fixed lens,,,380,580,同系統の既知機種からの推定範囲。出品前に実測推奨,genre-estimate,D,expanded-compact-rangefinder-2026,compact-heavy,320,260,390
minoltaminoltaweathermatica,camera,Minolta,Minolta Weathermatic A,ミノルタ,Vintage film camera,その他・クラシックカメラ,110,MF,fixed,Fixed lens,,,350,1000,同ジャンルの既知機種からの推定範囲,genre-estimate,D,open-model-catalog,camera-large,460,380,560
minoltaminoltax370,camera,Minolta,Minolta X-370,X-300 | ミノルタ | Minolta X-370n,35mm MF SLR,35mm一眼レフ（MF）,35mm,MF,interchangeable,Minolta SR/MD,1984,470,470,470,body only,reference,B,compiled-specs,camera-body,350,290,425
minoltaminoltax570,camera,Minolta,Minolta X-570,X-500 | ミノルタ | Minolta X-570 aka Minolta X-500,35mm MF SLR,35mm一眼レフ（MF）,35mm,MF,interchangeable,Minolta SR/MD,1983,480,480,480,body only,reference,B,compiled-specs,camera-body,350,290,425
minoltaminoltax600,camera,Minolta,Minolta X-600,ミノルタ,35mm MF SLR,35mm一眼レフ（MF）,35mm,MF,interchangeable,Minolta SR/MC,,,470,745,同ジャンルの既知機種からの推定範囲,genre-estimate,D,open-model-catalog,camera-body,350,290,425
minoltaminoltax700,camera,Minolta,Minolta X-700,X700 | ミノルタ,35mm MF SLR,35mm一眼レフ（MF）,35mm,MF,interchangeable,Minolta SR/MD,1981,505,505,505,body only,reference,B,compiled-specs,camera-body,350,290,425
minoltaminoltax7a,camera,Minolta,Minolta X-7A,ミノルタ,35mm MF SLR,35mm一眼レフ（MF）,35mm,MF,interchangeable,Minolta SR/MC,,,470,745,同ジャンルの既知機種からの推定範囲,genre-estimate,D,open-model-catalog,camera-body,350,290,425
minoltaminoltax9,camera,Minolta,Minolta X-9,ミノルタ,35mm MF SLR,35mm一眼レフ（MF）,35mm,MF,interchangeable,Minolta SR/MC,,,470,745,同ジャンルの既知機種からの推定範囲,genre-estimate,D,open-model-catalog,camera-body,350,290,425
minoltaminoltaxd11,camera,Minolta,Minolta XD-11,XD | XD-7 | ミノルタ | Minolta XD-11 aka Minolta XD aka Minolta XD-7,35mm MF SLR,35mm一眼レフ（MF）,35mm,MF,interchangeable,Minolta SR/MD,1977,560,560,560,body only,reference,B,compiled-specs,camera-body,350,290,425
minoltaminoltaxd5,camera,Minolta,Minolta XD-5,XD5 | ミノルタ,35mm MF SLR,35mm一眼レフ（MF）,35mm,MF,interchangeable,Minolta SR/MD,1978,560,560,560,body only,reference,C,published-secondary,camera-body,350,290,425
minoltaminoltaxe7,camera,Minolta,Minolta XE-7,XE-1 | ミノルタ | Minolta XE-7 aka Minolta XE aka Minolta XE-1,35mm MF SLR,35mm一眼レフ（MF）,35mm,MF,interchangeable,Minolta SR/MD,1974,750,750,750,body only,reference,B,compiled-specs,camera-body,350,290,425
minoltaminoltaxg1,camera,Minolta,Minolta XG-1,XG1 | ミノルタ,35mm MF SLR,35mm一眼レフ（MF）,35mm,MF,interchangeable,Minolta SR/MD,1978,505,505,505,body only,reference,C,published-secondary,camera-body,350,290,425
minoltaminoltaxg7,camera,Minolta,Minolta XG-7,Minolta XG-2 | Minolta XG-E | ミノルタ,35mm MF SLR,35mm一眼レフ（MF）,35mm,MF,interchangeable,Minolta SR/MD,1977,,470,745,同ジャンルの既知機種からの推定範囲,genre-estimate,D,open-model-catalog,camera-body,350,290,425
minoltaminoltaxgm,camera,Minolta,Minolta XG-M,XG-M | ミノルタ | Minolta XG-M aka Minolta X-70,35mm MF SLR,35mm一眼レフ（MF）,35mm,MF,interchangeable,Minolta SR/MD,1981,515,515,515,body only,reference,B,compiled-specs,camera-body,350,290,425
minoltaminoltinap,camera,Minolta,Minoltina P,ミノルタ,35mm compact MF,35mm MFコンパクト,35mm,MF,fixed,Fixed lens,1964,,335,390,同ジャンルの既知機種からの推定範囲,genre-estimate,D,open-model-catalog,compact-standard,270,220,325
nikonafnikkor3570mmf28d,lens,Nikon,AF Nikkor 35-70mm f/2.8D,35-70 2.8D | Nikkor | ニコン | ニッコール,35mm autofocus zoom lens,35mm AFズームレンズ,35mm,AF,lens,Nikon F,1992,665,665,665,"lens only, without caps",reference,B,compiled-specs,lens-medium,315,255,385
nikonafnikkor35mmf2d,lens,Nikon,AF Nikkor 35mm f/2D,AF 35 2D | Nikkor | ニコン | ニッコール,35mm autofocus lens,35mm AFレンズ,35mm,AF,lens,Nikon F,1989,205,205,205,"lens only, without caps",reference,B,compiled-specs,lens-small,210,165,260
nikonafnikkor50mmf14d,lens,Nikon,AF Nikkor 50mm f/1.4D,AF 50 1.4D | Nikkor | ニコン | ニッコール,35mm autofocus lens,35mm AFレンズ,35mm,AF,lens,Nikon F,1995,230,230,230,"lens only, without caps",reference,B,compiled-specs,lens-small,210,165,260
nikonafnikkor50mmf18d,lens,Nikon,AF Nikkor 50mm f/1.8D,AF 50 1.8D | Nikkor | ニコン | ニッコール,35mm autofocus lens,35mm AFレンズ,35mm,AF,lens,Nikon F,2002,155,155,155,"lens only, without caps",reference,B,compiled-specs,lens-small,210,165,260
nikonafnikkor70300mmf456ded,lens,Nikon,AF Nikkor 70-300mm f/4-5.6D ED,70-300 ED | Nikkor | ニコン | ニッコール,35mm autofocus zoom lens,35mm AFズームレンズ,35mm,AF,lens,Nikon F,1998,505,505,505,"lens only, without caps",reference,B,compiled-specs,lens-medium,315,255,385
nikonafnikkor85mmf18d,lens,Nikon,AF Nikkor 85mm f/1.8D,AF 85 1.8D | Nikkor | ニコン | ニッコール,35mm autofocus lens,35mm AFレンズ,35mm,AF,lens,Nikon F,1994,380,380,380,"lens only, without caps",reference,B,compiled-specs,lens-medium,315,255,385
nikonafsnikkor1635mmf4gedvr,lens,Nikon,AF-S NIKKOR 16-35mm f/4G ED VR,Nikkor | ニコン | ニッコール,35mm autofocus zoom lens,35mm AFズームレンズ,35mm,AF,lens,,2010,,200,705,同ジャンルの既知機種からの推定範囲,genre-estimate,D,open-model-catalog,lens-large,430,350,530
nikonafsnikkor200400mmf4gedvrii,lens,Nikon,AF-S NIKKOR 200-400mm f/4G ED VR II,Nikkor | ニコン | ニッコール,35mm autofocus zoom lens,35mm AFズームレンズ,35mm,AF,lens,Nikon F (AF-S),2010,,200,705,同ジャンルの既知機種からの推定範囲,genre-estimate,D,open-model-catalog,lens-large,430,350,530
nikonafsnikkor200500mmf56eedvr,lens,Nikon,AF-S NIKKOR 200-500mm f/5.6E ED VR,Nikkor | ニコン | ニッコール,35mm autofocus zoom lens,35mm AFズームレンズ,35mm,AF,lens,Nikon F,2015,,200,705,同ジャンルの既知機種からの推定範囲,genre-estimate,D,open-model-catalog,lens-large,430,350,530
nikonafsnikkor200mmf2gedvrii,lens,Nikon,AF-S NIKKOR 200mm f/2G ED VR II,Nikkor | ニコン | ニッコール,35mm autofocus lens,35mm AFレンズ,35mm,AF,lens,,2010,,155,290,同ジャンルの既知機種からの推定範囲,genre-estimate,D,open-model-catalog,lens-medium,315,255,385
nikonafsnikkor24120mmf4gedvr,lens,Nikon,AF-S NIKKOR 24-120mm f/4G ED VR,Nikkor | ニコン | ニッコール,35mm autofocus zoom lens,35mm AFズームレンズ,35mm,AF,lens,,2010,,200,705,同ジャンルの既知機種からの推定範囲,genre-estimate,D,open-model-catalog,lens-large,430,350,530
nikonafsnikkor24mmf14ged,lens,Nikon,AF-S NIKKOR 24mm f/1.4G ED,Nikkor | ニコン | ニッコール,35mm autofocus lens,35mm AFレンズ,35mm,AF,lens,,2010,,155,290,同ジャンルの既知機種からの推定範囲,genre-estimate,D,open-model-catalog,lens-medium,315,255,385
nikonafsnikkor28300mmf3556gedvr,lens,Nikon,AF-S NIKKOR 28-300mm f/3.5-5.6G ED VR,Nikkor | ニコン | ニッコール,35mm autofocus zoom lens,35mm AFズームレンズ,35mm,AF,lens,,2010,,200,705,同ジャンルの既知機種からの推定範囲,genre-estimate,D,open-model-catalog,lens-large,430,350,530
nikonafsnikkor300mmf28gedvrii,lens,Nikon,AF-S NIKKOR 300mm f/2.8G ED VR II,Nikkor | ニコン | ニッコール,35mm autofocus lens,35mm AFレンズ,35mm,AF,lens,Nikon F (AF-S),2009,,155,290,同ジャンルの既知機種からの推定範囲,genre-estimate,D,open-model-catalog,lens-medium,315,255,385
nikonafsnikkor35mmf14g,lens,Nikon,AF-S NIKKOR 35mm f/1.4G,Nikkor | ニコン | ニッコール,35mm autofocus lens,35mm AFレンズ,35mm,AF,lens,,2010,,155,290,同ジャンルの既知機種からの推定範囲,genre-estimate,D,open-model-catalog,lens-medium,315,255,385
nikonafsnikkor50mmf18g,lens,Nikon,AF-S Nikkor 50mm f/1.8G,Nikkor | ニコン | ニッコール,35mm autofocus lens,35mm AFレンズ,35mm,AF,lens,Nikon F (AF-S),2011,,155,290,同ジャンルの既知機種からの推定範囲,genre-estimate,D,open-model-catalog,lens-medium,315,255,385
nikonafsnikkor70200mmf28gedvrii,lens,Nikon,AF-S NIKKOR 70-200mm f/2.8G ED VR II,Nikkor | ニコン | ニッコール,35mm autofocus zoom lens,35mm AFズームレンズ,35mm,AF,lens,,2010,,200,705,同ジャンルの既知機種からの推定範囲,genre-estimate,D,open-model-catalog,lens-large,430,350,530
nikonafsnikkor85mmf14g,lens,Nikon,AF-S Nikkor 85mm f/1.4G,Nikkor | ニコン | ニッコール,35mm autofocus lens,35mm AFレンズ,35mm,AF,lens,,2010,,155,290,同ジャンルの既知機種からの推定範囲,genre-estimate,D,open-model-catalog,lens-medium,315,255,385
nikonafsvriinikkor300mmf28gifed,lens,Nikon,AF-S VR II NIKKOR 300mm f/2.8G IF-ED,Nikkor | ニコン | ニッコール,35mm autofocus lens,35mm AFレンズ,35mm,AF,lens,,2009,,155,290,同ジャンルの既知機種からの推定範囲,genre-estimate,D,open-model-catalog,lens-medium,315,255,385
nikonbellowsnikkorp105mmf40,lens,Nikon,Bellows-Nikkor-P 105 mm f/4.0,Nikkor | ニコン | ニッコール,35mm manual-focus lens,35mm MFレンズ,35mm,MF,lens,Nikon F,1969,,165,250,同ジャンルの既知機種からの推定範囲,genre-estimate,D,open-model-catalog,lens-small,210,165,260
nikonnikkor2885mmf3545afmacro,lens,Nikon,Nikkor  28-85mm f/3.5-4.5 AF Macro,Nikkor | ニコン | ニッコール,35mm autofocus zoom lens,35mm AFズームレンズ,35mm,AF,lens,Nikon F / Minolta A,,,200,705,同ジャンルの既知機種からの推定範囲,genre-estimate,D,open-model-catalog,lens-large,430,350,530
nikonnikkor105cmf25nikkorpauto,lens,Nikon,Nikkor 10.5cm f/2.5 Nikkor-P Auto,Nikkor | ニコン | ニッコール,35mm manual-focus lens,35mm MFレンズ,35mm,MF,lens,Nikon F,1959,,165,250,同ジャンルの既知機種からの推定範囲,genre-estimate,D,open-model-catalog,lens-small,210,165,260
nikonnikkor105mmf18ais,lens,Nikon,Nikkor 105mm f/1.8 AI-S,Nikkor | ニコン | ニッコール,35mm manual-focus lens,35mm MFレンズ,35mm,MF,lens,Nikon F (AI-S),1981,,165,250,同ジャンルの既知機種からの推定範囲,genre-estimate,D,open-model-catalog,lens-small,210,165,260
nikonnikkor105mmf25ai,lens,Nikon,Nikkor 105mm f/2.5 AI,Nikkor | ニコン | ニッコール,35mm manual-focus lens,35mm MFレンズ,35mm,MF,lens,Nikon F (AI),,,165,250,同ジャンルの既知機種からの推定範囲,genre-estimate,D,open-model-catalog,lens-small,210,165,260
nikonnikkor105mmf25ais,lens,Nikon,Nikkor 105mm f/2.5 Ai-S,Nikkor | ニコン | ニッコール,35mm manual-focus lens,35mm MFレンズ,35mm,MF,lens,Nikon F (AI-S),1981,,165,250,同ジャンルの既知機種からの推定範囲,genre-estimate,D,open-model-catalog,lens-small,210,165,260
nikonnikkor105mmf28dafmicro,lens,Nikon,Nikkor 105mm f/2.8D AF Micro,Nikkor | ニコン | ニッコール,35mm autofocus lens,35mm AFレンズ,35mm,AF,lens,Nikon F (AF-D),1993,,155,290,同ジャンルの既知機種からの推定範囲,genre-estimate,D,open-model-catalog,lens-medium,315,255,385
nikonnikkor105mmf28gedifafsvrmicro,lens,Nikon,Nikkor 105mm f/2.8G ED-IF AF-S VR Micro,Nikkor | ニコン | ニッコール,35mm autofocus lens,35mm AFレンズ,35mm,AF,lens,Nikon F (AF-S),2006,,155,290,同ジャンルの既知機種からの推定範囲,genre-estimate,D,open-model-catalog,lens-medium,315,255,385
nikonnikkor105mmf2dafdc,lens,Nikon,Nikkor 105mm f/2D AF DC,Nikkor | ニコン | ニッコール,35mm autofocus lens,35mm AFレンズ,35mm,AF,lens,Nikon F (AF-D),1993,,155,290,同ジャンルの既知機種からの推定範囲,genre-estimate,D,open-model-catalog,lens-medium,315,255,385
nikonnikkor105mmf4aimicro,lens,Nikon,Nikkor 105mm f/4 AI Micro,Nikkor | ニコン | ニッコール,35mm manual-focus lens,35mm MFレンズ,35mm,MF,lens,Nikon F (AI),,,165,250,同ジャンルの既知機種からの推定範囲,genre-estimate,D,open-model-catalog,lens-small,210,165,260
nikonnikkor135cmf35nikkorqauto,lens,Nikon,Nikkor 13.5cm f/3.5 Nikkor-Q Auto,Nikkor | ニコン | ニッコール,35mm manual-focus lens,35mm MFレンズ,35mm,MF,lens,Nikon F,1959,,165,250,同ジャンルの既知機種からの推定範囲,genre-estimate,D,open-model-catalog,lens-small,210,165,260
nikonnikkor135mmf2afdc,lens,Nikon,Nikkor 135mm f/2 AF-DC,Nikkor | ニコン | ニッコール,35mm autofocus lens,35mm AFレンズ,35mm,AF,lens,Nikon F / Minolta A,1990,,155,290,同ジャンルの既知機種からの推定範囲,genre-estimate,D,open-model-catalog,lens-medium,315,255,385
nikonnikkor135mmf28ais,lens,Nikon,Nikkor 135mm f/2.8 Ai-S,Nikkor | ニコン | ニッコール,35mm manual-focus lens,35mm MFレンズ,35mm,MF,lens,Nikon F (AI-S),1981,,165,250,同ジャンルの既知機種からの推定範囲,genre-estimate,D,open-model-catalog,lens-small,210,165,260
nikonnikkor135mmf2dafdc,lens,Nikon,Nikkor 135mm f/2D AF-DC,Nikkor | ニコン | ニッコール,35mm autofocus lens,35mm AFレンズ,35mm,AF,lens,Nikon F (AF-D),1995,,155,290,同ジャンルの既知機種からの推定範囲,genre-estimate,D,open-model-catalog,lens-medium,315,255,385
nikonnikkor14mmf28dedaf,lens,Nikon,Nikkor 14mm f/2.8D ED AF,Nikkor | ニコン | ニッコール,35mm autofocus lens,35mm AFレンズ,35mm,AF,lens,Nikon F (AF-D),2000,,155,290,同ジャンルの既知機種からの推定範囲,genre-estimate,D,open-model-catalog,lens-medium,315,255,385
nikonnikkor15mmf35ais,lens,Nikon,Nikkor 15mm f/3.5 Ai-S,Nikkor | ニコン | ニッコール,35mm manual-focus lens,35mm MFレンズ,35mm,MF,lens,Nikon F (AI-S),,,165,250,同ジャンルの既知機種からの推定範囲,genre-estimate,D,open-model-catalog,lens-small,210,165,260
nikonnikkor16mmf28daffisheye,lens,Nikon,Nikkor 16mm f/2.8D AF Fisheye,Nikkor | ニコン | ニッコール,35mm autofocus lens,35mm AFレンズ,35mm,AF,lens,Nikon F (AF-D),1993,,155,290,同ジャンルの既知機種からの推定範囲,genre-estimate,D,open-model-catalog,lens-medium,315,255,385
nikonnikkor16mmf35aifisheye,lens,Nikon,Nikkor 16mm f/3.5 AI Fisheye,Nikkor | ニコン | ニッコール,35mm manual-focus lens,35mm MFレンズ,35mm,MF,lens,Nikon F (AI),,,165,250,同ジャンルの既知機種からの推定範囲,genre-estimate,D,open-model-catalog,lens-small,210,165,260
nikonnikkor1735mmf28dedifafs,lens,Nikon,Nikkor 17-35mm f/2.8D ED-IF AF-S,Nikkor | ニコン | ニッコール,35mm autofocus zoom lens,35mm AFズームレンズ,35mm,AF,lens,Nikon F (AF-S),1999,,200,705,同ジャンルの既知機種からの推定範囲,genre-estimate,D,open-model-catalog,lens-large,430,350,530
nikonnikkor1835mmf3545dedifaf,lens,Nikon,Nikkor 18-35mm f/3.5-4.5D ED-IF AF,Nikkor | ニコン | ニッコール,35mm autofocus zoom lens,35mm AFズームレンズ,35mm,AF,lens,Nikon F (AF-D),2000,,200,705,同ジャンルの既知機種からの推定範囲,genre-estimate,D,open-model-catalog,lens-large,430,350,530
nikonnikkor180mmf28edais,lens,Nikon,Nikkor 180mm f/2.8 ED Ai-S,Nikkor | ニコン | ニッコール,35mm manual-focus lens,35mm MFレンズ,35mm,MF,lens,Nikon F (AI-S),1981,,165,250,同ジャンルの既知機種からの推定範囲,genre-estimate,D,open-model-catalog,lens-small,210,165,260
nikonnikkor180mmf28dedifaf,lens,Nikon,Nikkor 180mm f/2.8D ED-IF AF,Nikkor | ニコン | ニッコール,35mm autofocus lens,35mm AFレンズ,35mm,AF,lens,Nikon F (AF-D),1994,,155,290,同ジャンルの既知機種からの推定範囲,genre-estimate,D,open-model-catalog,lens-medium,315,255,385
nikonnikkor18mmf28daf,lens,Nikon,Nikkor 18mm f/2.8D AF,Nikkor | ニコン | ニッコール,35mm autofocus lens,35mm AFレンズ,35mm,AF,lens,Nikon F (AF-D),1994,,155,290,同ジャンルの既知機種からの推定範囲,genre-estimate,D,open-model-catalog,lens-medium,315,255,385
nikonnikkor18mmf4ai,lens,Nikon,Nikkor 18mm f/4 AI,Nikkor | ニコン | ニッコール,35mm manual-focus lens,35mm MFレンズ,35mm,MF,lens,Nikon F (AI),,,165,250,同ジャンルの既知機種からの推定範囲,genre-estimate,D,open-model-catalog,lens-small,210,165,260
nikonnikkor2035mmf28d,lens,Nikon,Nikkor 20-35mm f/2.8D,Nikkor | ニコン | ニッコール,35mm autofocus zoom lens,35mm AFズームレンズ,35mm,AF,lens,Nikon F (AF-D),,,200,705,同ジャンルの既知機種からの推定範囲,genre-estimate,D,open-model-catalog,lens-large,430,350,530
nikonnikkor200400mmf4gedifafsvr,lens,Nikon,Nikkor 200-400mm f/4G ED-IF AF-S VR,Nikkor | ニコン | ニッコール,35mm autofocus zoom lens,35mm AFズームレンズ,35mm,AF,lens,Nikon F (AF-S),2003,,200,705,同ジャンルの既知機種からの推定範囲,genre-estimate,D,open-model-catalog,lens-large,430,350,530
nikonnikkor200mmf2gifedafsvr,lens,Nikon,Nikkor 200mm f/2G IF-ED AF-S VR,Nikkor | ニコン | ニッコール,35mm autofocus lens,35mm AFレンズ,35mm,AF,lens,Nikon F (AF-S),2004,,155,290,同ジャンルの既知機種からの推定範囲,genre-estimate,D,open-model-catalog,lens-medium,315,255,385
nikonnikkor200mmf4ai,lens,Nikon,Nikkor 200mm f/4 AI,Nikkor | ニコン | ニッコール,35mm manual-focus lens,35mm MFレンズ,35mm,MF,lens,Nikon F (AI),,,165,250,同ジャンルの既知機種からの推定範囲,genre-estimate,D,open-model-catalog,lens-small,210,165,260
nikonnikkor200mmf4ais,lens,Nikon,Nikkor 200mm f/4 AI-S,Nikkor | ニコン | ニッコール,35mm manual-focus lens,35mm MFレンズ,35mm,MF,lens,Nikon F (AI-S),,,165,250,同ジャンルの既知機種からの推定範囲,genre-estimate,D,open-model-catalog,lens-small,210,165,260
nikonnikkor200mmf4microifais,lens,Nikon,Nikkor 200mm f/4 Micro IF Ai-S,Nikkor | ニコン | ニッコール,35mm manual-focus lens,35mm MFレンズ,35mm,MF,lens,Nikon F (AI-S),1982,,165,250,同ジャンルの既知機種からの推定範囲,genre-estimate,D,open-model-catalog,lens-small,210,165,260
nikonnikkor200mmf4dedifafmicro,lens,Nikon,Nikkor 200mm f/4D ED-IF AF Micro,Nikkor | ニコン | ニッコール,35mm autofocus lens,35mm AFレンズ,35mm,AF,lens,Nikon F (AF-D),1993,,155,290,同ジャンルの既知機種からの推定範囲,genre-estimate,D,open-model-catalog,lens-medium,315,255,385
nikonnikkor20cmf4nikkorqauto,lens,Nikon,Nikkor 20cm f/4 Nikkor-Q Auto,Nikkor | ニコン | ニッコール,35mm manual-focus lens,35mm MFレンズ,35mm,MF,lens,Nikon F,1961,,165,250,同ジャンルの既知機種からの推定範囲,genre-estimate,D,open-model-catalog,lens-small,210,165,260
nikonnikkor20mmf28af,lens,Nikon,Nikkor 20mm f/2.8 AF,Nikkor | ニコン | ニッコール,35mm autofocus lens,35mm AFレンズ,35mm,AF,lens,Nikon F / Minolta A,1989,,155,290,同ジャンルの既知機種からの推定範囲,genre-estimate,D,open-model-catalog,lens-medium,315,255,385
nikonnikkor20mmf28daf,lens,Nikon,Nikkor 20mm f/2.8D AF,Nikkor | ニコン | ニッコール,35mm autofocus lens,35mm AFレンズ,35mm,AF,lens,Nikon F (AF-D),1994,,155,290,同ジャンルの既知機種からの推定範囲,genre-estimate,D,open-model-catalog,lens-medium,315,255,385
nikonnikkor20mmf35nikkorudauto,lens,Nikon,Nikkor 20mm f/3.5 Nikkor-UD Auto,Nikkor | ニコン | ニッコール,35mm manual-focus lens,35mm MFレンズ,35mm,MF,lens,Nikon F,,,165,250,同ジャンルの既知機種からの推定範囲,genre-estimate,D,open-model-catalog,lens-small,210,165,260
nikonnikkor20mmf4ai,lens,Nikon,Nikkor 20mm f/4 AI,Nikkor | ニコン | ニッコール,35mm manual-focus lens,35mm MFレンズ,35mm,MF,lens,Nikon F (AI),,,165,250,同ジャンルの既知機種からの推定範囲,genre-estimate,D,open-model-catalog,lens-small,210,165,260
nikonnikkor24120mmf3556daf,lens,Nikon,Nikkor 24-120mm f/3.5-5.6D AF,Nikkor | ニコン | ニッコール,35mm autofocus zoom lens,35mm AFズームレンズ,35mm,AF,lens,Nikon F (AF-D),,,200,705,同ジャンルの既知機種からの推定範囲,genre-estimate,D,open-model-catalog,lens-large,430,350,530
nikonnikkor24120mmf3556gedifafsvr,lens,Nikon,Nikkor 24-120mm f/3.5-5.6G ED-IF AF-S VR,Nikkor | ニコン | ニッコール,35mm autofocus zoom lens,35mm AFズームレンズ,35mm,AF,lens,Nikon F (AF-S),2003,,200,705,同ジャンルの既知機種からの推定範囲,genre-estimate,D,open-model-catalog,lens-large,430,350,530
nikonnikkor2450mmf3345af,lens,Nikon,Nikkor 24-50mm f/3.3-4.5 AF,Nikkor | ニコン | ニッコール,35mm autofocus zoom lens,35mm AFズームレンズ,35mm,AF,lens,Nikon F / Minolta A,,,200,705,同ジャンルの既知機種からの推定範囲,genre-estimate,D,open-model-catalog,lens-large,430,350,530
nikonnikkor2450mmf3345d,lens,Nikon,Nikkor 24-50mm f/3.3-4.5D,Nikkor | ニコン | ニッコール,35mm autofocus zoom lens,35mm AFズームレンズ,35mm,AF,lens,Nikon F (AF-D),,,200,705,同ジャンルの既知機種からの推定範囲,genre-estimate,D,open-model-catalog,lens-large,430,350,530
nikonnikkor2485mmf284daf,lens,Nikon,Nikkor 24-85mm f/2.8-4D AF,Nikkor | ニコン | ニッコール,35mm autofocus zoom lens,35mm AFズームレンズ,35mm,AF,lens,Nikon F (AF-D),2000,,200,705,同ジャンルの既知機種からの推定範囲,genre-estimate,D,open-model-catalog,lens-large,430,350,530
nikonnikkor2485mmf3545gedifafs,lens,Nikon,Nikkor 24-85mm f/3.5-4.5G ED-IF AF-S,Nikkor | ニコン | ニッコール,Medium-format lens,中判レンズ,120,MF,lens,Nikon F (AF-S),2002,,460,610,同ジャンルの既知機種からの推定範囲,genre-estimate,D,open-model-catalog,lens-medium,315,255,385
nikonnikkor24mmf2ais,lens,Nikon,Nikkor 24mm f/2 Ai-S,Nikkor | ニコン | ニッコール,35mm manual-focus lens,35mm MFレンズ,35mm,MF,lens,Nikon F (AI-S),1981,,165,250,同ジャンルの既知機種からの推定範囲,genre-estimate,D,open-model-catalog,lens-small,210,165,260
nikonnikkor24mmf28af,lens,Nikon,Nikkor 24mm f/2.8 AF,Nikkor | ニコン | ニッコール,35mm autofocus lens,35mm AFレンズ,35mm,AF,lens,Nikon F / Minolta A,,,155,290,同ジャンルの既知機種からの推定範囲,genre-estimate,D,open-model-catalog,lens-medium,315,255,385
nikonnikkor24mmf28ai,lens,Nikon,Nikkor 24mm f/2.8 AI,Nikkor | ニコン | ニッコール,35mm manual-focus lens,35mm MFレンズ,35mm,MF,lens,Nikon F (AI),,,165,250,同ジャンルの既知機種からの推定範囲,genre-estimate,D,open-model-catalog,lens-small,210,165,260
nikonnikkor24mmf28ainikkornauto,lens,Nikon,Nikkor 24mm f/2.8 AI Nikkor-N Auto,Nikkor | ニコン | ニッコール,35mm manual-focus lens,35mm MFレンズ,35mm,MF,lens,Nikon F (AI),,,165,250,同ジャンルの既知機種からの推定範囲,genre-estimate,D,open-model-catalog,lens-small,210,165,260
nikonnikkor24mmf28ais,lens,Nikon,Nikkor 24mm f/2.8 AI-S,Nikkor | ニコン | ニッコール,35mm manual-focus lens,35mm MFレンズ,35mm,MF,lens,Nikon F (AI-S),,,165,250,同ジャンルの既知機種からの推定範囲,genre-estimate,D,open-model-catalog,lens-small,210,165,260
nikonnikkor24mmf28nikkornauto,lens,Nikon,Nikkor 24mm f/2.8 Nikkor-N Auto,Nikkor | ニコン | ニッコール,35mm manual-focus lens,35mm MFレンズ,35mm,MF,lens,Nikon F,,,165,250,同ジャンルの既知機種からの推定範囲,genre-estimate,D,open-model-catalog,lens-small,210,165,260
nikonnikkor24mmf28nikkorncautoai,lens,Nikon,Nikkor 24mm f/2.8 Nikkor-N.C Auto AI,Nikkor | ニコン | ニッコール,35mm manual-focus lens,35mm MFレンズ,35mm,MF,lens,Nikon F (AI),,,165,250,同ジャンルの既知機種からの推定範囲,genre-estimate,D,open-model-catalog,lens-small,210,165,260
nikonnikkor24mmf28daf,lens,Nikon,Nikkor 24mm f/2.8D AF,Nikkor | ニコン | ニッコール,35mm autofocus lens,35mm AFレンズ,35mm,AF,lens,Nikon F (AF-D),1994,,155,290,同ジャンルの既知機種からの推定範囲,genre-estimate,D,open-model-catalog,lens-medium,315,255,385
nikonnikkor28100mmf3556g,lens,Nikon,Nikkor 28-100mm f/3.5-5.6G,Nikkor | ニコン | ニッコール,35mm manual-focus lens,35mm MFレンズ,35mm,MF,lens,,2002,,165,250,同ジャンルの既知機種からの推定範囲,genre-estimate,D,open-model-catalog,lens-small,210,165,260
nikonnikkor28105mmf3545daf,lens,Nikon,Nikkor 28-105mm f/3.5-4.5D AF,Nikkor | ニコン | ニッコール,35mm autofocus zoom lens,35mm AFズームレンズ,35mm,AF,lens,Nikon F (AF-D),1999,,200,705,同ジャンルの既知機種からの推定範囲,genre-estimate,D,open-model-catalog,lens-large,430,350,530
nikonnikkor28200mmf3556difaf,lens,Nikon,Nikkor 28-200mm f/3.5-5.6D IF AF,Nikkor | ニコン | ニッコール,35mm autofocus zoom lens,35mm AFズームレンズ,35mm,AF,lens,,,,200,705,同ジャンルの既知機種からの推定範囲,genre-estimate,D,open-model-catalog,lens-large,430,350,530
nikonnikkor28200mmf3556gedifaf,lens,Nikon,Nikkor 28-200mm f/3.5-5.6G ED-IF AF,Nikkor | ニコン | ニッコール,35mm autofocus zoom lens,35mm AFズームレンズ,35mm,AF,lens,,2003,,200,705,同ジャンルの既知機種からの推定範囲,genre-estimate,D,open-model-catalog,lens-large,430,350,530
nikonnikkor2870mmf28edifafs,lens,Nikon,Nikkor 28-70mm f/2.8 ED-IF AF-S,Nikkor | ニコン | ニッコール,35mm autofocus zoom lens,35mm AFズームレンズ,35mm,AF,lens,Nikon F (AF-S),1998,,200,705,同ジャンルの既知機種からの推定範囲,genre-estimate,D,open-model-catalog,lens-large,430,350,530
nikonnikkor2880mmf3356gaf,lens,Nikon,Nikkor 28-80mm f/3.3-5.6G AF,Nikkor | ニコン | ニッコール,35mm autofocus zoom lens,35mm AFズームレンズ,35mm,AF,lens,,2001,,200,705,同ジャンルの既知機種からの推定範囲,genre-estimate,D,open-model-catalog,lens-large,430,350,530
nikonnikkor28mmf14daf,lens,Nikon,Nikkor 28mm f/1.4D AF,Nikkor | ニコン | ニッコール,35mm autofocus lens,35mm AFレンズ,35mm,AF,lens,Nikon F (AF-D),1994,,155,290,同ジャンルの既知機種からの推定範囲,genre-estimate,D,open-model-catalog,lens-medium,315,255,385
nikonnikkor28mmf2ai,lens,Nikon,Nikkor 28mm f/2 AI,Nikkor | ニコン | ニッコール,35mm manual-focus lens,35mm MFレンズ,35mm,MF,lens,Nikon F (AI),,,165,250,同ジャンルの既知機種からの推定範囲,genre-estimate,D,open-model-catalog,lens-small,210,165,260
nikonnikkor28mmf2ais,lens,Nikon,Nikkor 28mm f/2 Ai-S,Nikkor | ニコン | ニッコール,35mm manual-focus lens,35mm MFレンズ,35mm,MF,lens,Nikon F (AI-S),1981,,165,250,同ジャンルの既知機種からの推定範囲,genre-estimate,D,open-model-catalog,lens-small,210,165,260
nikonnikkor28mmf2nikkorncauto,lens,Nikon,Nikkor 28mm f/2 Nikkor-N.C  Auto,Nikkor | ニコン | ニッコール,35mm manual-focus lens,35mm MFレンズ,35mm,MF,lens,Nikon F,,,165,250,同ジャンルの既知機種からの推定範囲,genre-estimate,D,open-model-catalog,lens-small,210,165,260
nikonnikkor28mmf28af,lens,Nikon,Nikkor 28mm f/2.8 AF,Nikkor | ニコン | ニッコール,35mm autofocus lens,35mm AFレンズ,35mm,AF,lens,Nikon F / Minolta A,,,155,290,同ジャンルの既知機種からの推定範囲,genre-estimate,D,open-model-catalog,lens-medium,315,255,385
nikonnikkor28mmf28ais,lens,Nikon,Nikkor 28mm f/2.8 AI-S,28 2.8 AIS | Nikkor | ニコン | ニッコール | Nikkor 28mm f/2.8 | Nikkor 28mm f/2.8 AI | Nikon 28mm f/2.8 Ai-S Series E,35mm manual-focus lens,35mm MFレンズ,35mm,MF,lens,Nikon F,1981,250,250,250,"lens only, without caps",reference,B,compiled-specs,lens-small,210,165,260
nikonnikkor28mmf28daf,lens,Nikon,Nikkor 28mm f/2.8D AF,Nikkor | ニコン | ニッコール,35mm autofocus lens,35mm AFレンズ,35mm,AF,lens,Nikon F (AF-D),1994,,155,290,同ジャンルの既知機種からの推定範囲,genre-estimate,D,open-model-catalog,lens-medium,315,255,385
nikonnikkor28mmf35ai,lens,Nikon,Nikkor 28mm f/3.5 AI,Nikkor | ニコン | ニッコール,35mm manual-focus lens,35mm MFレンズ,35mm,MF,lens,Nikon F (AI),,,165,250,同ジャンルの既知機種からの推定範囲,genre-estimate,D,open-model-catalog,lens-small,210,165,260
nikonnikkor28mmf35nikkorhcauto,lens,Nikon,Nikkor 28mm f/3.5 Nikkor H.C Auto,Nikkor | ニコン | ニッコール,35mm manual-focus lens,35mm MFレンズ,35mm,MF,lens,Nikon F,,,165,250,同ジャンルの既知機種からの推定範囲,genre-estimate,D,open-model-catalog,lens-small,210,165,260
nikonnikkor28mmf35nikkorhauto,lens,Nikon,Nikkor 28mm f/3.5 Nikkor-H Auto,Nikkor | ニコン | ニッコール,35mm manual-focus lens,35mm MFレンズ,35mm,MF,lens,Nikon F,,,165,250,同ジャンルの既知機種からの推定範囲,genre-estimate,D,open-model-catalog,lens-small,210,165,260
nikonnikkor28mmf35pcais,lens,Nikon,Nikkor 28mm f/3.5 PC Ai-S,Nikkor | ニコン | ニッコール,35mm manual-focus lens,35mm MFレンズ,35mm,MF,lens,Nikon F (AI-S),1981,,165,250,同ジャンルの既知機種からの推定範囲,genre-estimate,D,open-model-catalog,lens-small,210,165,260
nikonnikkor35cmf2nikkoroauto,lens,Nikon,Nikkor 3.5cm f/2 Nikkor-O Auto,Nikkor | ニコン | ニッコール,35mm manual-focus lens,35mm MFレンズ,35mm,MF,lens,Nikon F,1962,,165,250,同ジャンルの既知機種からの推定範囲,genre-estimate,D,open-model-catalog,lens-small,210,165,260
nikonnikkor300mmf28dedifiiafs,lens,Nikon,Nikkor 300mm f/2.8D ED-IF II AF-S,Nikkor | ニコン | ニッコール,35mm autofocus lens,35mm AFレンズ,35mm,AF,lens,Nikon F (AF-S),2001,,155,290,同ジャンルの既知機種からの推定範囲,genre-estimate,D,open-model-catalog,lens-medium,315,255,385
nikonnikkor300mmf28gedifafsvr,lens,Nikon,Nikkor 300mm f/2.8G ED-IF AF-S VR,Nikkor | ニコン | ニッコール,35mm autofocus lens,35mm AFレンズ,35mm,AF,lens,Nikon F (AF-S),2004,,155,290,同ジャンルの既知機種からの推定範囲,genre-estimate,D,open-model-catalog,lens-medium,315,255,385
nikonnikkor300mmf4edifafs,lens,Nikon,Nikkor 300mm f/4 ED-IF AF-S,Nikkor | ニコン | ニッコール,35mm autofocus lens,35mm AFレンズ,35mm,AF,lens,Nikon F (AF-S),2000,,155,290,同ジャンルの既知機種からの推定範囲,genre-estimate,D,open-model-catalog,lens-medium,315,255,385
nikonnikkor300mmf45ais,lens,Nikon,Nikkor 300mm f/4.5 Ai-S,Nikkor | ニコン | ニッコール,35mm manual-focus lens,35mm MFレンズ,35mm,MF,lens,Nikon F (AI-S),1981,,165,250,同ジャンルの既知機種からの推定範囲,genre-estimate,D,open-model-catalog,lens-small,210,165,260
nikonnikkor300mmf45edifais,lens,Nikon,Nikkor 300mm f/4.5 ED-IF Ai-S,Nikkor | ニコン | ニッコール,35mm manual-focus lens,35mm MFレンズ,35mm,MF,lens,Nikon F (AI-S),1981,,165,250,同ジャンルの既知機種からの推定範囲,genre-estimate,D,open-model-catalog,lens-small,210,165,260
nikonnikkor300mmf45nikkorh,lens,Nikon,Nikkor 300mm f/4.5 Nikkor-H,Nikkor | ニコン | ニッコール,35mm manual-focus lens,35mm MFレンズ,35mm,MF,lens,Nikon F,,,165,250,同ジャンルの既知機種からの推定範囲,genre-estimate,D,open-model-catalog,lens-small,210,165,260
nikonnikkor35105mmf3545zoomnikkorais,lens,Nikon,Nikkor 35-105mm f/3.5-4.5 Zoom-Nikkor AI-S,Nikkor | ニコン | ニッコール,35mm manual-focus lens,35mm MFレンズ,35mm,MF,lens,Nikon F (AI-S),1986,,165,250,同ジャンルの既知機種からの推定範囲,genre-estimate,D,open-model-catalog,lens-small,210,165,260
nikonnikkor3570mmf28daf,lens,Nikon,Nikkor 35-70mm f/2.8D AF,Nikkor | ニコン | ニッコール,35mm autofocus zoom lens,35mm AFズームレンズ,35mm,AF,lens,Nikon F (AF-D),,,200,705,同ジャンルの既知機種からの推定範囲,genre-estimate,D,open-model-catalog,lens-large,430,350,530
nikonnikkor3570mmf3345zoomnikkorais,lens,Nikon,Nikkor 35-70mm f/3.3-4.5 Zoom-Nikkor Ai-S,Nikkor | ニコン | ニッコール,35mm manual-focus lens,35mm MFレンズ,35mm,MF,lens,Nikon F (AI-S),1986,,165,250,同ジャンルの既知機種からの推定範囲,genre-estimate,D,open-model-catalog,lens-small,210,165,260
nikonnikkor35mmf14ais,lens,Nikon,Nikkor 35mm f/1.4 Ai-S,Nikkor | ニコン | ニッコール,35mm manual-focus lens,35mm MFレンズ,35mm,MF,lens,Nikon F (AI-S),1981,,165,250,同ジャンルの既知機種からの推定範囲,genre-estimate,D,open-model-catalog,lens-small,210,165,260
nikonnikkor35mmf2ais,lens,Nikon,Nikkor 35mm f/2 AI-S,35 2 AIS | Nikkor | ニコン | ニッコール,35mm manual-focus lens,35mm MFレンズ,35mm,MF,lens,Nikon F,1981,280,280,280,"lens only, without caps",reference,B,compiled-specs,lens-medium,315,255,385
nikonnikkor35mmf28,lens,Nikon,Nikkor 35mm f/2.8,Nikkor | ニコン | ニッコール,35mm manual-focus lens,35mm MFレンズ,35mm,MF,lens,Nikon F,,,165,250,同ジャンルの既知機種からの推定範囲,genre-estimate,D,open-model-catalog,lens-small,210,165,260
nikonnikkor35mmf28ais,lens,Nikon,Nikkor 35mm f/2.8 AI-S,Nikkor | ニコン | ニッコール,35mm manual-focus lens,35mm MFレンズ,35mm,MF,lens,Nikon F (AI-S),,,165,250,同ジャンルの既知機種からの推定範囲,genre-estimate,D,open-model-catalog,lens-small,210,165,260
nikonnikkor35mmf28pc,lens,Nikon,Nikkor 35mm f/2.8 PC,Nikkor | ニコン | ニッコール,35mm manual-focus lens,35mm MFレンズ,35mm,MF,lens,,1968,,165,250,同ジャンルの既知機種からの推定範囲,genre-estimate,D,open-model-catalog,lens-small,210,165,260
nikonnikkor35mmf2daf,lens,Nikon,Nikkor 35mm f/2D AF,Nikkor | ニコン | ニッコール,35mm autofocus lens,35mm AFレンズ,35mm,AF,lens,Nikon F (AF-D),1995,,155,290,同ジャンルの既知機種からの推定範囲,genre-estimate,D,open-model-catalog,lens-medium,315,255,385
nikonnikkor400mmf28edifais,lens,Nikon,Nikkor 400mm f/2.8 ED-IF Ai-S,Nikkor | ニコン | ニッコール,35mm manual-focus lens,35mm MFレンズ,35mm,MF,lens,Nikon F (AI-S),1985,,165,250,同ジャンルの既知機種からの推定範囲,genre-estimate,D,open-model-catalog,lens-small,210,165,260
nikonnikkor400mmf28difedafsii,lens,Nikon,Nikkor 400mm f/2.8D IF-ED AF-S II,Nikkor | ニコン | ニッコール,35mm autofocus lens,35mm AFレンズ,35mm,AF,lens,,2001,,155,290,同ジャンルの既知機種からの推定範囲,genre-estimate,D,open-model-catalog,lens-medium,315,255,385
nikonnikkor400mmf35ifedais,lens,Nikon,Nikkor 400mm f/3.5 IF-ED Ai-S,Nikkor | ニコン | ニッコール,35mm manual-focus lens,35mm MFレンズ,35mm,MF,lens,Nikon F (AI-S),1982,,165,250,同ジャンルの既知機種からの推定範囲,genre-estimate,D,open-model-catalog,lens-small,210,165,260
nikonnikkor400mmf56ifedais,lens,Nikon,Nikkor 400mm f/5.6 IF-ED Ai-S,Nikkor | ニコン | ニッコール,35mm manual-focus lens,35mm MFレンズ,35mm,MF,lens,Nikon F (AI-S),1981,,165,250,同ジャンルの既知機種からの推定範囲,genre-estimate,D,open-model-catalog,lens-small,210,165,260
nikonnikkor4386mmf35zoomnikkorai,lens,Nikon,Nikkor 43-86mm f/3.5 Zoom-Nikkor AI,Nikkor | ニコン | ニッコール,35mm manual-focus lens,35mm MFレンズ,35mm,MF,lens,Nikon F (AI),1977,,165,250,同ジャンルの既知機種からの推定範囲,genre-estimate,D,open-model-catalog,lens-small,210,165,260
nikonnikkor45mmf28p,lens,Nikon,Nikkor 45mm f/2.8P,Nikkor | ニコン | ニッコール,35mm manual-focus lens,35mm MFレンズ,35mm,MF,lens,Nikon F (AI-S),2001,,165,250,同ジャンルの既知機種からの推定範囲,genre-estimate,D,open-model-catalog,lens-small,210,165,260
nikonnikkor500mmf4difedafsii,lens,Nikon,Nikkor 500mm f/4D IF-ED AF-S II,Nikkor | ニコン | ニッコール,35mm autofocus lens,35mm AFレンズ,35mm,AF,lens,Nikon F (AF-S),2001,,155,290,同ジャンルの既知機種からの推定範囲,genre-estimate,D,open-model-catalog,lens-medium,315,255,385
nikonnikkor500mmf8reflexais,lens,Nikon,Nikkor 500mm f/8 Reflex Ai-S,Nikkor | ニコン | ニッコール,35mm manual-focus lens,35mm MFレンズ,35mm,MF,lens,,,,165,250,同ジャンルの既知機種からの推定範囲,genre-estimate,D,open-model-catalog,lens-small,210,165,260
nikonnikkor50mmf18daf,lens,Nikon,Nikkor 50mm  f/1.8D AF,Nikkor | ニコン | ニッコール,35mm autofocus lens,35mm AFレンズ,35mm,AF,lens,Nikon F (AF-D),2002,,155,290,同ジャンルの既知機種からの推定範囲,genre-estimate,D,open-model-catalog,lens-medium,315,255,385
nikonnikkor50mmf12ai,lens,Nikon,Nikkor 50mm f/1.2 AI,Nikkor | ニコン | ニッコール,35mm manual-focus lens,35mm MFレンズ,35mm,MF,lens,Nikon F (AI),,,165,250,同ジャンルの既知機種からの推定範囲,genre-estimate,D,open-model-catalog,lens-small,210,165,260
nikonnikkor50mmf12ais,lens,Nikon,Nikkor 50mm f/1.2 Ai-S,Nikkor | ニコン | ニッコール,35mm manual-focus lens,35mm MFレンズ,35mm,MF,lens,Nikon F (AI-S),1981,,165,250,同ジャンルの既知機種からの推定範囲,genre-estimate,D,open-model-catalog,lens-small,210,165,260
nikonnikkor50mmf14af,lens,Nikon,Nikkor 50mm f/1.4 AF,Nikkor | ニコン | ニッコール,35mm autofocus lens,35mm AFレンズ,35mm,AF,lens,Nikon F / Minolta A,,,155,290,同ジャンルの既知機種からの推定範囲,genre-estimate,D,open-model-catalog,lens-medium,315,255,385
nikonnikkor50mmf14ais,lens,Nikon,Nikkor 50mm f/1.4 AI-S,50 1.4 AIS | Nikkor | ニコン | ニッコール | Nikkor 50mm f/1.4 | Nikkor 50mm f/1.4 AI,35mm manual-focus lens,35mm MFレンズ,35mm,MF,lens,Nikon F,1981,250,250,250,"lens only, without caps",reference,B,compiled-specs,lens-small,210,165,260
nikonnikkor50mmf14nikkorsauto,lens,Nikon,Nikkor 50mm f/1.4 Nikkor-S Auto,Nikkor | ニコン | ニッコール,35mm manual-focus lens,35mm MFレンズ,35mm,MF,lens,Nikon F,1962,,165,250,同ジャンルの既知機種からの推定範囲,genre-estimate,D,open-model-catalog,lens-small,210,165,260
nikonnikkor50mmf14daf,lens,Nikon,Nikkor 50mm f/1.4D AF,Nikkor | ニコン | ニッコール,35mm autofocus lens,35mm AFレンズ,35mm,AF,lens,Nikon F (AF-D),1995,,155,290,同ジャンルの既知機種からの推定範囲,genre-estimate,D,open-model-catalog,lens-medium,315,255,385
nikonnikkor50mmf18af,lens,Nikon,Nikkor 50mm f/1.8 AF,Nikkor | ニコン | ニッコール,35mm autofocus lens,35mm AFレンズ,35mm,AF,lens,Nikon F / Minolta A,,,155,290,同ジャンルの既知機種からの推定範囲,genre-estimate,D,open-model-catalog,lens-medium,315,255,385
nikonnikkor50mmf18ais,lens,Nikon,Nikkor 50mm f/1.8 AI-S,50 1.8 AIS | Nikkor | Pancake Nikkor | ニコン | ニッコール | Nikkor 50mm f/1.8 AI | Nikon 50mm f/1.8 AI-S Series E,35mm manual-focus lens,35mm MFレンズ,35mm,MF,lens,Nikon F,1981,145,145,145,"lens only, without caps",reference,B,compiled-specs,lens-small,210,165,260
nikonnikkor50mmf2nikkorhauto,lens,Nikon,Nikkor 50mm f/2 Nikkor-H Auto,Nikkor | ニコン | ニッコール,35mm manual-focus lens,35mm MFレンズ,35mm,MF,lens,Nikon F,,,165,250,同ジャンルの既知機種からの推定範囲,genre-estimate,D,open-model-catalog,lens-small,210,165,260
nikonnikkor55mmf12nikkorsauto,lens,Nikon,Nikkor 55mm f/1.2 Nikkor-S Auto,Nikkor | ニコン | ニッコール,35mm manual-focus lens,35mm MFレンズ,35mm,MF,lens,Nikon F,,,165,250,同ジャンルの既知機種からの推定範囲,genre-estimate,D,open-model-catalog,lens-small,210,165,260
nikonnikkor55mmf28aismicro,lens,Nikon,Nikkor 55mm f/2.8 Ai-S Micro,Nikkor | ニコン | ニッコール,35mm manual-focus lens,35mm MFレンズ,35mm,MF,lens,Nikon F (AI-S),,,165,250,同ジャンルの既知機種からの推定範囲,genre-estimate,D,open-model-catalog,lens-small,210,165,260
nikonnikkor55mmf35micro,lens,Nikon,Nikkor 55mm f/3.5 Micro,Nikkor | ニコン | ニッコール,35mm manual-focus lens,35mm MFレンズ,35mm,MF,lens,Nikon F,,,165,250,同ジャンルの既知機種からの推定範囲,genre-estimate,D,open-model-catalog,lens-small,210,165,260
nikonnikkor55mmf35microai,lens,Nikon,Nikkor 55mm f/3.5 Micro AI,Nikkor | ニコン | ニッコール,35mm manual-focus lens,35mm MFレンズ,35mm,MF,lens,Nikon F (AI),,,165,250,同ジャンルの既知機種からの推定範囲,genre-estimate,D,open-model-catalog,lens-small,210,165,260
nikonnikkor55mmf35micronikkorpauto,lens,Nikon,Nikkor 55mm f/3.5 Micro-Nikkor-P Auto,Nikkor | ニコン | ニッコール,35mm manual-focus lens,35mm MFレンズ,35mm,MF,lens,Nikon F,1963,,165,250,同ジャンルの既知機種からの推定範囲,genre-estimate,D,open-model-catalog,lens-small,210,165,260
nikonnikkor55mmf35micronikkorpcauto,lens,Nikon,Nikkor 55mm f/3.5 Micro-Nikkor-P.C Auto,Nikkor | ニコン | ニッコール,35mm manual-focus lens,35mm MFレンズ,35mm,MF,lens,Nikon F,,,165,250,同ジャンルの既知機種からの推定範囲,genre-estimate,D,open-model-catalog,lens-small,210,165,260
nikonnikkor5cmf2nikkorsauto,lens,Nikon,Nikkor 5cm f/2 Nikkor-S Auto,Nikkor | ニコン | ニッコール,35mm manual-focus lens,35mm MFレンズ,35mm,MF,lens,Nikon F,1959,,165,250,同ジャンルの既知機種からの推定範囲,genre-estimate,D,open-model-catalog,lens-small,210,165,260
nikonnikkor600mmf4dedifafs,lens,Nikon,Nikkor 600mm f/4D ED-IF AF-S,Nikkor | ニコン | ニッコール,35mm autofocus lens,35mm AFレンズ,35mm,AF,lens,,,,155,290,同ジャンルの既知機種からの推定範囲,genre-estimate,D,open-model-catalog,lens-medium,315,255,385
nikonnikkor600mmf4difedafsii,lens,Nikon,Nikkor 600mm f/4D IF-ED AF-S II,Nikkor | ニコン | ニッコール,35mm autofocus lens,35mm AFレンズ,35mm,AF,lens,Nikon F (AF-S),2001,,155,290,同ジャンルの既知機種からの推定範囲,genre-estimate,D,open-model-catalog,lens-medium,315,255,385
nikonnikkor60mmf28dafmicro,lens,Nikon,Nikkor 60mm f/2.8D AF Micro,Nikkor | ニコン | ニッコール,35mm autofocus lens,35mm AFレンズ,35mm,AF,lens,Nikon F (AF-D),1993,,155,290,同ジャンルの既知機種からの推定範囲,genre-estimate,D,open-model-catalog,lens-medium,315,255,385
nikonnikkor60mmf28gedafsmicro,lens,Nikon,Nikkor 60mm f/2.8G ED AF-S Micro,Nikkor | ニコン | ニッコール,35mm autofocus lens,35mm AFレンズ,35mm,AF,lens,Nikon F (AF-D),2008,,155,290,同ジャンルの既知機種からの推定範囲,genre-estimate,D,open-model-catalog,lens-medium,315,255,385
nikonnikkor70180mmf4556dafedmicro,lens,Nikon,Nikkor 70-180mm f/4.5-5.6D AF ED Micro,Nikkor | ニコン | ニッコール,35mm autofocus zoom lens,35mm AFズームレンズ,35mm,AF,lens,,,,200,705,同ジャンルの既知機種からの推定範囲,genre-estimate,D,open-model-catalog,lens-large,430,350,530
nikonnikkor70200mmf28gedifafsvr,lens,Nikon,Nikkor 70-200mm f/2.8G ED-IF AF-S VR,Nikkor | ニコン | ニッコール,35mm autofocus zoom lens,35mm AFズームレンズ,35mm,AF,lens,,2002,,200,705,同ジャンルの既知機種からの推定範囲,genre-estimate,D,open-model-catalog,lens-large,430,350,530
nikonnikkor70210mmf4556ais,lens,Nikon,Nikkor 70-210mm f/4.5-5.6 AI-S,Nikkor | ニコン | ニッコール,35mm manual-focus lens,35mm MFレンズ,35mm,MF,lens,,,,165,250,同ジャンルの既知機種からの推定範囲,genre-estimate,D,open-model-catalog,lens-small,210,165,260
nikonnikkor70300mmf456dedaf,lens,Nikon,Nikkor 70-300mm f/4-5.6D ED AF,Nikkor | ニコン | ニッコール,35mm autofocus zoom lens,35mm AFズームレンズ,35mm,AF,lens,,,,200,705,同ジャンルの既知機種からの推定範囲,genre-estimate,D,open-model-catalog,lens-large,430,350,530
nikonnikkor70300mmf456gaf,lens,Nikon,Nikkor 70-300mm f/4-5.6G AF,Nikkor | ニコン | ニッコール,35mm autofocus zoom lens,35mm AFズームレンズ,35mm,AF,lens,,2000,,200,705,同ジャンルの既知機種からの推定範囲,genre-estimate,D,open-model-catalog,lens-large,430,350,530
nikonnikkor70300mmf4556gifedafsvrzoom,lens,Nikon,Nikkor 70-300mm f/4.5-5.6G IF-ED AF-S VR Zoom,Nikkor | ニコン | ニッコール,35mm autofocus zoom lens,35mm AFズームレンズ,35mm,AF,lens,,2006,,200,705,同ジャンルの既知機種からの推定範囲,genre-estimate,D,open-model-catalog,lens-large,430,350,530
nikonnikkor80200mmf28dedaf,lens,Nikon,Nikkor 80-200mm f/2.8D ED AF,Nikkor | ニコン | ニッコール,35mm autofocus zoom lens,35mm AFズームレンズ,35mm,AF,lens,Nikon F (AF-D),1992,,200,705,同ジャンルの既知機種からの推定範囲,genre-estimate,D,open-model-catalog,lens-large,430,350,530
nikonnikkor80200mmf28dedifafs,lens,Nikon,Nikkor 80-200mm f/2.8D ED-IF AF-S,Nikkor | ニコン | ニッコール,35mm autofocus zoom lens,35mm AFズームレンズ,35mm,AF,lens,,1998,,200,705,同ジャンルの既知機種からの推定範囲,genre-estimate,D,open-model-catalog,lens-large,430,350,530
nikonnikkor80400mmf4556dedvraf,lens,Nikon,Nikkor 80-400mm f/4.5-5.6D  ED VR AF,Nikkor | ニコン | ニッコール,35mm autofocus zoom lens,35mm AFズームレンズ,35mm,AF,lens,,2000,,200,705,同ジャンルの既知機種からの推定範囲,genre-estimate,D,open-model-catalog,lens-large,430,350,530
nikonnikkor85mmf14difaf,lens,Nikon,Nikkor 85mm f/1.4D IF AF,Nikkor | ニコン | ニッコール,35mm autofocus lens,35mm AFレンズ,35mm,AF,lens,Nikon F (AF-D),1995,,155,290,同ジャンルの既知機種からの推定範囲,genre-estimate,D,open-model-catalog,lens-medium,315,255,385
nikonnikkor85mmf18af,lens,Nikon,Nikkor 85mm f/1.8 AF,Nikkor | ニコン | ニッコール,35mm autofocus lens,35mm AFレンズ,35mm,AF,lens,Nikon F / Minolta A,,,155,290,同ジャンルの既知機種からの推定範囲,genre-estimate,D,open-model-catalog,lens-medium,315,255,385
nikonnikkor85mmf18nikkorhauto,lens,Nikon,Nikkor 85mm f/1.8 Nikkor-H Auto,Nikkor | ニコン | ニッコール,35mm manual-focus lens,35mm MFレンズ,35mm,MF,lens,Nikon F,,,165,250,同ジャンルの既知機種からの推定範囲,genre-estimate,D,open-model-catalog,lens-small,210,165,260
nikonnikkor85mmf18daf,lens,Nikon,Nikkor 85mm f/1.8D AF,Nikkor | ニコン | ニッコール,35mm autofocus lens,35mm AFレンズ,35mm,AF,lens,Nikon F (AF-D),1994,,155,290,同ジャンルの既知機種からの推定範囲,genre-estimate,D,open-model-catalog,lens-medium,315,255,385
nikonnikkor85mmf2ai,lens,Nikon,Nikkor 85mm f/2 AI,Nikkor | ニコン | ニッコール,35mm manual-focus lens,35mm MFレンズ,35mm,MF,lens,Nikon F (AI),,,165,250,同ジャンルの既知機種からの推定範囲,genre-estimate,D,open-model-catalog,lens-small,210,165,260
nikonnikkor85mmf28pcmicro,lens,Nikon,Nikkor 85mm f/2.8 PC Micro,Nikkor | ニコン | ニッコール,35mm autofocus lens,35mm AFレンズ,35mm,AF,lens,Nikon F (AF-D),1999,,155,290,同ジャンルの既知機種からの推定範囲,genre-estimate,D,open-model-catalog,lens-medium,315,255,385
nikonnikkor8mmf28fisheyeais,lens,Nikon,Nikkor 8mm f/2.8 Fisheye Ai-S,Nikkor | ニコン | ニッコール,35mm manual-focus lens,35mm MFレンズ,35mm,MF,lens,Nikon F (AI-S),,,165,250,同ジャンルの既知機種からの推定範囲,genre-estimate,D,open-model-catalog,lens-small,210,165,260
nikonnikkorafs1424mmf28ged,lens,Nikon,Nikkor AF-S 14-24mm f/2.8G ED,Nikkor | ニコン | ニッコール,35mm autofocus zoom lens,35mm AFズームレンズ,35mm,AF,lens,,2007,,200,705,同ジャンルの既知機種からの推定範囲,genre-estimate,D,open-model-catalog,lens-large,430,350,530
nikonnikkorafs2470mmf28ged,lens,Nikon,Nikkor AF-S 24-70mm f/2.8G ED,Nikkor | ニコン | ニッコール,35mm autofocus zoom lens,35mm AFズームレンズ,35mm,AF,lens,,2007,,200,705,同ジャンルの既知機種からの推定範囲,genre-estimate,D,open-model-catalog,lens-large,430,350,530
nikonnikkorafs400mmf28gedvr,lens,Nikon,Nikkor AF-S 400mm f/2.8G ED VR,Nikkor | ニコン | ニッコール,35mm autofocus lens,35mm AFレンズ,35mm,AF,lens,,2007,,155,290,同ジャンルの既知機種からの推定範囲,genre-estimate,D,open-model-catalog,lens-medium,315,255,385
nikonnikkorafs500mmf4gedvr,lens,Nikon,Nikkor AF-S 500mm f/4G ED VR,Nikkor | ニコン | ニッコール,35mm autofocus lens,35mm AFレンズ,35mm,AF,lens,,2007,,155,290,同ジャンルの既知機種からの推定範囲,genre-estimate,D,open-model-catalog,lens-medium,315,255,385
nikonnikkorafs50mmf14g,lens,Nikon,Nikkor AF-S 50mm f/1.4G,Nikkor | ニコン | ニッコール,35mm autofocus lens,35mm AFレンズ,35mm,AF,lens,Nikon F (AF-S),2008,,155,290,同ジャンルの既知機種からの推定範囲,genre-estimate,D,open-model-catalog,lens-medium,315,255,385
nikonnikkorafs600mmf4gedvr,lens,Nikon,Nikkor AF-S 600mm f/4G ED VR,Nikkor | ニコン | ニッコール,35mm autofocus lens,35mm AFレンズ,35mm,AF,lens,,2007,,155,290,同ジャンルの既知機種からの推定範囲,genre-estimate,D,open-model-catalog,lens-medium,315,255,385
nikonnikkorafsmicro60mmf28ged,lens,Nikon,Nikkor AF-S Micro 60mm f/2.8G  ED,Nikkor | ニコン | ニッコール,35mm autofocus lens,35mm AFレンズ,35mm,AF,lens,Nikon F (AI),2008,,155,290,同ジャンルの既知機種からの推定範囲,genre-estimate,D,open-model-catalog,lens-medium,315,255,385
nikonnikkorpce24mmf35ded,lens,Nikon,Nikkor PC-E 24mm f/3.5D ED,Nikkor | ニコン | ニッコール,35mm manual-focus lens,35mm MFレンズ,35mm,MF,lens,,2008,,165,250,同ジャンルの既知機種からの推定範囲,genre-estimate,D,open-model-catalog,lens-small,210,165,260
nikonnikkorpcemicro45mmf28ded,lens,Nikon,NIKKOR PC-E Micro 45mm f/2.8D ED,Nikkor | ニコン | ニッコール,35mm manual-focus lens,35mm MFレンズ,35mm,MF,lens,,2008,,165,250,同ジャンルの既知機種からの推定範囲,genre-estimate,D,open-model-catalog,lens-small,210,165,260
nikonnikkorpcemicro85mmf28d,lens,Nikon,NIKKOR PC-E Micro 85mm f/2.8D,Nikkor | ニコン | ニッコール,35mm manual-focus lens,35mm MFレンズ,35mm,MF,lens,,2008,,165,250,同ジャンルの既知機種からの推定範囲,genre-estimate,D,open-model-catalog,lens-small,210,165,260
nikonnikkorpc85mmf2,lens,Nikon,Nikkor-P.C 85mm f/2,Nikkor | ニコン | ニッコール,Rangefinder lens,レンジファインダーレンズ,35mm,MF,lens,Leica screw,,,100,550,同ジャンルの既知機種からの推定範囲,genre-estimate,D,open-model-catalog,lens-medium,315,255,385
nikonnikkorex35ii,camera,Nikon,Nikkorex 35 II,Nikkor | ニコン | ニッコール,35mm compact MF,35mm MFコンパクト,35mm,MF,fixed,Fixed lens,1962,,335,390,同ジャンルの既知機種からの推定範囲,genre-estimate,D,open-model-catalog,compact-standard,270,220,325
nikonnikkorexf,camera,Nikon,Nikkorex F,Nikkor | ニコン | ニッコール,35mm MF SLR,35mm一眼レフ（MF）,35mm,MF,interchangeable,Nikon F,1962,,470,745,同ジャンルの既知機種からの推定範囲,genre-estimate,D,open-model-catalog,camera-body,350,290,425
nikonnikkorexzoom35,camera,Nikon,Nikkorex Zoom 35,Nikkor | ニコン | ニッコール,35mm AF compact,35mm AFコンパクト,35mm,AF,fixed,Fixed lens,1963,,160,390,同ジャンルの既知機種からの推定範囲,genre-estimate,D,open-model-catalog,compact-standard,270,220,325
nikonnikkormatel,camera,Nikon,Nikkormat EL,Nikkor | Nikomat EL | ニコン | ニッコール | Nikkormat ELW | Nikkormat EL aka Nikomat EL,35mm MF SLR,35mm一眼レフ（MF）,35mm,MF,interchangeable,Nikon F,1972,780,780,780,body only,reference,C,published-secondary,camera-body,350,290,425
nikonnikkormatfs,camera,Nikon,Nikkormat FS,Nikkor | Nikomat FS | ニコン | ニッコール,35mm MF SLR,35mm一眼レフ（MF）,35mm,MF,interchangeable,Nikon F,1965,,470,745,同ジャンルの既知機種からの推定範囲,genre-estimate,D,open-model-catalog,camera-body,350,290,425
nikonnikkormatft,camera,Nikon,Nikkormat FT,Nikkor | Nikomat FT | ニコン | ニッコール,35mm MF SLR,35mm一眼レフ（MF）,35mm,MF,interchangeable,Nikon F,1965,,470,745,同ジャンルの既知機種からの推定範囲,genre-estimate,D,open-model-catalog,camera-body,350,290,425
nikonnikkormatft2,camera,Nikon,Nikkormat FT2,Nikkor | Nikomat FT2 | ニコン | ニッコール | Nikkormat FT2 aka Nikomat FT2,35mm MF SLR,35mm一眼レフ（MF）,35mm,MF,interchangeable,Nikon F,1975,745,745,745,body only,reference,C,published-secondary,camera-body,350,290,425
nikonnikkormatft3,camera,Nikon,Nikkormat FT3,Nikkor | Nikomat FT3 | ニコン | ニッコール | Nikkormat FT3 aka Nikomat FT3,35mm MF SLR,35mm一眼レフ（MF）,35mm,MF,interchangeable,Nikon F,1977,715,715,715,body only,reference,C,published-secondary,camera-body,350,290,425
nikonnikkormatftn,camera,Nikon,Nikkormat FTn,Nikkor | Nikomat FTn | ニコン | ニッコール | Nikkormat FTn aka Nikomat FTn,35mm MF SLR,35mm一眼レフ（MF）,35mm,MF,interchangeable,Nikon F,1967,765,765,765,body only,reference,C,published-secondary,camera-body,350,290,425
nikonnikon16713f3556vr,lens,Nikon,Nikon 1 6.7-13 f/3.5-5.6 VR,Nikkor | ニコン | ニッコール,35mm autofocus zoom lens,35mm AFズームレンズ,35mm,AF,lens,Nikon F (AF-S),2013,,200,705,同ジャンルの既知機種からの推定範囲,genre-estimate,D,open-model-catalog,lens-large,430,350,530
nikonnikon100mmf28aisseriese,lens,Nikon,Nikon 100mm f/2.8 Ai-S Series E,Nikkor | ニコン | ニッコール,35mm manual-focus lens,35mm MFレンズ,35mm,MF,lens,Nikon F (AI-S),,,165,250,同ジャンルの既知機種からの推定範囲,genre-estimate,D,open-model-catalog,lens-small,210,165,260
nikonnikon135mmf28aisseriese,lens,Nikon,Nikon 135mm f/2.8 Ai-S Series E,Nikkor | ニコン | ニッコール,35mm manual-focus lens,35mm MFレンズ,35mm,MF,lens,Nikon F (AI-S),,,165,250,同ジャンルの既知機種からの推定範囲,genre-estimate,D,open-model-catalog,lens-small,210,165,260
nikonnikon2470f28evr,lens,Nikon,Nikon 24-70 f2.8E VR,Nikkor | ニコン | ニッコール,35mm manual-focus lens,35mm MFレンズ,35mm,MF,lens,Nikon F,2015,,165,250,同ジャンルの既知機種からの推定範囲,genre-estimate,D,open-model-catalog,lens-small,210,165,260
nikonnikon28ti,camera,Nikon,Nikon 28Ti,28Ti | Nikkor | ニコン | ニッコール,Premium 35mm compact,高級35mmコンパクト,35mm,AF,fixed,Fixed lens,1994,335,335,335,with battery,reference,B,compiled-specs,compact-standard,270,220,325
nikonnikon300mmf28edifais,lens,Nikon,Nikon 300mm f/2.8 ED-IF Ai-S,Nikkor | ニコン | ニッコール,35mm manual-focus lens,35mm MFレンズ,35mm,MF,lens,,,,165,250,同ジャンルの既知機種からの推定範囲,genre-estimate,D,open-model-catalog,lens-small,210,165,260
nikonnikon35ti,camera,Nikon,Nikon 35Ti,35Ti | Nikkor | ニコン | ニッコール,Premium 35mm compact,高級35mmコンパクト,35mm,AF,fixed,Fixed lens,1993,310,310,310,with battery,reference,B,compiled-specs,compact-standard,270,220,325
nikonnikon3672mmf35serieseais,lens,Nikon,Nikon 36-72mm f/3.5 Series E Ai-S,Nikkor | ニコン | ニッコール,35mm manual-focus lens,35mm MFレンズ,35mm,MF,lens,Nikon F,,,165,250,同ジャンルの既知機種からの推定範囲,genre-estimate,D,open-model-catalog,lens-small,210,165,260
nikonnikon400mmf28afsvrii,lens,Nikon,Nikon 400mm f/2.8 AF-S VR II,Nikkor | ニコン | ニッコール,35mm autofocus lens,35mm AFレンズ,35mm,AF,lens,,,,155,290,同ジャンルの既知機種からの推定範囲,genre-estimate,D,open-model-catalog,lens-medium,315,255,385
nikonnikon75150mmf35serieseais,lens,Nikon,Nikon 75-150mm f/3.5 Series E AI-S,Nikkor | ニコン | ニッコール,35mm manual-focus lens,35mm MFレンズ,35mm,MF,lens,Nikon F (AI),,,165,250,同ジャンルの既知機種からの推定範囲,genre-estimate,D,open-model-catalog,lens-small,210,165,260
nikonnikon85mmf2ais,lens,Nikon,Nikon 85mm f/2 AI-S,Nikkor | ニコン | ニッコール,35mm manual-focus lens,35mm MFレンズ,35mm,MF,lens,Nikon F (AI-S),,,165,250,同ジャンルの既知機種からの推定範囲,genre-estimate,D,open-model-catalog,lens-small,210,165,260
nikonnikonafpnikkor70300mmf4556eedvr,lens,Nikon,Nikon AF-P NIKKOR 70-300MM F/4.5-5.6E ED VR,Nikkor | ニコン | ニッコール,35mm autofocus zoom lens,35mm AFズームレンズ,35mm,AF,lens,Nikon F (AF-P),2017,,200,705,同ジャンルの既知機種からの推定範囲,genre-estimate,D,open-model-catalog,lens-large,430,350,530
nikonnikonafsfisheyenikkor815mmf3545eed,lens,Nikon,Nikon AF-S Fisheye NIKKOR 8-15mm f/3.5-4.5E ED,Nikkor | ニコン | ニッコール,35mm autofocus zoom lens,35mm AFズームレンズ,35mm,AF,lens,Nikon F (AF-S),2017,,200,705,同ジャンルの既知機種からの推定範囲,genre-estimate,D,open-model-catalog,lens-large,430,350,530
nikonnikonafsnikkor105mmf14eed,lens,Nikon,Nikon AF-S NIKKOR 105mm f/1.4E ED,Nikkor | ニコン | ニッコール,35mm autofocus lens,35mm AFレンズ,35mm,AF,lens,Nikon F (AF-S),2016,,155,290,同ジャンルの既知機種からの推定範囲,genre-estimate,D,open-model-catalog,lens-medium,315,255,385
nikonnikonafsnikkor120300mmf28efledsrvr,lens,Nikon,Nikon AF-S NIKKOR 120-300mm F/2.8E FL ED SR VR,Nikkor | ニコン | ニッコール,35mm autofocus zoom lens,35mm AFズームレンズ,35mm,AF,lens,Nikon F (AF-S),2019,,200,705,同ジャンルの既知機種からの推定範囲,genre-estimate,D,open-model-catalog,lens-large,430,350,530
nikonnikonafsnikkor1835mmf3545ged,lens,Nikon,Nikon AF-S NIKKOR 18-35mm f/3.5-4.5G ED,Nikkor | ニコン | ニッコール,35mm autofocus zoom lens,35mm AFズームレンズ,35mm,AF,lens,Nikon F (AF-S),2013,,200,705,同ジャンルの既知機種からの推定範囲,genre-estimate,D,open-model-catalog,lens-large,430,350,530
nikonnikonafsnikkor180400mmf4etc14fledvr,lens,Nikon,Nikon AF-S NIKKOR 180-400mm f/4E TC1.4 FL ED VR,Nikkor | ニコン | ニッコール,35mm autofocus zoom lens,35mm AFズームレンズ,35mm,AF,lens,Nikon F (AF-S),2018,,200,705,同ジャンルの既知機種からの推定範囲,genre-estimate,D,open-model-catalog,lens-large,430,350,530
nikonnikonafsnikkor20mmf18ged,lens,Nikon,Nikon AF-S NIKKOR 20mm f/1.8G ED,Nikkor | ニコン | ニッコール,35mm autofocus lens,35mm AFレンズ,35mm,AF,lens,Nikon F,2014,,155,290,同ジャンルの既知機種からの推定範囲,genre-estimate,D,open-model-catalog,lens-medium,315,255,385
nikonnikonafsnikkor2470mmf28eedvr,lens,Nikon,Nikon AF-S NIKKOR 24-70mm f/2.8E ED VR,Nikkor | ニコン | ニッコール,35mm autofocus zoom lens,35mm AFズームレンズ,35mm,AF,lens,,2015,,200,705,同ジャンルの既知機種からの推定範囲,genre-estimate,D,open-model-catalog,lens-large,430,350,530
nikonnikonafsnikkor24mmf18ged,lens,Nikon,Nikon AF-S NIKKOR 24mm f/1.8G ED,Nikkor | ニコン | ニッコール,35mm autofocus lens,35mm AFレンズ,35mm,AF,lens,,2015,,155,290,同ジャンルの既知機種からの推定範囲,genre-estimate,D,open-model-catalog,lens-medium,315,255,385
nikonnikonafsnikkor28mmf14eed,lens,Nikon,Nikon AF-S NIKKOR 28mm f/1.4E ED,Nikkor | ニコン | ニッコール,35mm autofocus lens,35mm AFレンズ,35mm,AF,lens,Nikon F (AF-S),2017,,155,290,同ジャンルの既知機種からの推定範囲,genre-estimate,D,open-model-catalog,lens-medium,315,255,385
nikonnikonafsnikkor300mmf4epfedvr,lens,Nikon,Nikon AF-S NIKKOR 300mm f/4E PF ED VR,Nikkor | ニコン | ニッコール,35mm autofocus lens,35mm AFレンズ,35mm,AF,lens,,2015,,155,290,同ジャンルの既知機種からの推定範囲,genre-estimate,D,open-model-catalog,lens-medium,315,255,385
nikonnikonafsnikkor35mmf18ged,lens,Nikon,Nikon AF-S NIKKOR 35mm f/1.8G ED,Nikkor | ニコン | ニッコール,35mm autofocus lens,35mm AFレンズ,35mm,AF,lens,Nikon F,2013,,155,290,同ジャンルの既知機種からの推定範囲,genre-estimate,D,open-model-catalog,lens-medium,315,255,385
nikonnikonafsnikkor400mmf28efledvr,lens,Nikon,Nikon AF-S NIKKOR 400mm f/2.8E FL ED VR,Nikkor | ニコン | ニッコール,35mm autofocus lens,35mm AFレンズ,35mm,AF,lens,Nikon F,2014,,155,290,同ジャンルの既知機種からの推定範囲,genre-estimate,D,open-model-catalog,lens-medium,315,255,385
nikonnikonafsnikkor500mmf4efledvr,lens,Nikon,Nikon AF-S NIKKOR 500mm f/4E FL ED VR,Nikkor | ニコン | ニッコール,35mm autofocus lens,35mm AFレンズ,35mm,AF,lens,,2015,,155,290,同ジャンルの既知機種からの推定範囲,genre-estimate,D,open-model-catalog,lens-medium,315,255,385
nikonnikonafsnikkor500mmf56epfedvr,lens,Nikon,Nikon AF-S NIKKOR 500mm f/5.6E PF ED VR,Nikkor | ニコン | ニッコール,35mm autofocus lens,35mm AFレンズ,35mm,AF,lens,Nikon F (AF-S),2018,,155,290,同ジャンルの既知機種からの推定範囲,genre-estimate,D,open-model-catalog,lens-medium,315,255,385
nikonnikonafsnikkor58mmf14g,lens,Nikon,Nikon AF-S NIKKOR 58mm f/1.4G,Nikkor | ニコン | ニッコール,35mm autofocus lens,35mm AFレンズ,35mm,AF,lens,Nikon F,2013,,155,290,同ジャンルの既知機種からの推定範囲,genre-estimate,D,open-model-catalog,lens-medium,315,255,385
nikonnikonafsnikkor600mmf4efledvr,lens,Nikon,Nikon AF-S NIKKOR 600mm f/4E FL ED VR,Nikkor | ニコン | ニッコール,35mm autofocus lens,35mm AFレンズ,35mm,AF,lens,Nikon F,2016,,155,290,同ジャンルの既知機種からの推定範囲,genre-estimate,D,open-model-catalog,lens-medium,315,255,385
nikonnikonafsnikkor70200mmf28efledvr,lens,Nikon,Nikon AF-S NIKKOR 70-200mm f/2.8E FL ED VR,Nikkor | ニコン | ニッコール,35mm autofocus zoom lens,35mm AFズームレンズ,35mm,AF,lens,,2016,,200,705,同ジャンルの既知機種からの推定範囲,genre-estimate,D,open-model-catalog,lens-large,430,350,530
nikonnikonafsnikkor85mmf18g,lens,Nikon,Nikon AF-S NIKKOR 85mm f/1.8G,Nikkor | ニコン | ニッコール,Medium-format lens,中判レンズ,120,MF,lens,,2012,,460,610,同ジャンルの既知機種からの推定範囲,genre-estimate,D,open-model-catalog,lens-medium,315,255,385
nikonnikonafsteleconvertertc14eiii,lens,Nikon,Nikon AF-S Teleconverter TC-14E III,Nikkor | ニコン | ニッコール,35mm autofocus lens,35mm AFレンズ,35mm,AF,lens,Nikon F,2014,,155,290,同ジャンルの既知機種からの推定範囲,genre-estimate,D,open-model-catalog,lens-medium,315,255,385
nikonnikonaf600,camera,Nikon,Nikon AF600,AF600 | ニコン,35mm AF compact,35mm AFコンパクト,35mm,AF,fixed,Fixed lens,,,160,430,同系統の既知機種からの推定範囲。出品前に実測推奨,genre-estimate,D,expanded-compact-rangefinder-2026,compact-standard,270,220,325
nikonnikonafs85mmf14g,lens,Nikon,Nikon AFS 85mm f/1.4G,Nikkor | ニコン | ニッコール,35mm manual-focus lens,35mm MFレンズ,35mm,MF,lens,,,,165,250,同ジャンルの既知機種からの推定範囲,genre-estimate,D,open-model-catalog,lens-small,210,165,260
nikonnikonar2cablerelease,accessory,Nikon,Nikon AR-2 Cable Release,AR-2 | AR2 | Nikkor | ニコン | ニッコール,Cable release,ケーブルレリーズ,accessory,,,,1960,20,20,20,reference weight,reference,B,compiled-specs,soft-mailer-xs,32,24,42
nikonnikonar3cablerelease,accessory,Nikon,Nikon AR-3 Cable Release,AR-3 | AR3 | Nikkor | ニコン | ニッコール,Cable release,ケーブルレリーズ,accessory,,,,1970,15,15,15,reference weight,reference,B,compiled-specs,soft-mailer-xs,32,24,42
nikonnikonas1flashunitcoupler,accessory,Nikon,Nikon AS-1 Flash Unit Coupler,AS-1 | AS1 | Nikkor | ニコン | ニッコール,Flash adapter,フラッシュアダプター,accessory,,,,1970,25,25,25,reference weight,reference,B,compiled-specs,soft-mailer-sm,45,34,58
nikonnikonda2actionfinder,accessory,Nikon,Nikon DA-2 Action Finder,DA-2 | DA2 | Nikkor | ニコン | ニッコール,Interchangeable finder,交換ファインダー,accessory,,,,1980,375,375,375,reference weight,reference,B,compiled-specs,accessory-box,145,110,190
nikonnikondg2eyepiecemagnifier,accessory,Nikon,Nikon DG-2 Eyepiece Magnifier,DG-2 | DG2 | Nikkor | ニコン | ニッコール,Finder accessory,ファインダーアクセサリー,accessory,,,,1970,65,65,65,reference weight,reference,B,compiled-specs,small-box,98,78,120
nikonnikondr3rightanglefinder,accessory,Nikon,Nikon DR-3 Right Angle Finder,DR-3 | DR3 | Nikkor | ニコン | ニッコール,Finder accessory,ファインダーアクセサリー,accessory,,,,1970,150,150,150,reference weight,reference,B,compiled-specs,accessory-box,135,108,175
nikonnikondr4rightanglefinder,accessory,Nikon,Nikon DR-4 Right Angle Finder,DR-4 | DR4 | Nikkor | ニコン | ニッコール,Finder accessory,ファインダーアクセサリー,accessory,,,,1980,170,170,170,reference weight,reference,B,compiled-specs,accessory-box,135,108,175
nikonnikondw3waistlevelfinder,accessory,Nikon,Nikon DW-3 Waist-Level Finder,DW-3 | DW3 | Nikkor | ニコン | ニッコール,Interchangeable finder,交換ファインダー,accessory,,,,1980,190,190,190,reference weight,reference,B,compiled-specs,accessory-box,145,110,190
nikonnikondw46xhighmagnificationfinder,accessory,Nikon,Nikon DW-4 6x High-Magnification Finder,DW-4 | DW4 | Nikkor | ニコン | ニッコール,Interchangeable finder,交換ファインダー,accessory,,,,1980,380,380,380,reference weight,reference,B,compiled-specs,accessory-box,145,110,190
nikonnikonelnikkor135mmf56,lens,Nikon,Nikon EL-Nikkor 135mm f/5.6,Nikkor | ニコン | ニッコール,35mm manual-focus lens,35mm MFレンズ,35mm,MF,lens,,,,165,250,同ジャンルの既知機種からの推定範囲,genre-estimate,D,open-model-catalog,lens-small,210,165,260
nikonnikonelnikkor50mmf28,lens,Nikon,Nikon El-Nikkor 50mm f/2.8,Nikkor | ニコン | ニッコール,35mm manual-focus lens,35mm MFレンズ,35mm,MF,lens,,,,165,250,同ジャンルの既知機種からの推定範囲,genre-estimate,D,open-model-catalog,lens-small,210,165,260
nikonnikonelnikkor63mmf35,lens,Nikon,Nikon EL-Nikkor 63mm f/3.5,Nikkor | ニコン | ニッコール,35mm manual-focus lens,35mm MFレンズ,35mm,MF,lens,,,,165,250,同ジャンルの既知機種からの推定範囲,genre-estimate,D,open-model-catalog,lens-small,210,165,260
nikonnikonel2,camera,Nikon,Nikon EL2,Nikkor | Nikkormat EL2 | Nikomat EL2 | ニコン | ニッコール | Nikkormat EL2 aka Nikon EL2,35mm MF SLR,35mm一眼レフ（MF）,35mm,MF,interchangeable,Nikon F,1977,780,780,780,body only,reference,C,published-secondary,camera-body,350,290,425
nikonnikonem,camera,Nikon,Nikon EM,EM | Nikkor | ニコン | ニッコール,35mm MF SLR,35mm一眼レフ（MF）,35mm,MF,interchangeable,Nikon F,1979,460,460,460,body only,reference,B,compiled-specs,camera-body,350,290,425
nikonnikonf,camera,Nikon,Nikon F,Nikkor | Nikkor F | ニコン | ニッコール | Nikon FM3a | Nikon FM10 | Nikon F50 aka Nikon N50 | Nikon F90X aka Nikon N90s | Nikon F90 aka Nikon N90 | Nikon F401x aka Nikon N5005 | Nikon F801s aka Nikon 8008s | Nikon F601 aka Nikon N6006 | Nikon F601m aka Nikon N6000 | Nikon F801 aka Nikon N8008 | Nikon F401 aka Nikon N4004 | Nikon F3 HP aka Nikon F3 High Eye Point | Nikon F3/T aka Nikon F3 Titan | Nikon F2 Photomic AS | Nikon F2 Photomic A | Nikon F2 Photomic S | Nikon F Photomic FTn | Nikon F Photomic Tn | Nikon F Photomic T | Nikon F Photomic,35mm MF SLR,35mm一眼レフ（MF）,35mm,MF,interchangeable,Nikon F,1959,685,685,685,body with eye-level finder,reference,B,compiled-specs,camera-body,350,290,425
nikonnikonf301,camera,Nikon,Nikon F-301,N2000 | Nikkor | ニコン | ニッコール | Nikon N2000,35mm MF SLR,35mm一眼レフ（MF）,35mm,MF,interchangeable,Nikon F,1985,570,570,570,body only,reference,B,compiled-specs,camera-body,350,290,425
nikonnikonf501,camera,Nikon,Nikon F-501,N2020 | Nikkor | ニコン | ニッコール,35mm AF SLR,35mm一眼レフ（AF）,35mm,AF,interchangeable,Nikon F,1986,625,625,625,body only,reference,B,compiled-specs,camera-body,350,290,425
nikonnikonf601,camera,Nikon,Nikon F-601,N6006 | Nikkor | ニコン | ニッコール,35mm AF SLR,35mm一眼レフ（AF）,35mm,AF,interchangeable,Nikon F,1990,650,650,650,body only,reference,B,compiled-specs,camera-body,350,290,425
nikonnikonf801,camera,Nikon,Nikon F-801,N8008 | Nikkor | ニコン | ニッコール,35mm AF SLR,35mm一眼レフ（AF）,35mm,AF,interchangeable,Nikon F,1988,695,695,695,body only,reference,B,compiled-specs,camera-body,350,290,425
nikonnikonf100,camera,Nikon,Nikon F100,F100 | Nikkor | ニコン | ニッコール,35mm AF SLR,35mm一眼レフ（AF）,35mm,AF,interchangeable,Nikon F,1999,785,785,785,body with batteries,reference,B,compiled-specs,camera-body,350,290,425
nikonnikonf2,camera,Nikon,Nikon F2,F2 Photomic | Nikkor | ニコン | ニッコール | Nikon F2 Photomic SB | Nikon F2 Photomic,35mm MF SLR,35mm一眼レフ（MF）,35mm,MF,interchangeable,Nikon F,1971,730,730,730,body with eye-level finder,reference,B,compiled-specs,camera-body,350,290,425
nikonnikonf3,camera,Nikon,Nikon F3,F3 HP | F3HP | Nikkor | ニコン | ニッコール,35mm MF SLR,35mm一眼レフ（MF）,35mm,MF,interchangeable,Nikon F,1980,715,715,715,body with DE-2 finder,reference,B,compiled-specs,camera-body,350,290,425
nikonnikonf4,camera,Nikon,Nikon F4,F4E | F4S | Nikkor | ニコン | ニッコール | Nikon F4s,35mm AF SLR,35mm一眼レフ（AF）,35mm,AF,interchangeable,Nikon F,1988,1090,1090,1090,F4 body with MB-20,reference,B,compiled-specs,camera-large,460,380,560
nikonnikonf5,camera,Nikon,Nikon F5,F5 | Nikkor | ニコン | ニッコール,35mm AF SLR,35mm一眼レフ（AF）,35mm,AF,interchangeable,Nikon F,1996,1210,1210,1210,body without batteries,reference,B,compiled-specs,camera-large,460,380,560
nikonnikonf55,camera,Nikon,Nikon F55,N55 | Nikkor | Nikon Us | ニコン | ニッコール | Nikon N55,35mm AF SLR,35mm一眼レフ（AF）,35mm,AF,interchangeable,Nikon F,2002,350,350,350,body without batteries; date version is heavier,reference,C,published-secondary,camera-body,350,290,425
nikonnikonf6,camera,Nikon,Nikon F6,F6 | Nikkor | ニコン | ニッコール,35mm AF SLR,35mm一眼レフ（AF）,35mm,AF,interchangeable,Nikon F,2004,975,975,975,body without batteries,reference,B,compiled-specs,camera-large,460,380,560
nikonnikonf65,camera,Nikon,Nikon F65,N65 | Nikkor | Nikon U | ニコン | ニッコール | Nikon N65,35mm AF SLR,35mm一眼レフ（AF）,35mm,AF,interchangeable,Nikon F,2001,395,395,395,body without batteries,reference,C,published-secondary,camera-body,350,290,425
nikonnikonf70,camera,Nikon,Nikon F70,N70 | Nikkor | ニコン | ニッコール | Nikon N70,35mm AF SLR,35mm一眼レフ（AF）,35mm,AF,interchangeable,Nikon F,1994,585,585,585,body without batteries,reference,C,published-secondary,camera-body,350,290,425
nikonnikonf90,camera,Nikon,Nikon F90,N90 | Nikkor | ニコン | ニッコール,35mm AF SLR,35mm一眼レフ（AF）,35mm,AF,interchangeable,Nikon F,1992,755,755,755,body only,reference,B,compiled-specs,camera-body,350,290,425
nikonnikonf90x,camera,Nikon,Nikon F90X,F90X | N90s | Nikkor | ニコン | ニッコール | Nikon N90s,35mm AF SLR,35mm一眼レフ（AF）,35mm,AF,interchangeable,Nikon F,1994,755,755,755,body only,reference,C,published-secondary,camera-body,350,290,425
nikonnikonfa,camera,Nikon,Nikon FA,FA | Nikkor | ニコン | ニッコール,35mm MF SLR,35mm一眼レフ（MF）,35mm,MF,interchangeable,Nikon F,1983,625,625,625,body only,reference,B,compiled-specs,camera-body,350,290,425
nikonnikonfe,camera,Nikon,Nikon FE,FE | Nikkor | ニコン | ニッコール,35mm MF SLR,35mm一眼レフ（MF）,35mm,MF,interchangeable,Nikon F,1978,590,590,590,body only,reference,B,compiled-specs,camera-body,350,290,425
nikonnikonfe2,camera,Nikon,Nikon FE2,FE2 | Nikkor | ニコン | ニッコール,35mm MF SLR,35mm一眼レフ（MF）,35mm,MF,interchangeable,Nikon F,1983,550,550,550,body only,reference,B,compiled-specs,camera-body,350,290,425
nikonnikonfg,camera,Nikon,Nikon FG,FG | Nikkor | ニコン | ニッコール,35mm MF SLR,35mm一眼レフ（MF）,35mm,MF,interchangeable,Nikon F,1982,490,490,490,body only,reference,B,compiled-specs,camera-body,350,290,425
nikonnikonfg20,camera,Nikon,Nikon FG-20,FG20 | Nikkor | ニコン | ニッコール,35mm MF SLR,35mm一眼レフ（MF）,35mm,MF,interchangeable,Nikon F,1984,440,440,440,body only,reference,B,compiled-specs,camera-body,350,290,425
nikonnikonfm,camera,Nikon,Nikon FM,FM | Nikkor | ニコン | ニッコール,35mm MF SLR,35mm一眼レフ（MF）,35mm,MF,interchangeable,Nikon F,1977,590,590,590,body only,reference,B,compiled-specs,camera-body,350,290,425
nikonnikonfm2,camera,Nikon,Nikon FM2,FM2n | New FM2 | Nikkor | ニコン | ニッコール | Nikon FM2n,35mm MF SLR,35mm一眼レフ（MF）,35mm,MF,interchangeable,Nikon F,1982,540,540,540,body only,reference,B,compiled-specs,camera-body,350,290,425
nikonnikonl35ad,camera,Nikon,Nikon L35AD,L35AF Date | Nikkor | ニコン | ニッコール,35mm AF compact,35mm AFコンパクト,35mm,AF,fixed,Fixed lens,1983,390,390,390,without batteries,reference,B,compiled-specs,compact-standard,270,220,325
nikonnikonl35ad2,camera,Nikon,Nikon L35AD2,L35AD2 | ニコン,35mm AF compact,35mm AFコンパクト,35mm,AF,fixed,Fixed lens,,,160,430,同系統の既知機種からの推定範囲。出品前に実測推奨,genre-estimate,D,expanded-compact-rangefinder-2026,compact-standard,270,220,325
nikonnikonl35af,camera,Nikon,Nikon L35AF,Nikkor | One Touch | Pikaichi | ニコン | ニッコール,35mm AF compact,35mm AFコンパクト,35mm,AF,fixed,Fixed lens,1983,345,345,345,without batteries,reference,B,compiled-specs,compact-standard,270,220,325
nikonnikonl35af2,camera,Nikon,Nikon L35AF2,L35AF2 | ニコン,35mm AF compact,35mm AFコンパクト,35mm,AF,fixed,Fixed lens,,,160,430,同系統の既知機種からの推定範囲。出品前に実測推奨,genre-estimate,D,expanded-compact-rangefinder-2026,compact-standard,270,220,325
nikonnikonl35af3,camera,Nikon,Nikon L35AF3,L35AF3 | ニコン,35mm AF compact,35mm AFコンパクト,35mm,AF,fixed,Fixed lens,,,160,430,同系統の既知機種からの推定範囲。出品前に実測推奨,genre-estimate,D,expanded-compact-rangefinder-2026,compact-standard,270,220,325
nikonnikonl35awaf,camera,Nikon,Nikon L35AW AF,L35AW AF | L35AWAF | ニコン,35mm AF compact,35mm AFコンパクト,35mm,AF,fixed,Fixed lens,,,160,430,同系統の既知機種からの推定範囲。出品前に実測推奨,genre-estimate,D,expanded-compact-rangefinder-2026,compact-standard,270,220,325
nikonnikonlitetouchaf,camera,Nikon,Nikon Lite Touch AF,Lite Touch AF | LiteTouchAF | ニコン,35mm AF compact,35mm AFコンパクト,35mm,AF,fixed,Fixed lens,,,160,430,同系統の既知機種からの推定範囲。出品前に実測推奨,genre-estimate,D,expanded-compact-rangefinder-2026,compact-standard,270,220,325
nikonnikonlitetouchzoom100w,camera,Nikon,Nikon Lite Touch Zoom 100W,Lite Touch Zoom 100W | LiteTouchZoom100W | ニコン,35mm zoom compact,35mmズームコンパクト,35mm,AF,fixed,Fixed lens,,,180,480,同系統の既知機種からの推定範囲。出品前に実測推奨,genre-estimate,D,expanded-compact-rangefinder-2026,compact-standard,270,220,325
nikonnikonlitetouchzoom110s,camera,Nikon,Nikon Lite Touch Zoom 110s,Lite Touch Zoom 110s | LiteTouchZoom110s | ニコン,35mm zoom compact,35mmズームコンパクト,35mm,AF,fixed,Fixed lens,,,180,480,同系統の既知機種からの推定範囲。出品前に実測推奨,genre-estimate,D,expanded-compact-rangefinder-2026,compact-standard,270,220,325
nikonnikonlitetouchzoom120ed,camera,Nikon,Nikon Lite Touch Zoom 120ED,Lite Touch Zoom 120ED | LiteTouchZoom120ED | ニコン,35mm zoom compact,35mmズームコンパクト,35mm,AF,fixed,Fixed lens,,,180,480,同系統の既知機種からの推定範囲。出品前に実測推奨,genre-estimate,D,expanded-compact-rangefinder-2026,compact-standard,270,220,325
nikonnikonlitetouchzoom130ed,camera,Nikon,Nikon Lite Touch Zoom 130ED,Lite Touch Zoom 130ED | LiteTouchZoom130ED | ニコン,35mm zoom compact,35mmズームコンパクト,35mm,AF,fixed,Fixed lens,,,180,480,同系統の既知機種からの推定範囲。出品前に実測推奨,genre-estimate,D,expanded-compact-rangefinder-2026,compact-standard,270,220,325
nikonnikonlitetouchzoom140ed,camera,Nikon,Nikon Lite Touch Zoom 140ED,Lite Touch Zoom 140ED | LiteTouchZoom140ED | ニコン,35mm zoom compact,35mmズームコンパクト,35mm,AF,fixed,Fixed lens,,,180,480,同系統の既知機種からの推定範囲。出品前に実測推奨,genre-estimate,D,expanded-compact-rangefinder-2026,compact-standard,270,220,325
nikonnikonlitetouchzoom150ed,camera,Nikon,Nikon Lite Touch Zoom 150ED,Lite Touch 150ED | Nikkor | ニコン | ニッコール,35mm zoom compact,35mmズームコンパクト,35mm,AF,fixed,Fixed lens,2000,200,200,200,without battery,reference,B,compiled-specs,compact-slim,215,175,260
nikonnikonlitetouchzoom70w,camera,Nikon,Nikon Lite Touch Zoom 70W,Lite Touch 70W | Nikkor | ニコン | ニッコール,35mm zoom compact,35mmズームコンパクト,35mm,AF,fixed,Fixed lens,2000,185,185,185,without battery,reference,C,published-secondary,compact-slim,215,175,260
nikonnikonmd12motordrive,accessory,Nikon,Nikon MD-12 Motor Drive,MD-12 | MD12 | Nikkor | ニコン | ニッコール,Motor drive / winder,モータードライブ・ワインダー,accessory,,,,1980,410,410,410,without batteries,reference,B,compiled-specs,accessory-box,145,110,190
nikonnikonmd4motordrive,accessory,Nikon,Nikon MD-4 Motor Drive,MD-4 | MD4 | Nikkor | ニコン | ニッコール,Motor drive / winder,モータードライブ・ワインダー,accessory,,,,1980,480,480,480,without batteries,reference,B,compiled-specs,accessory-box,145,110,190
nikonnikonn2020af,camera,Nikon,Nikon N2020 AF,Nikkor | ニコン | ニッコール,Vintage film camera,その他・クラシックカメラ,35mm,MF,interchangeable,,1986,,350,1000,同ジャンルの既知機種からの推定範囲,genre-estimate,D,open-model-catalog,camera-large,460,380,560
nikonnikonn75,camera,Nikon,Nikon N75,F75 | Nikkor | ニコン | ニッコール,35mm AF SLR,35mm一眼レフ（AF）,35mm,AF,interchangeable,Nikon F,2003,380,380,380,body without batteries,reference,B,compiled-specs,camera-body,350,290,425
nikonnikonn80,camera,Nikon,Nikon N80,F80 | Nikkor | ニコン | ニッコール | Nikon N8008s,35mm AF SLR,35mm一眼レフ（AF）,35mm,AF,interchangeable,Nikon F,2000,515,515,515,body without batteries,reference,B,compiled-specs,camera-body,350,290,425
nikonnikonnicetouch4,camera,Nikon,Nikon Nice Touch 4,Nice Touch 4 | NiceTouch4 | ニコン,35mm AF compact,35mm AFコンパクト,35mm,AF,fixed,Fixed lens,,,160,430,同系統の既知機種からの推定範囲。出品前に実測推奨,genre-estimate,D,expanded-compact-rangefinder-2026,compact-standard,270,220,325
nikonnikonnikkor800mmf56efledvr,lens,Nikon,Nikon NIKKOR 800mm f/5.6E FL ED VR,Nikkor | ニコン | ニッコール,35mm autofocus lens,35mm AFレンズ,35mm,AF,lens,Nikon F (AF-S),2012,,155,290,同ジャンルの既知機種からの推定範囲,genre-estimate,D,open-model-catalog,lens-medium,315,255,385
nikonnikonnikonosv,camera,Nikon,Nikon Nikonos V,Nikkor | Nikonos 5 | ニコン | ニッコール | Nikonos V,Underwater film camera,水中フィルムカメラ,35mm,MF,interchangeable,Nikonos,1984,700,700,700,body only,reference,B,compiled-specs,camera-large,460,380,560
nikonnikonnoctnikkor58mmf12ais,lens,Nikon,Nikon Noct-Nikkor 58mm f1.2 AI-S,Nikkor | ニコン | ニッコール,35mm manual-focus lens,35mm MFレンズ,35mm,MF,lens,Nikon F,1977,,165,250,同ジャンルの既知機種からの推定範囲,genre-estimate,D,open-model-catalog,lens-small,210,165,260
nikonnikonnuvis160i,camera,Nikon,Nikon Nuvis 160i,Nuvis 160i | Nuvis160i | ニコン,APS compact,APSコンパクト,APS,AF,fixed,Fixed lens,,,150,340,同系統の既知機種からの推定範囲。出品前に実測推奨,genre-estimate,D,expanded-compact-rangefinder-2026,compact-standard,270,220,325
nikonnikonnuvis75i,camera,Nikon,Nikon Nuvis 75i,Nuvis 75i | Nuvis75i | ニコン,APS compact,APSコンパクト,APS,AF,fixed,Fixed lens,,,150,340,同系統の既知機種からの推定範囲。出品前に実測推奨,genre-estimate,D,expanded-compact-rangefinder-2026,compact-standard,270,220,325
nikonnikonnuviss,camera,Nikon,Nikon Nuvis S,Nuvis S | NuvisS | ニコン,APS compact,APSコンパクト,APS,AF,fixed,Fixed lens,,,150,340,同系統の既知機種からの推定範囲。出品前に実測推奨,genre-estimate,D,expanded-compact-rangefinder-2026,compact-standard,270,220,325
nikonnikononetouch,camera,Nikon,Nikon One Touch,One Touch | OneTouch | ニコン,35mm AF compact,35mm AFコンパクト,35mm,AF,fixed,Fixed lens,,,160,430,同系統の既知機種からの推定範囲。出品前に実測推奨,genre-estimate,D,expanded-compact-rangefinder-2026,compact-standard,270,220,325
nikonnikononetouchzoom90,camera,Nikon,Nikon One Touch Zoom 90,One Touch Zoom 90 | OneTouchZoom90 | ニコン,35mm zoom compact,35mmズームコンパクト,35mm,AF,fixed,Fixed lens,,,180,480,同系統の既知機種からの推定範囲。出品前に実測推奨,genre-estimate,D,expanded-compact-rangefinder-2026,compact-standard,270,220,325
nikonnikonpcnikkor19mmf4eed,lens,Nikon,Nikon PC NIKKOR 19mm f/4E ED,Nikkor | ニコン | ニッコール,35mm manual-focus lens,35mm MFレンズ,35mm,MF,lens,,2016,,165,250,同ジャンルの既知機種からの推定範囲,genre-estimate,D,open-model-catalog,lens-small,210,165,260
nikonnikonpronea6i,camera,Nikon,Nikon Pronea 6i,Nikkor | Pronea 6i | ニコン | ニッコール,APS SLR,APS一眼レフ,APS,AF,interchangeable,Nikon IX,1996,595,595,595,body only,reference,B,compiled-specs,compact-heavy,320,260,390
nikonnikonproneas,camera,Nikon,Nikon Pronea S,Nikkor | Pronea S | ニコン | ニッコール,APS SLR,APS一眼レフ,APS,AF,interchangeable,Nikon IX,1998,390,390,390,body only,reference,B,compiled-specs,compact-heavy,320,260,390
nikonnikonrd2,camera,Nikon,Nikon RD2,RD2 | ニコン,35mm AF compact,35mm AFコンパクト,35mm,AF,fixed,Fixed lens,,,160,430,同系統の既知機種からの推定範囲。出品前に実測推奨,genre-estimate,D,expanded-compact-rangefinder-2026,compact-standard,270,220,325
nikonnikonrd3,camera,Nikon,Nikon RD3,RD3 | ニコン,35mm AF compact,35mm AFコンパクト,35mm,AF,fixed,Fixed lens,,,160,430,同系統の既知機種からの推定範囲。出品前に実測推奨,genre-estimate,D,expanded-compact-rangefinder-2026,compact-standard,270,220,325
nikonnikonrf,camera,Nikon,Nikon RF,RF | ニコン,35mm AF compact,35mm AFコンパクト,35mm,AF,fixed,Fixed lens,,,160,430,同系統の既知機種からの推定範囲。出品前に実測推奨,genre-estimate,D,expanded-compact-rangefinder-2026,compact-standard,270,220,325
nikonnikonrf2,camera,Nikon,Nikon RF2,RF2 | ニコン,35mm AF compact,35mm AFコンパクト,35mm,AF,fixed,Fixed lens,,,160,430,同系統の既知機種からの推定範囲。出品前に実測推奨,genre-estimate,D,expanded-compact-rangefinder-2026,compact-standard,270,220,325
nikonnikons2,camera,Nikon,Nikon S2,Nikkor | S2 | ニコン | ニッコール | Nikon S,35mm interchangeable rangefinder,35mmレンジファインダー（レンズ交換式）,35mm,MF,interchangeable,Nikon S,1954,565,565,565,body only,reference,B,compiled-specs,compact-heavy,320,260,390
nikonnikons3,camera,Nikon,Nikon S3,Nikkor | S3 | ニコン | ニッコール,35mm interchangeable rangefinder,35mmレンジファインダー（レンズ交換式）,35mm,MF,interchangeable,Nikon S,1958,590,590,590,body only,reference,B,compiled-specs,compact-heavy,320,260,390
nikonnikons4,camera,Nikon,Nikon S4,Nikkor | S4 | ニコン | ニッコール,35mm interchangeable rangefinder,35mmレンジファインダー（レンズ交換式）,35mm,MF,interchangeable,Nikon S,1959,540,540,540,body only,reference,C,published-secondary,compact-heavy,320,260,390
nikonnikonsb15speedlight,accessory,Nikon,Nikon SB-15 Speedlight,Nikkor | SB-15 | SB15 | ニコン | ニッコール,Flash,フラッシュ,accessory,,,,1982,185,185,185,without batteries,reference,B,compiled-specs,accessory-box,145,110,190
nikonnikonsb16aspeedlight,accessory,Nikon,Nikon SB-16A Speedlight,Nikkor | SB-16A | SB16A | ニコン | ニッコール,Flash,フラッシュ,accessory,,,,1983,485,485,485,without batteries,reference,B,compiled-specs,accessory-box,145,110,190
nikonnikonsb20speedlight,accessory,Nikon,Nikon SB-20 Speedlight,Nikkor | SB-20 | SB20 | ニコン | ニッコール,Flash,フラッシュ,accessory,,,,1986,250,250,250,without batteries,reference,B,compiled-specs,accessory-box,145,110,190
nikonnikonsb24speedlight,accessory,Nikon,Nikon SB-24 Speedlight,Nikkor | SB-24 | SB24 | ニコン | ニッコール,Flash,フラッシュ,accessory,,,,1988,390,390,390,without batteries,reference,B,compiled-specs,accessory-box,145,110,190
nikonnikonsb28speedlight,accessory,Nikon,Nikon SB-28 Speedlight,Nikkor | SB-28 | SB28 | ニコン | ニッコール,Flash,フラッシュ,accessory,,,,1997,320,320,320,without batteries,reference,B,compiled-specs,accessory-box,145,110,190
nikonnikonsb800speedlight,accessory,Nikon,Nikon SB-800 Speedlight,Nikkor | SB-800 | SB800 | ニコン | ニッコール,Flash,フラッシュ,accessory,,,,2003,350,350,350,without batteries,reference,B,compiled-specs,accessory-box,145,110,190
nikonnikonsp,camera,Nikon,Nikon SP,Nikkor | SP | ニコン | ニッコール,35mm interchangeable rangefinder,35mmレンジファインダー（レンズ交換式）,35mm,MF,interchangeable,Nikon S,1957,610,610,610,body only,reference,B,compiled-specs,compact-heavy,320,260,390
nikonnikontwzoom,camera,Nikon,Nikon TW Zoom,TW Zoom | TWZoom | ニコン,35mm zoom compact,35mmズームコンパクト,35mm,AF,fixed,Fixed lens,,,180,480,同系統の既知機種からの推定範囲。出品前に実測推奨,genre-estimate,D,expanded-compact-rangefinder-2026,compact-standard,270,220,325
nikonnikontwzoom105,camera,Nikon,Nikon TW Zoom 105,TW Zoom 105 | TWZoom105 | ニコン,35mm zoom compact,35mmズームコンパクト,35mm,AF,fixed,Fixed lens,,,180,480,同系統の既知機種からの推定範囲。出品前に実測推奨,genre-estimate,D,expanded-compact-rangefinder-2026,compact-standard,270,220,325
nikonnikontw2,camera,Nikon,Nikon TW2,TW2 | ニコン,35mm AF compact,35mm AFコンパクト,35mm,AF,fixed,Fixed lens,,,160,430,同系統の既知機種からの推定範囲。出品前に実測推奨,genre-estimate,D,expanded-compact-rangefinder-2026,compact-standard,270,220,325
nikonnikonzoom300af,camera,Nikon,Nikon Zoom 300 AF,Zoom 300 AF | Zoom300AF | ニコン,35mm zoom compact,35mmズームコンパクト,35mm,AF,fixed,Fixed lens,,,180,480,同系統の既知機種からの推定範囲。出品前に実測推奨,genre-estimate,D,expanded-compact-rangefinder-2026,compact-standard,270,220,325
nikonnikonzoomtouch400,camera,Nikon,Nikon Zoom Touch 400,Zoom Touch 400 | ZoomTouch400 | ニコン,35mm zoom compact,35mmズームコンパクト,35mm,AF,fixed,Fixed lens,,,180,480,同系統の既知機種からの推定範囲。出品前に実測推奨,genre-estimate,D,expanded-compact-rangefinder-2026,compact-standard,270,220,325
nikonnikonos20mmf28,lens,Nikon,Nikonos 20mm f/2.8,Nikkor | ニコン | ニッコール,35mm manual-focus lens,35mm MFレンズ,35mm,MF,lens,,,,165,250,同ジャンルの既知機種からの推定範囲,genre-estimate,D,open-model-catalog,lens-small,210,165,260
nikonnikonosi,camera,Nikon,Nikonos I,Calypso/Nikkor | Nikkor | ニコン | ニッコール,Underwater film camera,水中フィルムカメラ,35mm,MF,interchangeable,Nikonos,1963,700,700,700,"body only, approximate published specification",reference,C,published-secondary,camera-large,460,380,560
nikonnikonosiii,camera,Nikon,Nikonos III,Nikkor | Nikonos 3 | ニコン | ニッコール,Underwater film camera,水中フィルムカメラ,35mm,MF,interchangeable,Nikonos,1975,700,700,700,"body only, approximate published specification",reference,C,published-secondary,camera-large,460,380,560
nikonnikonosiva,camera,Nikon,Nikonos IV-A,Nikkor | Nikonos 4A | Nikonos IVa | ニコン | ニッコール,Underwater film camera,水中フィルムカメラ,35mm,MF,interchangeable,Nikonos,1980,700,700,700,"body only, approximate published specification",reference,C,published-secondary,camera-large,460,380,560
olympusis1dlx,camera,Olympus,IS-1 DLX,Olympus IS-1000 | オリンパス,35mm AF compact,35mm AFコンパクト,35mm,AF,fixed,Fixed lens,1990,,160,390,同ジャンルの既知機種からの推定範囲,genre-estimate,D,open-model-catalog,compact-standard,270,220,325
olympusolympus35dc,camera,Olympus,Olympus 35 DC,35 DC | 35DC | オリンパス,35mm fixed-lens rangefinder,35mmレンジファインダー（固定レンズ）,35mm,MF,fixed,Fixed lens,,,340,700,同系統の既知機種からの推定範囲。出品前に実測推奨,genre-estimate,D,expanded-compact-rangefinder-2026,compact-heavy,320,260,390
olympusolympus35ec,camera,Olympus,Olympus 35 EC,35EC | オリンパス,35mm compact MF,35mm MFコンパクト,35mm,MF,fixed,Fixed lens,1969,410,410,410,with fixed lens,reference,C,published-secondary,compact-standard,270,220,325
olympusolympus35ecr,camera,Olympus,Olympus 35 ECR,35 ECR | 35ECR | オリンパス,35mm fixed-lens rangefinder,35mmレンジファインダー（固定レンズ）,35mm,MF,fixed,Fixed lens,,,340,700,同系統の既知機種からの推定範囲。出品前に実測推奨,genre-estimate,D,expanded-compact-rangefinder-2026,compact-heavy,320,260,390
olympusolympus35ed,camera,Olympus,Olympus 35 ED,35 ED | 35ED | オリンパス,35mm fixed-lens rangefinder,35mmレンジファインダー（固定レンズ）,35mm,MF,fixed,Fixed lens,,,340,700,同系統の既知機種からの推定範囲。出品前に実測推奨,genre-estimate,D,expanded-compact-rangefinder-2026,compact-heavy,320,260,390
olympusolympus35iv,camera,Olympus,Olympus 35 IV,オリンパス,35mm compact MF,35mm MFコンパクト,35mm,MF,fixed,Fixed lens,1949,,335,390,同ジャンルの既知機種からの推定範囲,genre-estimate,D,open-model-catalog,compact-standard,270,220,325
olympusolympus35lc,camera,Olympus,Olympus 35 LC,オリンパス,35mm compact MF,35mm MFコンパクト,35mm,MF,fixed,Fixed lens,1967,,335,390,同ジャンルの既知機種からの推定範囲,genre-estimate,D,open-model-catalog,compact-standard,270,220,325
olympusolympus35le,camera,Olympus,Olympus 35 LE,35 LE | 35LE | オリンパス,35mm fixed-lens rangefinder,35mmレンジファインダー（固定レンズ）,35mm,MF,fixed,Fixed lens,,,340,700,同系統の既知機種からの推定範囲。出品前に実測推奨,genre-estimate,D,expanded-compact-rangefinder-2026,compact-heavy,320,260,390
olympusolympus35rc,camera,Olympus,Olympus 35 RC,35RC | オリンパス,35mm fixed-lens rangefinder,35mmレンジファインダー（固定レンズ）,35mm,MF,fixed,Fixed lens,1970,410,410,410,with fixed lens,reference,B,compiled-specs,compact-standard,270,220,325
olympusolympus35rd,camera,Olympus,Olympus 35 RD,35RD | オリンパス,35mm fixed-lens rangefinder,35mmレンジファインダー（固定レンズ）,35mm,MF,fixed,Fixed lens,1975,530,530,530,with fixed lens,reference,C,published-secondary,compact-heavy,320,260,390
olympusolympus35sp,camera,Olympus,Olympus 35 SP,35SP | オリンパス | Olympus 35 S,35mm fixed-lens rangefinder,35mmレンジファインダー（固定レンズ）,35mm,MF,fixed,Fixed lens,1969,600,600,600,with fixed lens,reference,B,compiled-specs,compact-heavy,320,260,390
olympusolympus35spn,camera,Olympus,Olympus 35 SPn,35 SPn | 35SPn | オリンパス,35mm fixed-lens rangefinder,35mmレンジファインダー（固定レンズ）,35mm,MF,fixed,Fixed lens,,,340,700,同系統の既知機種からの推定範囲。出品前に実測推奨,genre-estimate,D,expanded-compact-rangefinder-2026,compact-heavy,320,260,390
olympusolympus35uc,camera,Olympus,Olympus 35 UC,35 UC | 35UC | オリンパス,35mm fixed-lens rangefinder,35mmレンジファインダー（固定レンズ）,35mm,MF,fixed,Fixed lens,,,340,700,同系統の既知機種からの推定範囲。出品前に実測推奨,genre-estimate,D,expanded-compact-rangefinder-2026,compact-heavy,320,260,390
olympusolympusaccurazoom105,camera,Olympus,Olympus Accura Zoom 105,オリンパス,35mm AF compact,35mm AFコンパクト,35mm,AF,fixed,Fixed lens,,,160,390,同ジャンルの既知機種からの推定範囲,genre-estimate,D,open-model-catalog,compact-standard,270,220,325
olympusolympusaccurazoom80,camera,Olympus,Olympus Accura Zoom 80,オリンパス,35mm AF compact,35mm AFコンパクト,35mm,AF,fixed,Fixed lens,,,160,390,同ジャンルの既知機種からの推定範囲,genre-estimate,D,open-model-catalog,compact-standard,270,220,325
olympusolympusaftwin,camera,Olympus,Olympus AF Twin,AF Twin | AFTwin | オリンパス,35mm AF compact,35mm AFコンパクト,35mm,AF,fixed,Fixed lens,,,160,430,同系統の既知機種からの推定範囲。出品前に実測推奨,genre-estimate,D,expanded-compact-rangefinder-2026,compact-standard,270,220,325
olympusolympusaf1,camera,Olympus,Olympus AF-1,AF-1 | AF 1 | オリンパス,35mm AF compact,35mm AFコンパクト,35mm,AF,fixed,Fixed lens,,,160,430,同系統の既知機種からの推定範囲。出品前に実測推奨,genre-estimate,D,expanded-compact-rangefinder-2026,compact-standard,270,220,325
olympusolympusaf1twin,camera,Olympus,Olympus AF-1 Twin,AF-1 Twin | AF 1 Twin | AF-1Twin | オリンパス,35mm AF compact,35mm AFコンパクト,35mm,AF,fixed,Fixed lens,,,160,430,同系統の既知機種からの推定範囲。出品前に実測推奨,genre-estimate,D,expanded-compact-rangefinder-2026,compact-standard,270,220,325
olympusolympusaf10,camera,Olympus,Olympus AF-10,AF-10 | AF 10 | オリンパス,35mm AF compact,35mm AFコンパクト,35mm,AF,fixed,Fixed lens,,,160,430,同系統の既知機種からの推定範囲。出品前に実測推奨,genre-estimate,D,expanded-compact-rangefinder-2026,compact-standard,270,220,325
olympusolympusaf10mini,camera,Olympus,Olympus AF-10 Mini,AF-10 Mini | AF 10 Mini | AF-10Mini | オリンパス,35mm AF compact,35mm AFコンパクト,35mm,AF,fixed,Fixed lens,,,160,430,同系統の既知機種からの推定範囲。出品前に実測推奨,genre-estimate,D,expanded-compact-rangefinder-2026,compact-standard,270,220,325
olympusolympusaf10super,camera,Olympus,Olympus AF-10 Super,AF-10 Super | AF 10 Super | AF-10Super | オリンパス,35mm AF compact,35mm AFコンパクト,35mm,AF,fixed,Fixed lens,,,160,430,同系統の既知機種からの推定範囲。出品前に実測推奨,genre-estimate,D,expanded-compact-rangefinder-2026,compact-standard,270,220,325
olympusolympusaf20,camera,Olympus,Olympus AF-20,AF-20 | AF 20 | オリンパス,35mm AF compact,35mm AFコンパクト,35mm,AF,fixed,Fixed lens,,,160,430,同系統の既知機種からの推定範囲。出品前に実測推奨,genre-estimate,D,expanded-compact-rangefinder-2026,compact-standard,270,220,325
olympusolympusaf50,camera,Olympus,Olympus AF-50,AF-50 | AF 50 | オリンパス,35mm AF compact,35mm AFコンパクト,35mm,AF,fixed,Fixed lens,,,160,430,同系統の既知機種からの推定範囲。出品前に実測推奨,genre-estimate,D,expanded-compact-rangefinder-2026,compact-standard,270,220,325
olympusolympusc35ad,camera,Olympus,Olympus C-35AD,オリンパス,35mm MF SLR,35mm一眼レフ（MF）,35mm,MF,interchangeable,Olympus OM,,,470,745,同ジャンルの既知機種からの推定範囲,genre-estimate,D,open-model-catalog,camera-body,350,290,425
olympusolympusecru,camera,Olympus,Olympus Ecru,Ecru | オリンパス,35mm AF compact,35mm AFコンパクト,35mm,AF,fixed,Fixed lens,1991,350,350,350,without battery,reference,C,published-secondary,compact-standard,270,220,325
olympusolympusinfinitystylus,camera,Olympus,Olympus Infinity Stylus,Infinity Stylus | InfinityStylus | オリンパス,35mm AF compact,35mm AFコンパクト,35mm,AF,fixed,Fixed lens,,,160,430,同系統の既知機種からの推定範囲。出品前に実測推奨,genre-estimate,D,expanded-compact-rangefinder-2026,compact-standard,270,220,325
olympusolympusinfinitytwin,camera,Olympus,Olympus Infinity Twin,Infinity Twin | InfinityTwin | オリンパス,35mm AF compact,35mm AFコンパクト,35mm,AF,fixed,Fixed lens,,,160,430,同系統の既知機種からの推定範囲。出品前に実測推奨,genre-estimate,D,expanded-compact-rangefinder-2026,compact-standard,270,220,325
olympusolympusinfinityzoom2000,camera,Olympus,Olympus Infinity Zoom 2000,Infinity Zoom 2000 | InfinityZoom2000 | オリンパス,35mm zoom compact,35mmズームコンパクト,35mm,AF,fixed,Fixed lens,,,180,480,同系統の既知機種からの推定範囲。出品前に実測推奨,genre-estimate,D,expanded-compact-rangefinder-2026,compact-standard,270,220,325
olympusolympusis20,camera,Olympus,Olympus IS-20,オリンパス,35mm compact MF,35mm MFコンパクト,35mm,MF,fixed,Fixed lens,,,335,390,同ジャンルの既知機種からの推定範囲,genre-estimate,D,open-model-catalog,compact-standard,270,220,325
olympusolympusis200,camera,Olympus,Olympus IS-200,オリンパス,35mm compact MF,35mm MFコンパクト,35mm,MF,fixed,Fixed lens,,,335,390,同ジャンルの既知機種からの推定範囲,genre-estimate,D,open-model-catalog,compact-standard,270,220,325
olympusolympusis3dlx,camera,Olympus,Olympus IS-3 DLX,Olympus IS-3000 | オリンパス,35mm AF compact,35mm AFコンパクト,35mm,AF,fixed,Fixed lens,1992,,160,390,同ジャンルの既知機種からの推定範囲,genre-estimate,D,open-model-catalog,compact-standard,270,220,325
olympusolympusis50,camera,Olympus,Olympus IS-50,Olympus IS-500 | オリンパス,35mm AF compact,35mm AFコンパクト,35mm,AF,fixed,Fixed lens,2002,,160,390,同ジャンルの既知機種からの推定範囲,genre-estimate,D,open-model-catalog,compact-standard,270,220,325
olympusolympusltzoom105,camera,Olympus,Olympus LT Zoom 105,LT Zoom 105 | LTZoom105 | オリンパス,35mm zoom compact,35mmズームコンパクト,35mm,AF,fixed,Fixed lens,,,180,480,同系統の既知機種からの推定範囲。出品前に実測推奨,genre-estimate,D,expanded-compact-rangefinder-2026,compact-standard,270,220,325
olympusolympuslt1,camera,Olympus,Olympus LT-1,LT-1 | LT 1 | オリンパス | LT1,Premium 35mm compact,高級35mmコンパクト,35mm,AF,fixed,Fixed lens,,,160,340,同系統の既知機種からの推定範囲。出品前に実測推奨,genre-estimate,D,expanded-compact-rangefinder-2026,compact-standard,270,220,325
olympusolympusmju,camera,Olympus,Olympus mju,Stylus | µ[mju:] | オリンパス | Olympus Stylus,35mm AF compact,35mm AFコンパクト,35mm,AF,fixed,Fixed lens,1991,170,170,170,without battery,reference,B,compiled-specs,compact-slim,215,175,260
olympusolympusmjuii,camera,Olympus,Olympus mju II,Mju 2 | Stylus Epic | オリンパス,Premium 35mm compact,高級35mmコンパクト,35mm,AF,fixed,Fixed lens,1997,135,135,135,without battery,reference,B,compiled-specs,compact-slim,215,175,260
olympusolympusmjuii80vf,camera,Olympus,Olympus mju II 80 VF,mju II 80 VF | mjuII80VF | オリンパス,35mm zoom compact,35mmズームコンパクト,35mm,AF,fixed,Fixed lens,,,180,480,同系統の既知機種からの推定範囲。出品前に実測推奨,genre-estimate,D,expanded-compact-rangefinder-2026,compact-standard,270,220,325
olympusolympusmjuzoom105,camera,Olympus,Olympus mju Zoom 105,mju Zoom 105 | mjuZoom105 | オリンパス,35mm zoom compact,35mmズームコンパクト,35mm,AF,fixed,Fixed lens,,,180,480,同系統の既知機種からの推定範囲。出品前に実測推奨,genre-estimate,D,expanded-compact-rangefinder-2026,compact-standard,270,220,325
olympusolympusmjuzoom115,camera,Olympus,Olympus mju Zoom 115,mju Zoom 115 | mjuZoom115 | オリンパス,35mm zoom compact,35mmズームコンパクト,35mm,AF,fixed,Fixed lens,,,180,480,同系統の既知機種からの推定範囲。出品前に実測推奨,genre-estimate,D,expanded-compact-rangefinder-2026,compact-standard,270,220,325
olympusolympusmjuzoom140,camera,Olympus,Olympus mju Zoom 140,mju Zoom 140 | mjuZoom140 | オリンパス,35mm zoom compact,35mmズームコンパクト,35mm,AF,fixed,Fixed lens,,,180,480,同系統の既知機種からの推定範囲。出品前に実測推奨,genre-estimate,D,expanded-compact-rangefinder-2026,compact-standard,270,220,325
olympusolympusmjuzoom70,camera,Olympus,Olympus mju Zoom 70,mju Zoom 70 | mjuZoom70 | オリンパス,35mm zoom compact,35mmズームコンパクト,35mm,AF,fixed,Fixed lens,,,180,480,同系統の既知機種からの推定範囲。出品前に実測推奨,genre-estimate,D,expanded-compact-rangefinder-2026,compact-standard,270,220,325
olympusolympusmjuzoom80,camera,Olympus,Olympus mju Zoom 80,mju Zoom 80 | mjuZoom80 | オリンパス,35mm zoom compact,35mmズームコンパクト,35mm,AF,fixed,Fixed lens,,,180,480,同系統の既知機種からの推定範囲。出品前に実測推奨,genre-estimate,D,expanded-compact-rangefinder-2026,compact-standard,270,220,325
olympusolympusmjuzoomwide80,camera,Olympus,Olympus mju Zoom Wide 80,mju Zoom Wide 80 | mjuZoomWide80 | オリンパス,35mm zoom compact,35mmズームコンパクト,35mm,AF,fixed,Fixed lens,,,180,480,同系統の既知機種からの推定範囲。出品前に実測推奨,genre-estimate,D,expanded-compact-rangefinder-2026,compact-standard,270,220,325
olympusolympusmotordrive2,accessory,Olympus,Olympus Motor Drive 2,Motor Drive 2 | オリンパス,Motor drive / winder,モータードライブ・ワインダー,accessory,,,,1983,320,320,320,without batteries,reference,B,compiled-specs,accessory-box,145,110,190
olympusolympusoproduct,camera,Olympus,Olympus O-Product,O Product | オリンパス,35mm AF compact,35mm AFコンパクト,35mm,AF,fixed,Fixed lens,1989,570,570,570,without batteries,reference,C,published-secondary,compact-heavy,320,260,390
olympusolympusom50mmf14zuikomcautos,lens,Olympus,Olympus OM 50mm f/1.4 Zuiko MC Auto-S,オリンパス,35mm manual-focus lens,35mm MFレンズ,35mm,MF,lens,Olympus OM,,,165,250,同ジャンルの既知機種からの推定範囲,genre-estimate,D,open-model-catalog,lens-small,210,165,260
olympusolympusom50mmf18zuikoautos,lens,Olympus,Olympus OM 50mm f/1.8  Zuiko Auto-S,オリンパス,35mm manual-focus lens,35mm MFレンズ,35mm,MF,lens,Olympus OM,,,165,250,同ジャンルの既知機種からの推定範囲,genre-estimate,D,open-model-catalog,lens-small,210,165,260
olympusolympusom50mmf2automacro,lens,Olympus,Olympus OM 50mm f/2 Auto-Macro,オリンパス,35mm manual-focus lens,35mm MFレンズ,35mm,MF,lens,Olympus OM,,,165,250,同ジャンルの既知機種からの推定範囲,genre-estimate,D,open-model-catalog,lens-small,210,165,260
olympusolympusom50mmf35zuikoautomacro,lens,Olympus,Olympus OM 50mm f/3.5 Zuiko Auto-Macro,オリンパス,35mm manual-focus lens,35mm MFレンズ,35mm,MF,lens,Olympus OM,,,165,250,同ジャンルの既知機種からの推定範囲,genre-estimate,D,open-model-catalog,lens-small,210,165,260
olympusolympusom55mmf12zuikoautos,lens,Olympus,Olympus OM 55mm f/1.2 Zuiko Auto-S,オリンパス,35mm manual-focus lens,35mm MFレンズ,35mm,MF,lens,Olympus OM,,,165,250,同ジャンルの既知機種からの推定範囲,genre-estimate,D,open-model-catalog,lens-small,210,165,260
olympusolympusom65200mmf4,lens,Olympus,Olympus OM 65-200mm f/4,オリンパス,35mm manual-focus lens,35mm MFレンズ,35mm,MF,lens,Olympus OM,,,165,250,同ジャンルの既知機種からの推定範囲,genre-estimate,D,open-model-catalog,lens-small,210,165,260
olympusolympusom75150mmf4,lens,Olympus,Olympus OM 75-150mm f/4,オリンパス,35mm manual-focus lens,35mm MFレンズ,35mm,MF,lens,Olympus OM,,,165,250,同ジャンルの既知機種からの推定範囲,genre-estimate,D,open-model-catalog,lens-small,210,165,260
olympusolympusom80mmf4automacro,lens,Olympus,Olympus OM 80mm f/4 Auto Macro,オリンパス,35mm manual-focus lens,35mm MFレンズ,35mm,MF,lens,Olympus OM,,,165,250,同ジャンルの既知機種からの推定範囲,genre-estimate,D,open-model-catalog,lens-small,210,165,260
olympusolympusom85250mmf5,lens,Olympus,Olympus OM 85-250mm f/5,オリンパス,35mm manual-focus lens,35mm MFレンズ,35mm,MF,lens,Olympus OM,,,165,250,同ジャンルの既知機種からの推定範囲,genre-estimate,D,open-model-catalog,lens-small,210,165,260
olympusolympusom85mmf2fzuikoautot,lens,Olympus,Olympus OM 85mm f/2 F.Zuiko Auto-T,オリンパス,35mm manual-focus lens,35mm MFレンズ,35mm,MF,lens,Olympus OM,,,165,250,同ジャンルの既知機種からの推定範囲,genre-estimate,D,open-model-catalog,lens-small,210,165,260
olympusolympusom1,camera,Olympus,Olympus OM-1,OM1 | オリンパス | Olympus OM-10 Quartz | Olympus OM-1n | Olympus OM-1 MD | Olympus OM 100-200mm f/5 S Zuiko Auto-Zoom | Olympus OM 100mm f/2.8 E.Zuiko Auto-T | Olympus OM 135mm f/2.8 Zuiko Auto-T | Olympus OM 135mm f/3.5 E-Zuiko Auto-T | Olympus OM 180mm f/2.8 Zuiko Auto-T,35mm MF SLR,35mm一眼レフ（MF）,35mm,MF,interchangeable,Olympus OM,1972,510,510,510,body only,reference,B,compiled-specs,camera-body,350,290,425
olympusolympusom10,camera,Olympus,Olympus OM-10,OM10 | オリンパス,35mm MF SLR,35mm一眼レフ（MF）,35mm,MF,interchangeable,Olympus OM,1979,430,430,430,body only,reference,B,compiled-specs,camera-body,350,290,425
olympusolympusom2,camera,Olympus,Olympus OM-2,OM2 | オリンパス | Olympus OM-2000 | Olympus OM-2S Program aka Olympus OM-2 SpotProgram | Olympus OM-20 aka Olympus OM-G | Olympus OM-2n | Olympus OM 200mm f/4 Zuiko Auto-T | Olympus OM 200mm f/5 F.Zuiko Auto-T | Olympus OM 21mm f/3.5 G.Zuiko Auto-W | Olympus OM 24mm f/2.8 H.Zuiko Auto-W | Olympus OM 24mm f/2 Zuiko MC Auto-W | Olympus OM 28-48mm f/4 S Zuiko Auto-Zoom | Olympus OM 28mm f/2 Zuiko MC Auto-W | Olympus OM 28mm f/3.5 G.Zuiko Auto-W,35mm MF SLR,35mm一眼レフ（MF）,35mm,MF,interchangeable,Olympus OM,1975,520,520,520,body only,reference,B,compiled-specs,camera-body,350,290,425
olympusolympusom20,camera,Olympus,Olympus OM-20,OM-G | オリンパス,35mm MF SLR,35mm一眼レフ（MF）,35mm,MF,interchangeable,Olympus OM,1983,450,450,450,body only,reference,B,compiled-specs,camera-body,350,290,425
olympusolympusom3,camera,Olympus,Olympus OM-3,OM3 | オリンパス | Olympus OM 300mm f/4.5 | Olympus OM 35-105mm f/3.5-4.5 Zuiko Auto-Zoom | Olympus OM 35-70 f/4 S Zuiko Auto-Zoom | Olympus OM 35-70mm f/3.5-4.5 AF | Olympus OM 35-70mm f/3.5-4.5 S Zuiko Auto-Zoom | Olympus OM 35-70mm  f/3.6 Zuiko Auto-Zoom | Olympus OM 35mm f/2.8 Zuiko MC Auto-W,35mm MF SLR,35mm一眼レフ（MF）,35mm,MF,interchangeable,Olympus OM,1983,510,510,510,body only,reference,B,compiled-specs,camera-body,350,290,425
olympusolympusom30,camera,Olympus,Olympus OM-30,OM-F | オリンパス,35mm MF SLR,35mm一眼レフ（MF）,35mm,MF,interchangeable,Olympus OM,1982,430,430,430,body only,reference,B,compiled-specs,camera-body,350,290,425
olympusolympusom4,camera,Olympus,Olympus OM-4,OM4 | オリンパス | Olympus OM-4Ti aka Olympus OM-4T | Olympus OM-40 aka Olympus OM-PC | Olympus OM 40mm f/2 Zuiko Auto-S,35mm MF SLR,35mm一眼レフ（MF）,35mm,MF,interchangeable,Olympus OM,1983,540,540,540,body only,reference,B,compiled-specs,camera-body,350,290,425
olympusolympusom40,camera,Olympus,Olympus OM-40,OM-PC | オリンパス,35mm MF SLR,35mm一眼レフ（MF）,35mm,MF,interchangeable,Olympus OM,1985,460,460,460,body only,reference,B,compiled-specs,camera-body,350,290,425
olympusolympusoz120,camera,Olympus,Olympus OZ 120,OZ 120 | OZ120 | オリンパス,35mm zoom compact,35mmズームコンパクト,35mm,AF,fixed,Fixed lens,,,180,480,同系統の既知機種からの推定範囲。出品前に実測推奨,genre-estimate,D,expanded-compact-rangefinder-2026,compact-standard,270,220,325
olympusolympuspenee2,camera,Olympus,Olympus Pen EE-2,Pen EE2 | オリンパス,35mm compact MF,35mm MFコンパクト,35mm half-frame,zone,fixed,Fixed lens,1968,335,335,335,with fixed lens,reference,C,published-secondary,compact-standard,270,220,325
olympusolympuspenees,camera,Olympus,Olympus Pen EE-S,Pen EES | オリンパス,35mm compact MF,35mm MFコンパクト,35mm half-frame,zone,fixed,Fixed lens,1962,350,350,350,with fixed lens,reference,C,published-secondary,compact-standard,270,220,325
olympusolympuspenees2,camera,Olympus,Olympus Pen EE-S2,Pen EES2 | オリンパス,35mm compact MF,35mm MFコンパクト,35mm half-frame,zone,fixed,Fixed lens,1968,350,350,350,with fixed lens,reference,C,published-secondary,compact-standard,270,220,325
olympusolympuspenf,camera,Olympus,Olympus Pen F,Pen F | オリンパス | Olympus Pen F 38mm f/1.8 F-Zuiko Auto-S | Olympus Pen FT 100mm f/3.5 E-Zuiko Auto-T | Olympus Pen FT 150mm f/4 E-Zuiko Auto-T | Olympus Pen FT 38mm f/1.8 F-Zuiko Auto-S | Olympus Pen FT 40mm f/1.4 G-Zuiko Auto-S,Half-frame SLR,ハーフサイズ一眼レフ,35mm half-frame,MF,interchangeable,Olympus Pen F,1963,560,560,560,body only,reference,B,compiled-specs,camera-body,350,290,425
olympusolympuspenft,camera,Olympus,Olympus Pen FT,Pen FT | オリンパス,Half-frame SLR,ハーフサイズ一眼レフ,35mm half-frame,MF,interchangeable,Olympus Pen F,1966,600,600,600,body only,reference,B,compiled-specs,camera-body,350,290,425
olympusolympusstylusepiczoom80,camera,Olympus,Olympus Stylus Epic Zoom 80,Stylus Epic Zoom 80 | StylusEpicZoom80 | オリンパス,35mm zoom compact,35mmズームコンパクト,35mm,AF,fixed,Fixed lens,,,180,480,同系統の既知機種からの推定範囲。出品前に実測推奨,genre-estimate,D,expanded-compact-rangefinder-2026,compact-standard,270,220,325
olympusolympussupertrip,camera,Olympus,Olympus Supertrip,Supertrip | オリンパス,35mm AF compact,35mm AFコンパクト,35mm,AF,fixed,Fixed lens,,,160,430,同系統の既知機種からの推定範囲。出品前に実測推奨,genre-estimate,D,expanded-compact-rangefinder-2026,compact-standard,270,220,325
olympusolympussupertrip2,camera,Olympus,Olympus Supertrip 2,Supertrip 2 | Supertrip2 | オリンパス,35mm AF compact,35mm AFコンパクト,35mm,AF,fixed,Fixed lens,,,160,430,同系統の既知機種からの推定範囲。出品前に実測推奨,genre-estimate,D,expanded-compact-rangefinder-2026,compact-standard,270,220,325
olympusolympust32flash,accessory,Olympus,Olympus T32 Flash,T32 | オリンパス,Flash,フラッシュ,accessory,,,,1975,260,260,260,without batteries,reference,B,compiled-specs,accessory-box,145,110,190
olympusolympustrip35,camera,Olympus,Olympus Trip 35,Trip 35 | オリンパス,35mm compact MF,35mm MFコンパクト,35mm,zone,fixed,Fixed lens,1967,390,390,390,with fixed lens,reference,C,published-secondary,compact-standard,270,220,325
olympusolympustripaf,camera,Olympus,Olympus Trip AF,Trip AF | TripAF | オリンパス,35mm AF compact,35mm AFコンパクト,35mm,AF,fixed,Fixed lens,,,160,430,同系統の既知機種からの推定範囲。出品前に実測推奨,genre-estimate,D,expanded-compact-rangefinder-2026,compact-standard,270,220,325
olympusolympustripaf50,camera,Olympus,Olympus Trip AF 50,Trip AF 50 | TripAF50 | オリンパス,35mm AF compact,35mm AFコンパクト,35mm,AF,fixed,Fixed lens,,,160,430,同系統の既知機種からの推定範囲。出品前に実測推奨,genre-estimate,D,expanded-compact-rangefinder-2026,compact-standard,270,220,325
olympusolympustripjunior,camera,Olympus,Olympus Trip Junior,オリンパス,35mm compact MF,35mm MFコンパクト,35mm,MF,fixed,Fixed lens,,,335,390,同ジャンルの既知機種からの推定範囲,genre-estimate,D,open-model-catalog,compact-standard,270,220,325
olympusolympustrippanorama,camera,Olympus,Olympus Trip Panorama,オリンパス,35mm compact MF,35mm MFコンパクト,35mm,MF,fixed,Fixed lens,,,335,390,同ジャンルの既知機種からの推定範囲,genre-estimate,D,open-model-catalog,compact-standard,270,220,325
olympusolympustripxb3,camera,Olympus,Olympus Trip XB3,オリンパス,35mm compact MF,35mm MFコンパクト,35mm,MF,fixed,Fixed lens,,,335,390,同ジャンルの既知機種からの推定範囲,genre-estimate,D,open-model-catalog,compact-standard,270,220,325
olympusolympustripxb40af,camera,Olympus,Olympus Trip XB40 AF,Trip XB40 AF | TripXB40AF | オリンパス,35mm AF compact,35mm AFコンパクト,35mm,AF,fixed,Fixed lens,,,160,430,同系統の既知機種からの推定範囲。出品前に実測推奨,genre-estimate,D,expanded-compact-rangefinder-2026,compact-standard,270,220,325
olympusolympuswinder2,accessory,Olympus,Olympus Winder 2,Winder 2 | オリンパス,Motor drive / winder,モータードライブ・ワインダー,accessory,,,,1978,210,210,210,without batteries,reference,B,compiled-specs,accessory-box,145,110,190
olympusolympusxa,camera,Olympus,Olympus XA,XA | オリンパス | Olympus XA-1,Premium 35mm compact,高級35mmコンパクト,35mm,MF,fixed,Fixed lens,1979,225,225,225,with batteries,reference,B,compiled-specs,compact-slim,215,175,260
olympusolympusxa2,camera,Olympus,Olympus XA2,XA2 | オリンパス,35mm compact MF,35mm MFコンパクト,35mm,zone,fixed,Fixed lens,1980,200,200,200,with batteries,reference,B,compiled-specs,compact-slim,215,175,260
olympusolympusxa4,camera,Olympus,Olympus XA4,XA4 | オリンパス,35mm compact MF,35mm MFコンパクト,35mm,zone,fixed,Fixed lens,1985,230,230,230,with batteries,reference,B,compiled-specs,compact-slim,215,175,260
olympusolympuszuiko28mmf28,lens,Olympus,Olympus Zuiko 28mm f/2.8,OM 28 2.8 | オリンパス,35mm manual-focus lens,35mm MFレンズ,35mm,MF,lens,Olympus OM,1972,170,170,170,"lens only, without caps",reference,B,compiled-specs,lens-small,210,165,260
olympusolympuszuiko35mmf28,lens,Olympus,Olympus Zuiko 35mm f/2.8,OM 35 2.8 | オリンパス,35mm manual-focus lens,35mm MFレンズ,35mm,MF,lens,Olympus OM,1972,180,180,180,"lens only, without caps",reference,B,compiled-specs,lens-small,210,165,260
olympusolympuszuiko50mmf14,lens,Olympus,Olympus Zuiko 50mm f/1.4,OM 50 1.4 | オリンパス,35mm manual-focus lens,35mm MFレンズ,35mm,MF,lens,Olympus OM,1972,230,230,230,"lens only, without caps",reference,B,compiled-specs,lens-small,210,165,260
olympusolympuszuiko50mmf18,lens,Olympus,Olympus Zuiko 50mm f/1.8,OM 50 1.8 | オリンパス,35mm manual-focus lens,35mm MFレンズ,35mm,MF,lens,Olympus OM,1972,170,170,170,"lens only, without caps",reference,B,compiled-specs,lens-small,210,165,260
pentaxasahipentax,camera,Pentax,Asahi Pentax,Asahi Pentax | Honeywell Pentax | Pentax AP | ペンタックス,35mm MF SLR,35mm一眼レフ（MF）,35mm,MF,interchangeable,M42,1957,,470,745,同ジャンルの既知機種からの推定範囲,genre-estimate,D,open-model-catalog,camera-body,350,290,425
pentaxasahipentaxesii,camera,Pentax,Asahi Pentax ESII,Asahi Pentax | Honeywell Pentax | ペンタックス,35mm MF SLR,35mm一眼レフ（MF）,35mm,MF,interchangeable,M42,1973,,470,745,同ジャンルの既知機種からの推定範囲,genre-estimate,D,open-model-catalog,camera-body,350,290,425
pentaxasahipentaxs1a,camera,Pentax,Asahi Pentax S1a,Asahi Pentax | Honeywell Pentax | Honeywell Pentax H1a | ペンタックス,35mm MF SLR,35mm一眼レフ（MF）,35mm,MF,interchangeable,M42,1962,,470,745,同ジャンルの既知機種からの推定範囲,genre-estimate,D,open-model-catalog,camera-body,350,290,425
pentaxasahipentaxs3,camera,Pentax,Asahi Pentax S3,Asahi Pentax | Asahi Pentax H3 | Honeywell Pentax | ペンタックス,35mm MF SLR,35mm一眼レフ（MF）,35mm,MF,interchangeable,M42,1961,,470,745,同ジャンルの既知機種からの推定範囲,genre-estimate,D,open-model-catalog,camera-body,350,290,425
pentaxasahipentaxsp500,camera,Pentax,Asahi Pentax SP 500,Asahi Pentax | Honeywell Pentax | Honeywell Pentax SP500 | ペンタックス,35mm MF SLR,35mm一眼レフ（MF）,35mm,MF,interchangeable,M42,1971,,470,745,同ジャンルの既知機種からの推定範囲,genre-estimate,D,open-model-catalog,camera-body,350,290,425
pentaxasahipentaxsv,camera,Pentax,Asahi Pentax SV,Asahi Pentax | Honeywell Pentax | Honeywell Pentax H3v | ペンタックス,35mm MF SLR,35mm一眼レフ（MF）,35mm,MF,interchangeable,M42,1962,,470,745,同ジャンルの既知機種からの推定範囲,genre-estimate,D,open-model-catalog,camera-body,350,290,425
pentaxhdpentaxdfa70210mmf4edsdmwr,lens,Pentax,HD Pentax-D FA 70-210mm F4 ED SDM WR,Asahi Pentax | Honeywell Pentax | ペンタックス,35mm manual-focus lens,35mm MFレンズ,35mm,MF,lens,Pentax K,2020,,165,250,同ジャンルの既知機種からの推定範囲,genre-estimate,D,open-model-catalog,lens-small,210,165,260
pentaxhdpentaxdfa50mmf14dsmaw,lens,Pentax,HD Pentax-D FA* 50mm F1.4 DSM AW,Asahi Pentax | Honeywell Pentax | ペンタックス,35mm manual-focus lens,35mm MFレンズ,35mm,MF,lens,Pentax K,2018,,165,250,同ジャンルの既知機種からの推定範囲,genre-estimate,D,open-model-catalog,lens-small,210,165,260
pentaxhdpentaxdfa85mmf14edsdmaw,lens,Pentax,HD PENTAX-D FA* 85mm F1.4 ED SDM AW,Asahi Pentax | Honeywell Pentax | ペンタックス,35mm manual-focus lens,35mm MFレンズ,35mm,MF,lens,Pentax K,2020,,165,250,同ジャンルの既知機種からの推定範囲,genre-estimate,D,open-model-catalog,lens-small,210,165,260
pentaxhdpentaxfa31mmf18limited,lens,Pentax,HD Pentax-FA 31mm F1.8 Limited,Asahi Pentax | Honeywell Pentax | ペンタックス,35mm manual-focus lens,35mm MFレンズ,35mm,MF,lens,Pentax K,2021,,165,250,同ジャンルの既知機種からの推定範囲,genre-estimate,D,open-model-catalog,lens-small,210,165,260
pentaxhdpentaxfa35mmf2,lens,Pentax,HD PENTAX-FA 35mm F2,Asahi Pentax | Honeywell Pentax | ペンタックス,35mm manual-focus lens,35mm MFレンズ,35mm,MF,lens,Pentax K,2019,,165,250,同ジャンルの既知機種からの推定範囲,genre-estimate,D,open-model-catalog,lens-small,210,165,260
pentaxhdpentaxfa43mmf19limited,lens,Pentax,HD Pentax-FA 43mm F1.9 Limited,Asahi Pentax | Honeywell Pentax | ペンタックス,35mm manual-focus lens,35mm MFレンズ,35mm,MF,lens,Pentax K,2021,,165,250,同ジャンルの既知機種からの推定範囲,genre-estimate,D,open-model-catalog,lens-small,210,165,260
pentaxhdpentaxfa77mmf18limited,lens,Pentax,HD Pentax-FA 77mm F1.8 Limited,Asahi Pentax | Honeywell Pentax | ペンタックス,35mm manual-focus lens,35mm MFレンズ,35mm,MF,lens,Pentax K,2021,,165,250,同ジャンルの既知機種からの推定範囲,genre-estimate,D,open-model-catalog,lens-small,210,165,260
pentaxpentaxist,camera,Pentax,Pentax *ist,Asahi Pentax | Honeywell Pentax | Pentax ist film | ペンタックス,35mm AF SLR,35mm一眼レフ（AF）,35mm,AF,interchangeable,Pentax K,2003,335,335,335,body without batteries,reference,C,published-secondary,camera-body,350,290,425
pentaxpentax100mmf4smcmacrotakumar,lens,Pentax,Pentax 100mm f/4 smc Macro-Takumar,Asahi Pentax | Honeywell Pentax | ペンタックス,35mm manual-focus lens,35mm MFレンズ,35mm,MF,lens,M42,,,165,250,同ジャンルの既知機種からの推定範囲,genre-estimate,D,open-model-catalog,lens-small,210,165,260
pentaxpentax105mmf28supertakumar,lens,Pentax,Pentax 105mm f/2.8 Super Takumar,Asahi Pentax | Honeywell Pentax | ペンタックス,35mm manual-focus lens,35mm MFレンズ,35mm,MF,lens,M42,,,165,250,同ジャンルの既知機種からの推定範囲,genre-estimate,D,open-model-catalog,lens-small,210,165,260
pentaxpentax135mmf25smctakumar,lens,Pentax,Pentax 135mm f/2.5 smc Takumar,Asahi Pentax | Honeywell Pentax | ペンタックス,35mm manual-focus lens,35mm MFレンズ,35mm,MF,lens,M42,,,165,250,同ジャンルの既知機種からの推定範囲,genre-estimate,D,open-model-catalog,lens-small,210,165,260
pentaxpentax135mmf25supertakumar,lens,Pentax,Pentax 135mm f/2.5 Super Takumar,Asahi Pentax | Honeywell Pentax | ペンタックス,35mm manual-focus lens,35mm MFレンズ,35mm,MF,lens,M42,,,165,250,同ジャンルの既知機種からの推定範囲,genre-estimate,D,open-model-catalog,lens-small,210,165,260
pentaxpentax135mmf25takumar,lens,Pentax,Pentax 135mm f/2.5 Takumar,Asahi Pentax | Honeywell Pentax | ペンタックス,35mm manual-focus lens,35mm MFレンズ,35mm,MF,lens,Pentax K,,,165,250,同ジャンルの既知機種からの推定範囲,genre-estimate,D,open-model-catalog,lens-small,210,165,260
pentaxpentax135mmf35smctakumar,lens,Pentax,Pentax 135mm f/3.5 smc Takumar,Asahi Pentax | Honeywell Pentax | ペンタックス,35mm manual-focus lens,35mm MFレンズ,35mm,MF,lens,M42,,,165,250,同ジャンルの既知機種からの推定範囲,genre-estimate,D,open-model-catalog,lens-small,210,165,260
pentaxpentax150mmf4supertakumar,lens,Pentax,Pentax 150mm f/4 Super Takumar,Asahi Pentax | Honeywell Pentax | ペンタックス,35mm manual-focus lens,35mm MFレンズ,35mm,MF,lens,M42,,,165,250,同ジャンルの既知機種からの推定範囲,genre-estimate,D,open-model-catalog,lens-small,210,165,260
pentaxpentax17mmf4smcfisheyetakumar,lens,Pentax,Pentax 17mm f/4 smc Fish-Eye-Takumar,Asahi Pentax | Honeywell Pentax | ペンタックス,35mm manual-focus lens,35mm MFレンズ,35mm,MF,lens,M42,,,165,250,同ジャンルの既知機種からの推定範囲,genre-estimate,D,open-model-catalog,lens-small,210,165,260
pentaxpentax200mmf4smctakumar,lens,Pentax,Pentax 200mm f/4 smc Takumar,Asahi Pentax | Honeywell Pentax | ペンタックス,35mm manual-focus lens,35mm MFレンズ,35mm,MF,lens,M42,,,165,250,同ジャンルの既知機種からの推定範囲,genre-estimate,D,open-model-catalog,lens-small,210,165,260
pentaxpentax200mmf56teletakumar,lens,Pentax,Pentax 200mm f/5.6 Tele-Takumar,Asahi Pentax | Honeywell Pentax | ペンタックス,35mm manual-focus lens,35mm MFレンズ,35mm,MF,lens,M42,,,165,250,同ジャンルの既知機種からの推定範囲,genre-estimate,D,open-model-catalog,lens-small,210,165,260
pentaxpentax20mmf45supertakumar,lens,Pentax,Pentax 20mm f/4.5 Super Takumar,Asahi Pentax | Honeywell Pentax | ペンタックス,35mm manual-focus lens,35mm MFレンズ,35mm,MF,lens,M42,1971,,165,250,同ジャンルの既知機種からの推定範囲,genre-estimate,D,open-model-catalog,lens-small,210,165,260
pentaxpentax24mmf35supertakumar,lens,Pentax,Pentax 24mm f/3.5 Super Takumar,Asahi Pentax | Honeywell Pentax | ペンタックス,35mm manual-focus lens,35mm MFレンズ,35mm,MF,lens,M42,1969,,165,250,同ジャンルの既知機種からの推定範囲,genre-estimate,D,open-model-catalog,lens-small,210,165,260
pentaxpentax2880mmf3545takumarf,lens,Pentax,Pentax 28-80mm f/3.5-4.5 Takumar-F,Asahi Pentax | Honeywell Pentax | ペンタックス,35mm manual-focus lens,35mm MFレンズ,35mm,MF,lens,,,,165,250,同ジャンルの既知機種からの推定範囲,genre-estimate,D,open-model-catalog,lens-small,210,165,260
pentaxpentax28mmf35smctakumar,lens,Pentax,Pentax 28mm f/3.5 smc Takumar,Asahi Pentax | Honeywell Pentax | ペンタックス,35mm manual-focus lens,35mm MFレンズ,35mm,MF,lens,M42,1971,,165,250,同ジャンルの既知機種からの推定範囲,genre-estimate,D,open-model-catalog,lens-small,210,165,260
pentaxpentax28mmf35supertakumar,lens,Pentax,Pentax 28mm f/3.5 Super Takumar,Asahi Pentax | Honeywell Pentax | ペンタックス,35mm manual-focus lens,35mm MFレンズ,35mm,MF,lens,M42,1962,,165,250,同ジャンルの既知機種からの推定範囲,genre-estimate,D,open-model-catalog,lens-small,210,165,260
pentaxpentax300mmf4supertakumar,lens,Pentax,Pentax 300mm f/4 Super Takumar,Asahi Pentax | Honeywell Pentax | ペンタックス,35mm manual-focus lens,35mm MFレンズ,35mm,MF,lens,M42,,,165,250,同ジャンルの既知機種からの推定範囲,genre-estimate,D,open-model-catalog,lens-small,210,165,260
pentaxpentax35mmf2supertakumar,lens,Pentax,Pentax 35mm f/2 Super Takumar,Asahi Pentax | Honeywell Pentax | ペンタックス,Medium-format lens,中判レンズ,120,MF,lens,M42,,,460,610,同ジャンルの既知機種からの推定範囲,genre-estimate,D,open-model-catalog,lens-medium,315,255,385
pentaxpentax35mmf35supertakumar,lens,Pentax,Pentax 35mm f/3.5 Super Takumar,Asahi Pentax | Honeywell Pentax | ペンタックス,35mm manual-focus lens,35mm MFレンズ,35mm,MF,lens,M42,,,165,250,同ジャンルの既知機種からの推定範囲,genre-estimate,D,open-model-catalog,lens-small,210,165,260
pentaxpentax400mmf56smctakumar,lens,Pentax,Pentax 400mm f/5.6 smc Takumar,Asahi Pentax | Honeywell Pentax | ペンタックス,35mm manual-focus lens,35mm MFレンズ,35mm,MF,lens,M42,,,165,250,同ジャンルの既知機種からの推定範囲,genre-estimate,D,open-model-catalog,lens-small,210,165,260
pentaxpentax400mmf56teletakumar,lens,Pentax,Pentax 400mm f/5.6 Tele-Takumar,Asahi Pentax | Honeywell Pentax | ペンタックス,35mm manual-focus lens,35mm MFレンズ,35mm,MF,lens,M42,,,165,250,同ジャンルの既知機種からの推定範囲,genre-estimate,D,open-model-catalog,lens-small,210,165,260
pentaxpentax50mmf14smctakumar,lens,Pentax,Pentax 50mm f/1.4 smc Takumar,Asahi Pentax | Honeywell Pentax | ペンタックス,35mm manual-focus lens,35mm MFレンズ,35mm,MF,lens,M42,,,165,250,同ジャンルの既知機種からの推定範囲,genre-estimate,D,open-model-catalog,lens-small,210,165,260
pentaxpentax50mmf14supertakumar,lens,Pentax,Pentax 50mm f/1.4 Super Takumar,Asahi Pentax | Honeywell Pentax | ペンタックス,35mm manual-focus lens,35mm MFレンズ,35mm,MF,lens,M42,1964,,165,250,同ジャンルの既知機種からの推定範囲,genre-estimate,D,open-model-catalog,lens-small,210,165,260
pentaxpentax50mmf4macrotakumar,lens,Pentax,Pentax 50mm f/4 Macro-Takumar,Asahi Pentax | Honeywell Pentax | ペンタックス,35mm manual-focus lens,35mm MFレンズ,35mm,MF,lens,M42,,,165,250,同ジャンルの既知機種からの推定範囲,genre-estimate,D,open-model-catalog,lens-small,210,165,260
pentaxpentax50mmf4smcmacrotakumar,lens,Pentax,Pentax 50mm f/4 smc Macro-Takumar,Asahi Pentax | Honeywell Pentax | ペンタックス,35mm manual-focus lens,35mm MFレンズ,35mm,MF,lens,M42,,,165,250,同ジャンルの既知機種からの推定範囲,genre-estimate,D,open-model-catalog,lens-small,210,165,260
pentaxpentax50mmf4supermacrotakumar,lens,Pentax,Pentax 50mm f/4 Super-Macro-Takumar,Asahi Pentax | Honeywell Pentax | ペンタックス,35mm manual-focus lens,35mm MFレンズ,35mm,MF,lens,M42,,,165,250,同ジャンルの既知機種からの推定範囲,genre-estimate,D,open-model-catalog,lens-small,210,165,260
pentaxpentax55mmf18autotakumar,lens,Pentax,Pentax 55mm f/1.8 Auto Takumar,Asahi Pentax | Honeywell Pentax | ペンタックス,35mm manual-focus lens,35mm MFレンズ,35mm,MF,lens,M42,1960,,165,250,同ジャンルの既知機種からの推定範囲,genre-estimate,D,open-model-catalog,lens-small,210,165,260
pentaxpentax55mmf18smctakumar,lens,Pentax,Pentax 55mm f/1.8 smc Takumar,Asahi Pentax | Honeywell Pentax | ペンタックス,35mm manual-focus lens,35mm MFレンズ,35mm,MF,lens,M42,,,165,250,同ジャンルの既知機種からの推定範囲,genre-estimate,D,open-model-catalog,lens-small,210,165,260
pentaxpentax55mmf18supertakumar,lens,Pentax,Pentax 55mm f/1.8 Super Takumar,Asahi Pentax | Honeywell Pentax | ペンタックス,35mm manual-focus lens,35mm MFレンズ,35mm,MF,lens,M42,1962,,165,250,同ジャンルの既知機種からの推定範囲,genre-estimate,D,open-model-catalog,lens-small,210,165,260
pentaxpentax55mmf2smctakumar,lens,Pentax,Pentax 55mm f/2 smc Takumar,Asahi Pentax | Honeywell Pentax | ペンタックス,35mm manual-focus lens,35mm MFレンズ,35mm,MF,lens,M42,,,165,250,同ジャンルの既知機種からの推定範囲,genre-estimate,D,open-model-catalog,lens-small,210,165,260
pentaxpentax55mmf2supertakumar,lens,Pentax,Pentax 55mm f/2 Super Takumar,Asahi Pentax | Honeywell Pentax | ペンタックス,35mm manual-focus lens,35mm MFレンズ,35mm,MF,lens,M42,,,165,250,同ジャンルの既知機種からの推定範囲,genre-estimate,D,open-model-catalog,lens-small,210,165,260
pentaxpentax645,camera,Pentax,Pentax 645,645 | Asahi Pentax | Honeywell Pentax | ペンタックス | Pentax 645N II,Medium-format SLR,中判一眼レフ,120,MF,interchangeable,Pentax 645,1984,1280,1280,1280,body without lens,reference,B,compiled-specs,camera-large,460,380,560
pentaxpentax645n,camera,Pentax,Pentax 645N,645N | Asahi Pentax | Honeywell Pentax | ペンタックス,Medium-format SLR,中判一眼レフ,120,AF,interchangeable,Pentax 645,1997,1280,1280,1280,body without lens,reference,B,compiled-specs,camera-large,460,380,560
pentaxpentax67,camera,Pentax,Pentax 67,6x7 | Asahi Pentax | Honeywell Pentax | Pentax 6x7 | ペンタックス,Medium-format SLR,中判一眼レフ,120,MF,interchangeable,Pentax 67,1969,1660,1660,1660,"body with prism, without lens",reference,B,compiled-specs,reinforced-xl,650,520,800
pentaxpentax67ii,camera,Pentax,Pentax 67II,67 II | Asahi Pentax | Honeywell Pentax | ペンタックス,Medium-format SLR,中判一眼レフ,120,MF,interchangeable,Pentax 67,1998,1210,1210,1210,body without lens,reference,B,compiled-specs,camera-large,460,380,560
pentaxpentax85210mmf45smctakumar,lens,Pentax,Pentax 85-210mm f/4.5 smc Takumar,Asahi Pentax | Honeywell Pentax | ペンタックス,35mm manual-focus lens,35mm MFレンズ,35mm,MF,lens,M42,,,165,250,同ジャンルの既知機種からの推定範囲,genre-estimate,D,open-model-catalog,lens-small,210,165,260
pentaxpentaxa3000,camera,Pentax,Pentax A3000,Asahi Pentax | Honeywell Pentax | Pentax A3 | ペンタックス,35mm MF SLR,35mm一眼レフ（MF）,35mm,MF,interchangeable,KA,1985,,470,745,同ジャンルの既知機種からの推定範囲,genre-estimate,D,open-model-catalog,camera-body,350,290,425
pentaxpentaxaf280tflash,accessory,Pentax,Pentax AF280T Flash,AF280T | Asahi Pentax | Honeywell Pentax | ペンタックス,Flash,フラッシュ,accessory,,,,1980,240,240,240,without batteries,reference,B,compiled-specs,accessory-box,145,110,190
pentaxpentaxauto110,camera,Pentax,Pentax Auto 110,Asahi Pentax | Auto110 | Honeywell Pentax | ペンタックス,110 SLR,110一眼レフ,110,MF,interchangeable,Pentax 110,1978,172,172,172,body only,reference,B,compiled-specs,camera-body,350,290,425
pentaxpentaxda64525mmf4,lens,Pentax,Pentax DA645 25mm f/4,Asahi Pentax | Honeywell Pentax | ペンタックス,Medium-format lens,中判レンズ,120,MF,lens,Pentax K,2012,,460,610,同ジャンルの既知機種からの推定範囲,genre-estimate,D,open-model-catalog,lens-medium,315,255,385
pentaxpentaxespio105sw,camera,Pentax,Pentax Espio 105SW,Espio 105SW | Espio105SW | ペンタックス,35mm zoom compact,35mmズームコンパクト,35mm,AF,fixed,Fixed lens,,,180,480,同系統の既知機種からの推定範囲。出品前に実測推奨,genre-estimate,D,expanded-compact-rangefinder-2026,compact-standard,270,220,325
pentaxpentaxespio115,camera,Pentax,Pentax Espio 115,Espio 115 | Espio115 | ペンタックス,35mm zoom compact,35mmズームコンパクト,35mm,AF,fixed,Fixed lens,,,180,480,同系統の既知機種からの推定範囲。出品前に実測推奨,genre-estimate,D,expanded-compact-rangefinder-2026,compact-standard,270,220,325
pentaxpentaxespio120,camera,Pentax,Pentax Espio 120,Espio 120 | Espio120 | ペンタックス,35mm zoom compact,35mmズームコンパクト,35mm,AF,fixed,Fixed lens,,,180,480,同系統の既知機種からの推定範囲。出品前に実測推奨,genre-estimate,D,expanded-compact-rangefinder-2026,compact-standard,270,220,325
pentaxpentaxespio120mi,camera,Pentax,Pentax Espio 120Mi,Espio 120Mi | Espio120Mi | ペンタックス,35mm zoom compact,35mmズームコンパクト,35mm,AF,fixed,Fixed lens,,,180,480,同系統の既知機種からの推定範囲。出品前に実測推奨,genre-estimate,D,expanded-compact-rangefinder-2026,compact-standard,270,220,325
pentaxpentaxespio135m,camera,Pentax,Pentax Espio 135M,Espio 135M | Espio135M | ペンタックス,35mm zoom compact,35mmズームコンパクト,35mm,AF,fixed,Fixed lens,,,180,480,同系統の既知機種からの推定範囲。出品前に実測推奨,genre-estimate,D,expanded-compact-rangefinder-2026,compact-standard,270,220,325
pentaxpentaxespio140,camera,Pentax,Pentax Espio 140,Espio 140 | Espio140 | ペンタックス,35mm zoom compact,35mmズームコンパクト,35mm,AF,fixed,Fixed lens,,,180,480,同系統の既知機種からの推定範囲。出品前に実測推奨,genre-estimate,D,expanded-compact-rangefinder-2026,compact-standard,270,220,325
pentaxpentaxespio140v,camera,Pentax,Pentax Espio 140V,Asahi Pentax | Honeywell Pentax | ペンタックス,35mm AF compact,35mm AFコンパクト,35mm,AF,fixed,Fixed lens,2003,,160,390,同ジャンルの既知機種からの推定範囲,genre-estimate,D,open-model-catalog,compact-standard,270,220,325
pentaxpentaxespio145msuper,camera,Pentax,Pentax Espio 145M Super,Espio 145M Super | Espio145MSuper | ペンタックス,35mm zoom compact,35mmズームコンパクト,35mm,AF,fixed,Fixed lens,,,180,480,同系統の既知機種からの推定範囲。出品前に実測推奨,genre-estimate,D,expanded-compact-rangefinder-2026,compact-standard,270,220,325
pentaxpentaxespio150sl,camera,Pentax,Pentax Espio 150SL,Espio 150SL | Espio150SL | ペンタックス,35mm zoom compact,35mmズームコンパクト,35mm,AF,fixed,Fixed lens,,,180,480,同系統の既知機種からの推定範囲。出品前に実測推奨,genre-estimate,D,expanded-compact-rangefinder-2026,compact-standard,270,220,325
pentaxpentaxespio160,camera,Pentax,Pentax Espio 160,Espio 160 | Espio160 | ペンタックス,35mm zoom compact,35mmズームコンパクト,35mm,AF,fixed,Fixed lens,,,180,480,同系統の既知機種からの推定範囲。出品前に実測推奨,genre-estimate,D,expanded-compact-rangefinder-2026,compact-standard,270,220,325
pentaxpentaxespio170sl,camera,Pentax,Pentax Espio 170SL,Espio 170SL | Espio170SL | ペンタックス,35mm zoom compact,35mmズームコンパクト,35mm,AF,fixed,Fixed lens,,,180,480,同系統の既知機種からの推定範囲。出品前に実測推奨,genre-estimate,D,expanded-compact-rangefinder-2026,compact-standard,270,220,325
pentaxpentaxespio24ew,camera,Pentax,Pentax Espio 24EW,Espio 24EW | Espio24EW | ペンタックス,35mm zoom compact,35mmズームコンパクト,35mm,AF,fixed,Fixed lens,,,180,480,同系統の既知機種からの推定範囲。出品前に実測推奨,genre-estimate,D,expanded-compact-rangefinder-2026,compact-standard,270,220,325
pentaxpentaxespio60v,camera,Pentax,Pentax Espio 60V,Asahi Pentax | Honeywell Pentax | ペンタックス,35mm AF compact,35mm AFコンパクト,35mm,AF,fixed,Fixed lens,,,160,390,同ジャンルの既知機種からの推定範囲,genre-estimate,D,open-model-catalog,compact-standard,270,220,325
pentaxpentaxespio738,camera,Pentax,Pentax Espio 738,Espio 738 | Espio738 | ペンタックス,35mm zoom compact,35mmズームコンパクト,35mm,AF,fixed,Fixed lens,,,180,480,同系統の既知機種からの推定範囲。出品前に実測推奨,genre-estimate,D,expanded-compact-rangefinder-2026,compact-standard,270,220,325
pentaxpentaxespio738g,camera,Pentax,Pentax Espio 738G,Asahi Pentax | Honeywell Pentax | ペンタックス,35mm AF compact,35mm AFコンパクト,35mm,AF,fixed,Fixed lens,,,160,390,同ジャンルの既知機種からの推定範囲,genre-estimate,D,open-model-catalog,compact-standard,270,220,325
pentaxpentaxespio738s,camera,Pentax,Pentax Espio 738S,Espio 738S | Espio738S | ペンタックス,35mm zoom compact,35mmズームコンパクト,35mm,AF,fixed,Fixed lens,,,180,480,同系統の既知機種からの推定範囲。出品前に実測推奨,genre-estimate,D,expanded-compact-rangefinder-2026,compact-standard,270,220,325
pentaxpentaxespio80,camera,Pentax,Pentax Espio 80,Espio 80 | Espio80 | ペンタックス,35mm zoom compact,35mmズームコンパクト,35mm,AF,fixed,Fixed lens,,,180,480,同系統の既知機種からの推定範囲。出品前に実測推奨,genre-estimate,D,expanded-compact-rangefinder-2026,compact-standard,270,220,325
pentaxpentaxespio80v,camera,Pentax,Pentax Espio 80V,Espio 80V | Espio80V | ペンタックス,35mm zoom compact,35mmズームコンパクト,35mm,AF,fixed,Fixed lens,,,180,480,同系統の既知機種からの推定範囲。出品前に実測推奨,genre-estimate,D,expanded-compact-rangefinder-2026,compact-standard,270,220,325
pentaxpentaxespio838g,camera,Pentax,Pentax Espio 838G,Asahi Pentax | Honeywell Pentax | ペンタックス,35mm AF compact,35mm AFコンパクト,35mm,AF,fixed,Fixed lens,,,160,390,同ジャンルの既知機種からの推定範囲,genre-estimate,D,open-model-catalog,compact-standard,270,220,325
pentaxpentaxespio90mc,camera,Pentax,Pentax Espio 90MC,Espio 90MC | Espio90MC | ペンタックス,35mm zoom compact,35mmズームコンパクト,35mm,AF,fixed,Fixed lens,,,180,480,同系統の既知機種からの推定範囲。出品前に実測推奨,genre-estimate,D,expanded-compact-rangefinder-2026,compact-standard,270,220,325
pentaxpentaxespio928,camera,Pentax,Pentax Espio 928,Asahi Pentax | Honeywell Pentax | ペンタックス,35mm AF compact,35mm AFコンパクト,35mm,AF,fixed,Fixed lens,,,160,390,同ジャンルの既知機種からの推定範囲,genre-estimate,D,open-model-catalog,compact-standard,270,220,325
pentaxpentaxespio928m,camera,Pentax,Pentax Espio 928M,Espio 928M | Espio928M | ペンタックス,35mm zoom compact,35mmズームコンパクト,35mm,AF,fixed,Fixed lens,,,180,480,同系統の既知機種からの推定範囲。出品前に実測推奨,genre-estimate,D,expanded-compact-rangefinder-2026,compact-standard,270,220,325
pentaxpentaxespiomini,camera,Pentax,Pentax Espio Mini,Asahi Pentax | Honeywell Pentax | UC-1 | ペンタックス,Premium 35mm compact,高級35mmコンパクト,35mm,AF,fixed,Fixed lens,1994,190,190,190,without battery,reference,B,compiled-specs,compact-slim,215,175,260
pentaxpentaxhdpentaxdfa28105mmf3556eddcwr,lens,Pentax,Pentax HD Pentax-D FA 28-105mm F3.5-5.6 ED DC WR,Asahi Pentax | Honeywell Pentax | ペンタックス,35mm manual-focus lens,35mm MFレンズ,35mm,MF,lens,Pentax K,2016,,165,250,同ジャンルの既知機種からの推定範囲,genre-estimate,D,open-model-catalog,lens-small,210,165,260
pentaxpentaxhdpentaxdfa70200mmf28eddcaw,lens,Pentax,Pentax HD Pentax-D FA* 70-200mm F2.8 ED DC AW,Asahi Pentax | Honeywell Pentax | ペンタックス,35mm manual-focus lens,35mm MFレンズ,35mm,MF,lens,Pentax K,2016,,165,250,同ジャンルの既知機種からの推定範囲,genre-estimate,D,open-model-catalog,lens-small,210,165,260
pentaxpentaxiqzoom115,camera,Pentax,Pentax IQZoom 115,IQZoom 115 | IQZoom115 | ペンタックス,35mm zoom compact,35mmズームコンパクト,35mm,AF,fixed,Fixed lens,,,180,480,同系統の既知機種からの推定範囲。出品前に実測推奨,genre-estimate,D,expanded-compact-rangefinder-2026,compact-standard,270,220,325
pentaxpentaxiqzoom140m,camera,Pentax,Pentax IQZoom 140M,IQZoom 140M | IQZoom140M | ペンタックス,35mm zoom compact,35mmズームコンパクト,35mm,AF,fixed,Fixed lens,,,180,480,同系統の既知機種からの推定範囲。出品前に実測推奨,genre-estimate,D,expanded-compact-rangefinder-2026,compact-standard,270,220,325
pentaxpentaxiqzoom90mc,camera,Pentax,Pentax IQZoom 90MC,IQZoom 90MC | IQZoom90MC | ペンタックス,35mm zoom compact,35mmズームコンパクト,35mm,AF,fixed,Fixed lens,,,180,480,同系統の既知機種からの推定範囲。出品前に実測推奨,genre-estimate,D,expanded-compact-rangefinder-2026,compact-standard,270,220,325
pentaxpentaxiqzoomezy,camera,Pentax,Pentax IQZoom EZY,IQZoom EZY | IQZoomEZY | ペンタックス,35mm zoom compact,35mmズームコンパクト,35mm,AF,fixed,Fixed lens,,,180,480,同系統の既知機種からの推定範囲。出品前に実測推奨,genre-estimate,D,expanded-compact-rangefinder-2026,compact-standard,270,220,325
pentaxpentaxk1000,camera,Pentax,Pentax K1000,Asahi Pentax | Honeywell Pentax | K1000 | ペンタックス,35mm MF SLR,35mm一眼レフ（MF）,35mm,MF,interchangeable,Pentax K,1976,620,620,620,body only,reference,B,compiled-specs,camera-body,350,290,425
pentaxpentaxk2,camera,Pentax,Pentax K2,Asahi Pentax | Honeywell Pentax | K2 | ペンタックス,35mm MF SLR,35mm一眼レフ（MF）,35mm,MF,interchangeable,Pentax K,1975,680,680,680,body only,reference,C,published-secondary,camera-body,350,290,425
pentaxpentaxkm,camera,Pentax,Pentax KM,Asahi Pentax | Honeywell Pentax | KM | ペンタックス,35mm MF SLR,35mm一眼レフ（MF）,35mm,MF,interchangeable,Pentax K,1975,622,622,622,body only,reference,B,compiled-specs,camera-body,350,290,425
pentaxpentaxkx,camera,Pentax,Pentax KX,Asahi Pentax | Honeywell Pentax | KX | ペンタックス,35mm MF SLR,35mm一眼レフ（MF）,35mm,MF,interchangeable,Pentax K,1975,631,631,631,body only,reference,B,compiled-specs,camera-body,350,290,425
pentaxpentaxlx,camera,Pentax,Pentax LX,Asahi Pentax | Honeywell Pentax | LX | ペンタックス,35mm MF SLR,35mm一眼レフ（MF）,35mm,MF,interchangeable,Pentax K,1980,570,570,570,body only,reference,B,compiled-specs,camera-body,350,290,425
pentaxpentaxme,camera,Pentax,Pentax ME,Asahi Pentax | Honeywell Pentax | ME | ペンタックス | Pentax ME F | Pentax ME-SE,35mm MF SLR,35mm一眼レフ（MF）,35mm,MF,interchangeable,Pentax K,1976,460,460,460,body only,reference,B,compiled-specs,camera-body,350,290,425
pentaxpentaxmesuper,camera,Pentax,Pentax ME Super,Asahi Pentax | Honeywell Pentax | ME Super | ペンタックス | Pentax ME Super SE,35mm MF SLR,35mm一眼レフ（MF）,35mm,MF,interchangeable,Pentax K,1979,460,460,460,body only,reference,B,compiled-specs,camera-body,350,290,425
pentaxpentaxmg,camera,Pentax,Pentax MG,Asahi Pentax | Honeywell Pentax | MG | ペンタックス,35mm MF SLR,35mm一眼レフ（MF）,35mm,MF,interchangeable,Pentax K,1982,423,423,423,body only,reference,C,published-secondary,camera-body,350,290,425
pentaxpentaxmotordrivelx,accessory,Pentax,Pentax Motor Drive LX,Asahi Pentax | Honeywell Pentax | Motor Drive LX | ペンタックス,Motor drive / winder,モータードライブ・ワインダー,accessory,,,,1980,480,480,480,without batteries,reference,B,compiled-specs,accessory-box,145,110,190
pentaxpentaxmv,camera,Pentax,Pentax MV,Asahi Pentax | Honeywell Pentax | MV | ペンタックス,35mm MF SLR,35mm一眼レフ（MF）,35mm,MF,interchangeable,Pentax K,1979,425,425,425,body only,reference,C,published-secondary,camera-body,350,290,425
pentaxpentaxmv1,camera,Pentax,Pentax MV-1,Asahi Pentax | Honeywell Pentax | MV1 | ペンタックス,35mm MF SLR,35mm一眼レフ（MF）,35mm,MF,interchangeable,Pentax K,1980,425,425,425,body only,reference,C,published-secondary,camera-body,350,290,425
pentaxpentaxmx,camera,Pentax,Pentax MX,Asahi Pentax | Honeywell Pentax | MX | ペンタックス,35mm MF SLR,35mm一眼レフ（MF）,35mm,MF,interchangeable,Pentax K,1976,495,495,495,body only,reference,B,compiled-specs,camera-body,350,290,425
pentaxpentaxmz10,camera,Pentax,Pentax MZ-10,Asahi Pentax | Honeywell Pentax | ZX-10 | ペンタックス,35mm AF SLR,35mm一眼レフ（AF）,35mm,AF,interchangeable,Pentax K,1996,420,420,420,body without batteries,reference,C,published-secondary,camera-body,350,290,425
pentaxpentaxmz3,camera,Pentax,Pentax MZ-3,Asahi Pentax | Honeywell Pentax | ZX-5N | ペンタックス | Pentax ZX-30 aka Pentax MZ-30 | Pentax ZX-5N,35mm AF SLR,35mm一眼レフ（AF）,35mm,AF,interchangeable,Pentax K,1997,380,380,380,body without batteries,reference,C,published-secondary,camera-body,350,290,425
pentaxpentaxmz30,camera,Pentax,Pentax MZ-30,Asahi Pentax | Honeywell Pentax | ZX-30 | ペンタックス,35mm AF SLR,35mm一眼レフ（AF）,35mm,AF,interchangeable,Pentax K,2000,400,400,400,body without batteries,reference,C,published-secondary,camera-body,350,290,425
pentaxpentaxmz5,camera,Pentax,Pentax MZ-5,Asahi Pentax | Honeywell Pentax | ZX-5 | ペンタックス | Pentax ZX-50 aka Pentax MZ-50 | Pentax MZ-50 | Pentax MZ-5n,35mm AF SLR,35mm一眼レフ（AF）,35mm,AF,interchangeable,Pentax K,1995,400,400,400,body only,reference,B,compiled-specs,camera-body,350,290,425
pentaxpentaxmz6,camera,Pentax,Pentax MZ-6,Asahi Pentax | Honeywell Pentax | ZX-L | ペンタックス | Pentax ZX-60 aka Pentax MZ-60,35mm AF SLR,35mm一眼レフ（AF）,35mm,AF,interchangeable,Pentax K,2001,400,400,400,body without batteries,reference,C,published-secondary,camera-body,350,290,425
pentaxpentaxmz60,camera,Pentax,Pentax MZ-60,Asahi Pentax | Honeywell Pentax | ZX-60 | ペンタックス,35mm AF SLR,35mm一眼レフ（AF）,35mm,AF,interchangeable,Pentax K,2002,325,325,325,body without batteries,reference,C,published-secondary,camera-body,350,290,425
pentaxpentaxmz7,camera,Pentax,Pentax MZ-7,Asahi Pentax | Honeywell Pentax | ZX-7 | ペンタックス | Pentax ZX-7 aka Pentax MZ-7,35mm AF SLR,35mm一眼レフ（AF）,35mm,AF,interchangeable,Pentax K,1999,395,395,395,body without batteries,reference,C,published-secondary,camera-body,350,290,425
pentaxpentaxmzm,camera,Pentax,Pentax MZ-M,Asahi Pentax | Honeywell Pentax | ZX-M | ペンタックス | Pentax ZX-M aka Pentax MZ-M,35mm MF SLR,35mm一眼レフ（MF）,35mm,MF,interchangeable,Pentax K,1997,400,400,400,body without batteries,reference,C,published-secondary,camera-body,350,290,425
pentaxpentaxmzs,camera,Pentax,Pentax MZ-S,Asahi Pentax | Honeywell Pentax | MZ-S | ペンタックス,35mm AF SLR,35mm一眼レフ（AF）,35mm,AF,interchangeable,Pentax K,2001,520,520,520,body only,reference,B,compiled-specs,camera-body,350,290,425
pentaxpentaxp30,camera,Pentax,Pentax P30,Asahi Pentax | Honeywell Pentax | P3 | ペンタックス | Pentax P30t | Pentax P3n aka Pentax P30n | Pentax P3 aka Pentax P30,35mm MF SLR,35mm一眼レフ（MF）,35mm,MF,interchangeable,Pentax K,1985,500,500,500,body only,reference,B,compiled-specs,camera-body,350,290,425
pentaxpentaxp5,camera,Pentax,Pentax P5,Asahi Pentax | Honeywell Pentax | P50 | ペンタックス | Pentax P5 aka Pentax P50,35mm MF SLR,35mm一眼レフ（MF）,35mm,MF,interchangeable,Pentax K,1986,525,525,525,body without batteries,reference,C,published-secondary,camera-body,350,290,425
pentaxpentaxpc555,camera,Pentax,Pentax PC-555,PC-555 | PC 555 | ペンタックス,35mm AF compact,35mm AFコンパクト,35mm,AF,fixed,Fixed lens,,,160,430,同系統の既知機種からの推定範囲。出品前に実測推奨,genre-estimate,D,expanded-compact-rangefinder-2026,compact-standard,270,220,325
pentaxpentaxpc606w,camera,Pentax,Pentax PC-606W,PC-606W | PC 606W | ペンタックス,35mm AF compact,35mm AFコンパクト,35mm,AF,fixed,Fixed lens,,,160,430,同系統の既知機種からの推定範囲。出品前に実測推奨,genre-estimate,D,expanded-compact-rangefinder-2026,compact-standard,270,220,325
pentaxpentaxpc35af,camera,Pentax,Pentax PC35AF,Asahi Pentax | Honeywell Pentax | PC35AF | ペンタックス,35mm AF compact,35mm AFコンパクト,35mm,AF,fixed,Fixed lens,1982,305,305,305,without batteries,reference,B,compiled-specs,compact-standard,270,220,325
pentaxpentaxpc35afm,camera,Pentax,Pentax PC35AF-M,PC35AF-M | PC35AF M | ペンタックス,35mm AF compact,35mm AFコンパクト,35mm,AF,fixed,Fixed lens,,,160,430,同系統の既知機種からの推定範囲。出品前に実測推奨,genre-estimate,D,expanded-compact-rangefinder-2026,compact-standard,270,220,325
pentaxpentaxpc35afmse,camera,Pentax,Pentax PC35AF-M SE,PC35AF-M SE | PC35AF M SE | PC35AF-MSE | ペンタックス,35mm AF compact,35mm AFコンパクト,35mm,AF,fixed,Fixed lens,,,160,430,同系統の既知機種からの推定範囲。出品前に実測推奨,genre-estimate,D,expanded-compact-rangefinder-2026,compact-standard,270,220,325
pentaxpentaxpentaxdfa64555mmf28alifsdmaw,lens,Pentax,Pentax Pentax-D FA 645 55mm f/2.8 AL[IF] SDM AW,Asahi Pentax | Honeywell Pentax | ペンタックス,Medium-format lens,中判レンズ,120,MF,lens,Pentax 645AF2,2012,,460,610,同ジャンルの既知機種からの推定範囲,genre-estimate,D,open-model-catalog,lens-medium,315,255,385
pentaxpentaxprograma,camera,Pentax,Pentax Program A,Asahi Pentax | Honeywell Pentax | Program Plus | ペンタックス | Pentax Program Plus,35mm MF SLR,35mm一眼レフ（MF）,35mm,MF,interchangeable,Pentax K,1984,520,520,520,body only,reference,B,compiled-specs,camera-body,350,290,425
pentaxpentaxpz10,camera,Pentax,Pentax PZ-10,Asahi Pentax | Honeywell Pentax | ペンタックス,35mm AF SLR,35mm一眼レフ（AF）,35mm,AF,interchangeable,Pentax KAF2,1991,,380,780,同ジャンルの既知機種からの推定範囲,genre-estimate,D,open-model-catalog,camera-body,350,290,425
pentaxpentaxpz1p,camera,Pentax,Pentax PZ-1p,Asahi Pentax | Honeywell Pentax | ペンタックス,35mm AF SLR,35mm一眼レフ（AF）,35mm,AF,interchangeable,Pentax KAF2,1994,,380,780,同ジャンルの既知機種からの推定範囲,genre-estimate,D,open-model-catalog,camera-body,350,290,425
pentaxpentaxpz70,camera,Pentax,Pentax PZ-70,Asahi Pentax | Honeywell Pentax | Pentax Z-70P | ペンタックス,35mm AF SLR,35mm一眼レフ（AF）,35mm,AF,interchangeable,Pentax KAF2,1993,,380,780,同ジャンルの既知機種からの推定範囲,genre-estimate,D,open-model-catalog,camera-body,350,290,425
pentaxpentaxsf10,camera,Pentax,Pentax SF-10,Asahi Pentax | Honeywell Pentax | SFXn | ペンタックス,35mm AF SLR,35mm一眼レフ（AF）,35mm,AF,interchangeable,Pentax K,1988,590,590,590,body without batteries,reference,C,published-secondary,camera-body,350,290,425
pentaxpentaxsf1,camera,Pentax,Pentax SF1,Asahi Pentax | Honeywell Pentax | SFX | ペンタックス | Pentax SF1n aka SFXn | Pentax SF1 aka Pentax SFX,35mm AF SLR,35mm一眼レフ（AF）,35mm,AF,interchangeable,Pentax K,1987,665,665,665,body without batteries,reference,C,published-secondary,camera-body,350,290,425
pentaxpentaxsf1n,camera,Pentax,Pentax SF1n,Asahi Pentax | Honeywell Pentax | SFXn | ペンタックス,35mm AF SLR,35mm一眼レフ（AF）,35mm,AF,interchangeable,Pentax K,1988,665,665,665,body without batteries,reference,C,published-secondary,camera-body,350,290,425
pentaxpentaxsmc100mmf4bellows,lens,Pentax,Pentax smc 100mm f/4 Bellows,Asahi Pentax | Honeywell Pentax | ペンタックス,35mm manual-focus lens,35mm MFレンズ,35mm,MF,lens,Pentax K,1977,,165,250,同ジャンルの既知機種からの推定範囲,genre-estimate,D,open-model-catalog,lens-small,210,165,260
pentaxpentaxsmc105mmf28,lens,Pentax,Pentax smc 105mm f/2.8,Asahi Pentax | Honeywell Pentax | ペンタックス,35mm manual-focus lens,35mm MFレンズ,35mm,MF,lens,Pentax K,1975,,165,250,同ジャンルの既知機種からの推定範囲,genre-estimate,D,open-model-catalog,lens-small,210,165,260
pentaxpentaxsmc17mmf4fisheye,lens,Pentax,Pentax smc 17mm f/4 Fish-Eye,Asahi Pentax | Honeywell Pentax | ペンタックス,35mm manual-focus lens,35mm MFレンズ,35mm,MF,lens,Pentax K,,,165,250,同ジャンルの既知機種からの推定範囲,genre-estimate,D,open-model-catalog,lens-small,210,165,260
pentaxpentaxsmc200mmf4,lens,Pentax,Pentax smc 200mm f/4,Asahi Pentax | Honeywell Pentax | ペンタックス,35mm manual-focus lens,35mm MFレンズ,35mm,MF,lens,Pentax K,1975,,165,250,同ジャンルの既知機種からの推定範囲,genre-estimate,D,open-model-catalog,lens-small,210,165,260
pentaxpentaxsmc24mmf28,lens,Pentax,Pentax smc 24mm f/2.8,Asahi Pentax | Honeywell Pentax | ペンタックス,35mm manual-focus lens,35mm MFレンズ,35mm,MF,lens,Pentax K,1977,,165,250,同ジャンルの既知機種からの推定範囲,genre-estimate,D,open-model-catalog,lens-small,210,165,260
pentaxpentaxsmc28mmf35shift,lens,Pentax,Pentax smc 28mm f/3.5 Shift,Asahi Pentax | Honeywell Pentax | ペンタックス,35mm manual-focus lens,35mm MFレンズ,35mm,MF,lens,Pentax K,1977,,165,250,同ジャンルの既知機種からの推定範囲,genre-estimate,D,open-model-catalog,lens-small,210,165,260
pentaxpentaxsmc300mmf4,lens,Pentax,Pentax smc 300mm f/4,Asahi Pentax | Honeywell Pentax | ペンタックス,35mm manual-focus lens,35mm MFレンズ,35mm,MF,lens,Pentax K,1977,,165,250,同ジャンルの既知機種からの推定範囲,genre-estimate,D,open-model-catalog,lens-small,210,165,260
pentaxpentaxsmc45125mmf4,lens,Pentax,Pentax smc 45-125mm f/4,Asahi Pentax | Honeywell Pentax | ペンタックス,35mm manual-focus lens,35mm MFレンズ,35mm,MF,lens,Pentax K,1977,,165,250,同ジャンルの既知機種からの推定範囲,genre-estimate,D,open-model-catalog,lens-small,210,165,260
pentaxpentaxsmc500mmf45,lens,Pentax,Pentax smc 500mm f/4.5,Asahi Pentax | Honeywell Pentax | ペンタックス,35mm manual-focus lens,35mm MFレンズ,35mm,MF,lens,Pentax K,1977,,165,250,同ジャンルの既知機種からの推定範囲,genre-estimate,D,open-model-catalog,lens-small,210,165,260
pentaxpentaxsmc50mmf14,lens,Pentax,Pentax smc 50mm f/1.4,Asahi Pentax | Honeywell Pentax | ペンタックス,35mm manual-focus lens,35mm MFレンズ,35mm,MF,lens,Pentax K,,,165,250,同ジャンルの既知機種からの推定範囲,genre-estimate,D,open-model-catalog,lens-small,210,165,260
pentaxpentaxsmcdfamacro100mmf28wr,lens,Pentax,Pentax smc D FA Macro 100mm F/2.8 WR,Asahi Pentax | Honeywell Pentax | ペンタックス,35mm manual-focus lens,35mm MFレンズ,35mm,MF,lens,,2011,,165,250,同ジャンルの既知機種からの推定範囲,genre-estimate,D,open-model-catalog,lens-small,210,165,260
pentaxpentaxsmcfa645120mmf4macrolens,lens,Pentax,Pentax smc FA 645 120mm f/4 Macro Lens,Asahi Pentax | Honeywell Pentax | ペンタックス,Medium-format lens,中判レンズ,120,MF,lens,Pentax 645AF2,2011,,460,610,同ジャンルの既知機種からの推定範囲,genre-estimate,D,open-model-catalog,lens-medium,315,255,385
pentaxpentaxsmcpa2450mmf4,lens,Pentax,Pentax smc P-A 24-50mm f/4,Asahi Pentax | Honeywell Pentax | ペンタックス,35mm manual-focus lens,35mm MFレンズ,35mm,MF,lens,Pentax K,1984,,165,250,同ジャンルの既知機種からの推定範囲,genre-estimate,D,open-model-catalog,lens-small,210,165,260
pentaxpentaxsmcpa28135mmf4,lens,Pentax,Pentax smc P-A 28-135mm f/4,Asahi Pentax | Honeywell Pentax | ペンタックス,35mm manual-focus lens,35mm MFレンズ,35mm,MF,lens,Pentax K,1984,,165,250,同ジャンルの既知機種からの推定範囲,genre-estimate,D,open-model-catalog,lens-small,210,165,260
pentaxpentaxsmcpa28mmf28,lens,Pentax,Pentax smc P-A 28mm f/2.8,Asahi Pentax | Honeywell Pentax | ペンタックス,35mm manual-focus lens,35mm MFレンズ,35mm,MF,lens,Pentax K,1984,,165,250,同ジャンルの既知機種からの推定範囲,genre-estimate,D,open-model-catalog,lens-small,210,165,260
pentaxpentaxsmcpa3580mmf456,lens,Pentax,Pentax smc P-A 35-80mm f/4-5.6,Asahi Pentax | Honeywell Pentax | ペンタックス,35mm manual-focus lens,35mm MFレンズ,35mm,MF,lens,Pentax K,1995,,165,250,同ジャンルの既知機種からの推定範囲,genre-estimate,D,open-model-catalog,lens-small,210,165,260
pentaxpentaxsmcpa50mmf14,lens,Pentax,Pentax smc P-A 50mm f/1.4,Asahi Pentax | Honeywell Pentax | ペンタックス,35mm manual-focus lens,35mm MFレンズ,35mm,MF,lens,Pentax K,1984,,165,250,同ジャンルの既知機種からの推定範囲,genre-estimate,D,open-model-catalog,lens-small,210,165,260
pentaxpentaxsmcpa50mmf17,lens,Pentax,Pentax smc P-A 50mm f/1.7,Asahi Pentax | Honeywell Pentax | ペンタックス,35mm manual-focus lens,35mm MFレンズ,35mm,MF,lens,,1984,,165,250,同ジャンルの既知機種からの推定範囲,genre-estimate,D,open-model-catalog,lens-small,210,165,260
pentaxpentaxsmcpa50mmf2,lens,Pentax,Pentax smc P-A 50mm f/2,Asahi Pentax | Honeywell Pentax | ペンタックス,35mm manual-focus lens,35mm MFレンズ,35mm,MF,lens,Pentax K,1985,,165,250,同ジャンルの既知機種からの推定範囲,genre-estimate,D,open-model-catalog,lens-small,210,165,260
pentaxpentaxsmcpa80200mmf4756,lens,Pentax,Pentax smc P-A 80-200mm f/4.7-5.6,Asahi Pentax | Honeywell Pentax | ペンタックス,35mm manual-focus lens,35mm MFレンズ,35mm,MF,lens,Pentax K,1995,,165,250,同ジャンルの既知機種からの推定範囲,genre-estimate,D,open-model-catalog,lens-small,210,165,260
pentaxpentaxsmcpdfa100mmf28macro,lens,Pentax,Pentax smc P-D FA 100mm f/2.8 Macro,Asahi Pentax | Honeywell Pentax | ペンタックス,35mm manual-focus lens,35mm MFレンズ,35mm,MF,lens,,2004,,165,250,同ジャンルの既知機種からの推定範囲,genre-estimate,D,open-model-catalog,lens-small,210,165,260
pentaxpentaxsmcpdfa50mmf28macro,lens,Pentax,Pentax smc P-D FA 50mm f/2.8 Macro,Asahi Pentax | Honeywell Pentax | ペンタックス,35mm manual-focus lens,35mm MFレンズ,35mm,MF,lens,,2004,,165,250,同ジャンルの既知機種からの推定範囲,genre-estimate,D,open-model-catalog,lens-small,210,165,260
pentaxpentaxsmcpf2880mmf3545macro,lens,Pentax,Pentax smc P-F 28-80mm f/3.5-4.5 Macro,Asahi Pentax | Honeywell Pentax | ペンタックス,35mm manual-focus lens,35mm MFレンズ,35mm,MF,lens,Pentax KAF,,,165,250,同ジャンルの既知機種からの推定範囲,genre-estimate,D,open-model-catalog,lens-small,210,165,260
pentaxpentaxsmcpf35105mmf456,lens,Pentax,Pentax smc P-F 35-105mm f/4-5.6,Asahi Pentax | Honeywell Pentax | ペンタックス,35mm manual-focus lens,35mm MFレンズ,35mm,MF,lens,Pentax KAF,,,165,250,同ジャンルの既知機種からの推定範囲,genre-estimate,D,open-model-catalog,lens-small,210,165,260
pentaxpentaxsmcpf3580mmf456,lens,Pentax,Pentax smc P-F 35-80mm f/4-5.6,Asahi Pentax | Honeywell Pentax | ペンタックス,35mm manual-focus lens,35mm MFレンズ,35mm,MF,lens,Pentax KAF,1994,,165,250,同ジャンルの既知機種からの推定範囲,genre-estimate,D,open-model-catalog,lens-small,210,165,260
pentaxpentaxsmcpfa100300mmf4556,lens,Pentax,Pentax smc P-FA 100-300mm f/4.5-5.6,Asahi Pentax | Honeywell Pentax | ペンタックス,35mm manual-focus lens,35mm MFレンズ,35mm,MF,lens,Pentax KAF,1991,,165,250,同ジャンルの既知機種からの推定範囲,genre-estimate,D,open-model-catalog,lens-small,210,165,260
pentaxpentaxsmcpfa100300mmf4758,lens,Pentax,Pentax smc P-FA 100-300mm f/4.7-5.8,Asahi Pentax | Honeywell Pentax | ペンタックス,35mm manual-focus lens,35mm MFレンズ,35mm,MF,lens,,2000,,165,250,同ジャンルの既知機種からの推定範囲,genre-estimate,D,open-model-catalog,lens-small,210,165,260
pentaxpentaxsmcpfa135mmf28if,lens,Pentax,Pentax smc P-FA 135mm f/2.8 IF,Asahi Pentax | Honeywell Pentax | ペンタックス,35mm manual-focus lens,35mm MFレンズ,35mm,MF,lens,Pentax KAF2,1991,,165,250,同ジャンルの既知機種からの推定範囲,genre-estimate,D,open-model-catalog,lens-small,210,165,260
pentaxpentaxsmcpfa2035mmf4al,lens,Pentax,Pentax smc P-FA 20-35mm f/4 AL,Asahi Pentax | Honeywell Pentax | ペンタックス,35mm manual-focus lens,35mm MFレンズ,35mm,MF,lens,,1998,,165,250,同ジャンルの既知機種からの推定範囲,genre-estimate,D,open-model-catalog,lens-small,210,165,260
pentaxpentaxsmcpfa20mmf28,lens,Pentax,Pentax smc P-FA 20mm f/2.8,Asahi Pentax | Honeywell Pentax | ペンタックス,35mm manual-focus lens,35mm MFレンズ,35mm,MF,lens,,1995,,165,250,同ジャンルの既知機種からの推定範囲,genre-estimate,D,open-model-catalog,lens-small,210,165,260
pentaxpentaxsmcpfa2490mmf3545alif,lens,Pentax,Pentax smc P-FA 24-90mm f/3.5-4.5 AL IF,Asahi Pentax | Honeywell Pentax | ペンタックス,35mm manual-focus lens,35mm MFレンズ,35mm,MF,lens,,2001,,165,250,同ジャンルの既知機種からの推定範囲,genre-estimate,D,open-model-catalog,lens-small,210,165,260
pentaxpentaxsmcpfa28105mmf456,lens,Pentax,Pentax smc P-FA 28-105mm f/4-5.6,Asahi Pentax | Honeywell Pentax | ペンタックス,35mm manual-focus lens,35mm MFレンズ,35mm,MF,lens,Pentax K,1991,,165,250,同ジャンルの既知機種からの推定範囲,genre-estimate,D,open-model-catalog,lens-small,210,165,260
pentaxpentaxsmcpfa2870mmf4al,lens,Pentax,Pentax smc P-FA 28-70mm f/4 AL,Asahi Pentax | Honeywell Pentax | ペンタックス,35mm manual-focus lens,35mm MFレンズ,35mm,MF,lens,Pentax K,1995,,165,250,同ジャンルの既知機種からの推定範囲,genre-estimate,D,open-model-catalog,lens-small,210,165,260
pentaxpentaxsmcpfa2880mmf3556,lens,Pentax,Pentax smc P-FA 28-80mm f/3.5-5.6,Asahi Pentax | Honeywell Pentax | ペンタックス,35mm manual-focus lens,35mm MFレンズ,35mm,MF,lens,,1998,,165,250,同ジャンルの既知機種からの推定範囲,genre-estimate,D,open-model-catalog,lens-small,210,165,260
pentaxpentaxsmcpfa2890mmf3556,lens,Pentax,Pentax smc P-FA 28-90mm f/3.5-5.6,Asahi Pentax | Honeywell Pentax | ペンタックス,35mm manual-focus lens,35mm MFレンズ,35mm,MF,lens,,2001,,165,250,同ジャンルの既知機種からの推定範囲,genre-estimate,D,open-model-catalog,lens-small,210,165,260
pentaxpentaxsmcpfa28mmf28al,lens,Pentax,Pentax smc P-FA 28mm f/2.8 AL,Asahi Pentax | Honeywell Pentax | ペンタックス,35mm manual-focus lens,35mm MFレンズ,35mm,MF,lens,,1991,,165,250,同ジャンルの既知機種からの推定範囲,genre-estimate,D,open-model-catalog,lens-small,210,165,260
pentaxpentaxsmcpfa31mmf18allimited,lens,Pentax,Pentax smc P-FA 31mm f/1.8 AL Limited,Asahi Pentax | Honeywell Pentax | ペンタックス,35mm manual-focus lens,35mm MFレンズ,35mm,MF,lens,,2001,,165,250,同ジャンルの既知機種からの推定範囲,genre-estimate,D,open-model-catalog,lens-small,210,165,260
pentaxpentaxsmcpfa35mmf2al,lens,Pentax,Pentax smc P-FA 35mm f/2 AL,Asahi Pentax | Honeywell Pentax | ペンタックス,35mm manual-focus lens,35mm MFレンズ,35mm,MF,lens,,1999,,165,250,同ジャンルの既知機種からの推定範囲,genre-estimate,D,open-model-catalog,lens-small,210,165,260
pentaxpentaxsmcpfa43mmf19limited,lens,Pentax,Pentax smc P-FA 43mm f/1.9 Limited,Asahi Pentax | Honeywell Pentax | ペンタックス,35mm manual-focus lens,35mm MFレンズ,35mm,MF,lens,,1997,,165,250,同ジャンルの既知機種からの推定範囲,genre-estimate,D,open-model-catalog,lens-small,210,165,260
pentaxpentaxsmcpfa70200mmf456,lens,Pentax,Pentax smc P-FA 70-200mm f/4-5.6,Asahi Pentax | Honeywell Pentax | ペンタックス,35mm manual-focus lens,35mm MFレンズ,35mm,MF,lens,Pentax KAF,1991,,165,250,同ジャンルの既知機種からの推定範囲,genre-estimate,D,open-model-catalog,lens-small,210,165,260
pentaxpentaxsmcpfa77mmf18limited,lens,Pentax,Pentax smc P-FA 77mm f/1.8 Limited,Asahi Pentax | Honeywell Pentax | ペンタックス,35mm manual-focus lens,35mm MFレンズ,35mm,MF,lens,,1999,,165,250,同ジャンルの既知機種からの推定範囲,genre-estimate,D,open-model-catalog,lens-small,210,165,260
pentaxpentaxsmcpfa80320f4556,lens,Pentax,Pentax smc P-FA 80-320 f/4.5-5.6,Asahi Pentax | Honeywell Pentax | ペンタックス,35mm manual-focus lens,35mm MFレンズ,35mm,MF,lens,,1997,,165,250,同ジャンルの既知機種からの推定範囲,genre-estimate,D,open-model-catalog,lens-small,210,165,260
pentaxpentaxsmcpfaj1835mmf4056al,lens,Pentax,Pentax smc P-FA J 18-35mm f/4.0-5.6 AL,Asahi Pentax | Honeywell Pentax | ペンタックス,35mm manual-focus lens,35mm MFレンズ,35mm,MF,lens,,2003,,165,250,同ジャンルの既知機種からの推定範囲,genre-estimate,D,open-model-catalog,lens-small,210,165,260
pentaxpentaxsmcpfaj2880mmf3556al,lens,Pentax,Pentax smc P-FA J 28-80mm f/3.5-5.6 AL,Asahi Pentax | Honeywell Pentax | ペンタックス,35mm manual-focus lens,35mm MFレンズ,35mm,MF,lens,,2003,,165,250,同ジャンルの既知機種からの推定範囲,genre-estimate,D,open-model-catalog,lens-small,210,165,260
pentaxpentaxsmcpfaj75300mmf4558al,lens,Pentax,Pentax smc P-FA J 75-300mm f/4.5-5.8 AL,Asahi Pentax | Honeywell Pentax | ペンタックス,35mm manual-focus lens,35mm MFレンズ,35mm,MF,lens,,2003,,165,250,同ジャンルの既知機種からの推定範囲,genre-estimate,D,open-model-catalog,lens-small,210,165,260
pentaxpentaxsmcpfa24mmf20alif,lens,Pentax,Pentax smc P-FA* 24mm f/2.0 AL IF,Asahi Pentax | Honeywell Pentax | ペンタックス,35mm manual-focus lens,35mm MFレンズ,35mm,MF,lens,,1991,,165,250,同ジャンルの既知機種からの推定範囲,genre-estimate,D,open-model-catalog,lens-small,210,165,260
pentaxpentaxsmcpfa250600mmf56,lens,Pentax,Pentax smc P-FA* 250-600mm f/5.6,Asahi Pentax | Honeywell Pentax | ペンタックス,35mm manual-focus lens,35mm MFレンズ,35mm,MF,lens,,1991,,165,250,同ジャンルの既知機種からの推定範囲,genre-estimate,D,open-model-catalog,lens-small,210,165,260
pentaxpentaxsmcpfa2870mmf28al,lens,Pentax,Pentax smc P-FA* 28-70mm f/2.8 AL,Asahi Pentax | Honeywell Pentax | ペンタックス,35mm manual-focus lens,35mm MFレンズ,35mm,MF,lens,,1993,,165,250,同ジャンルの既知機種からの推定範囲,genre-estimate,D,open-model-catalog,lens-small,210,165,260
pentaxpentaxsmcpfa400mmf56edif,lens,Pentax,Pentax smc P-FA* 400mm f/5.6 ED-IF,Asahi Pentax | Honeywell Pentax | ペンタックス,35mm manual-focus lens,35mm MFレンズ,35mm,MF,lens,,1997,,165,250,同ジャンルの既知機種からの推定範囲,genre-estimate,D,open-model-catalog,lens-small,210,165,260
pentaxpentaxsmcpfa80200mmf28edif,lens,Pentax,Pentax smc P-FA* 80-200mm f/2.8 ED IF,Asahi Pentax | Honeywell Pentax | ペンタックス,35mm manual-focus lens,35mm MFレンズ,35mm,MF,lens,,1994,,165,250,同ジャンルの既知機種からの推定範囲,genre-estimate,D,open-model-catalog,lens-small,210,165,260
pentaxpentaxsmcpm100mmf28,lens,Pentax,Pentax smc P-M 100mm f/2.8,Asahi Pentax | Honeywell Pentax | ペンタックス,35mm manual-focus lens,35mm MFレンズ,35mm,MF,lens,Pentax K,1977,,165,250,同ジャンルの既知機種からの推定範囲,genre-estimate,D,open-model-catalog,lens-small,210,165,260
pentaxpentaxsmcpm100mmf4macro,lens,Pentax,Pentax smc P-M 100mm f/4 Macro,Asahi Pentax | Honeywell Pentax | ペンタックス,35mm manual-focus lens,35mm MFレンズ,35mm,MF,lens,Pentax K,1977,,165,250,同ジャンルの既知機種からの推定範囲,genre-estimate,D,open-model-catalog,lens-small,210,165,260
pentaxpentaxsmcpm120mmf28,lens,Pentax,Pentax smc P-M 120mm f/2.8,Asahi Pentax | Honeywell Pentax | ペンタックス,35mm manual-focus lens,35mm MFレンズ,35mm,MF,lens,Pentax K,1977,,165,250,同ジャンルの既知機種からの推定範囲,genre-estimate,D,open-model-catalog,lens-small,210,165,260
pentaxpentaxsmcpm135mmf35,lens,Pentax,Pentax smc P-M 135mm f/3.5,Asahi Pentax | Honeywell Pentax | ペンタックス,35mm manual-focus lens,35mm MFレンズ,35mm,MF,lens,Pentax K,1977,,165,250,同ジャンルの既知機種からの推定範囲,genre-estimate,D,open-model-catalog,lens-small,210,165,260
pentaxpentaxsmcpm200mmf40,lens,Pentax,Pentax smc P-M 200mm f/4.0,Asahi Pentax | Honeywell Pentax | ペンタックス,35mm manual-focus lens,35mm MFレンズ,35mm,MF,lens,Pentax K,1977,,165,250,同ジャンルの既知機種からの推定範囲,genre-estimate,D,open-model-catalog,lens-small,210,165,260
pentaxpentaxsmcpm28mmf28,lens,Pentax,Pentax smc P-M 28mm f/2.8,Asahi Pentax | Honeywell Pentax | ペンタックス,35mm manual-focus lens,35mm MFレンズ,35mm,MF,lens,Pentax K,1977,,165,250,同ジャンルの既知機種からの推定範囲,genre-estimate,D,open-model-catalog,lens-small,210,165,260
pentaxpentaxsmcpm35mmf28,lens,Pentax,Pentax smc P-M 35mm f/2.8,Asahi Pentax | Honeywell Pentax | ペンタックス,35mm manual-focus lens,35mm MFレンズ,35mm,MF,lens,Pentax K,1977,,165,250,同ジャンルの既知機種からの推定範囲,genre-estimate,D,open-model-catalog,lens-small,210,165,260
pentaxpentaxsmcpm40mmf28,lens,Pentax,Pentax smc P-M 40mm f/2.8,Asahi Pentax | Honeywell Pentax | ペンタックス,35mm manual-focus lens,35mm MFレンズ,35mm,MF,lens,Pentax K,1976,,165,250,同ジャンルの既知機種からの推定範囲,genre-estimate,D,open-model-catalog,lens-small,210,165,260
pentaxpentaxsmcpm50mmf14,lens,Pentax,Pentax smc P-M 50mm f/1.4,Asahi Pentax | Honeywell Pentax | ペンタックス,35mm manual-focus lens,35mm MFレンズ,35mm,MF,lens,Pentax K,1978,,165,250,同ジャンルの既知機種からの推定範囲,genre-estimate,D,open-model-catalog,lens-small,210,165,260
pentaxpentaxsmcpm50mmf17,lens,Pentax,Pentax smc P-M 50mm f/1.7,Asahi Pentax | Honeywell Pentax | ペンタックス,35mm manual-focus lens,35mm MFレンズ,35mm,MF,lens,Pentax K,1976,,165,250,同ジャンルの既知機種からの推定範囲,genre-estimate,D,open-model-catalog,lens-small,210,165,260
pentaxpentaxsmcpm50mmf2,lens,Pentax,Pentax smc P-M 50mm f/2,Asahi Pentax | Honeywell Pentax | ペンタックス,35mm manual-focus lens,35mm MFレンズ,35mm,MF,lens,Pentax K,1979,,165,250,同ジャンルの既知機種からの推定範囲,genre-estimate,D,open-model-catalog,lens-small,210,165,260
pentaxpentaxsmcpm50mmf4macro,lens,Pentax,Pentax smc P-M 50mm f/4 Macro,Asahi Pentax | Honeywell Pentax | ペンタックス,35mm manual-focus lens,35mm MFレンズ,35mm,MF,lens,Pentax K,1977,,165,250,同ジャンルの既知機種からの推定範囲,genre-estimate,D,open-model-catalog,lens-small,210,165,260
pentaxpentaxsmcpm80200mmf45,lens,Pentax,Pentax smc P-M 80-200mm f/4.5,Asahi Pentax | Honeywell Pentax | ペンタックス,35mm manual-focus lens,35mm MFレンズ,35mm,MF,lens,Pentax K,1979,,165,250,同ジャンルの既知機種からの推定範囲,genre-estimate,D,open-model-catalog,lens-small,210,165,260
pentaxpentaxsmcpm85mmf2,lens,Pentax,Pentax smc P-M 85mm f/2,Asahi Pentax | Honeywell Pentax | ペンタックス,35mm manual-focus lens,35mm MFレンズ,35mm,MF,lens,Pentax K,1977,,165,250,同ジャンルの既知機種からの推定範囲,genre-estimate,D,open-model-catalog,lens-small,210,165,260
pentaxpentaxsmcpentaxdfa64555mmf28alifsdmaw,lens,Pentax,Pentax smc PENTAX-D FA 645 55mmF2.8 AL[IF] SDM AW,Asahi Pentax | Honeywell Pentax | ペンタックス,Medium-format lens,中判レンズ,120,MF,lens,Pentax 645AF2,2010,,460,610,同ジャンルの既知機種からの推定範囲,genre-estimate,D,open-model-catalog,lens-medium,315,255,385
pentaxpentaxsmcpentaxdfa64525mmf4alifsdmaw,lens,Pentax,Pentax smc PENTAX-D FA645 25mmF4AL[IF] SDM AW,Asahi Pentax | Honeywell Pentax | ペンタックス,Medium-format lens,中判レンズ,120,MF,lens,Pentax 645AF2,2011,,460,610,同ジャンルの既知機種からの推定範囲,genre-estimate,D,open-model-catalog,lens-medium,315,255,385
pentaxpentaxspotmatic,camera,Pentax,Pentax Spotmatic,"Asahi Pentax | Honeywell Pentax | Spotmatic SP | ペンタックス | Asahi Pentax Spotmatic SP1000 aka Asahi Pentax Spotmatic 1000, Honeywell Pentax Spotmatic SP 1000 | Asahi Pentax Spotmatic F aka Asahi Pentax SP-F, Honeywell Pentax Spotmatic F | Asahi Pentax Electro Spotmatic aka Asahi Pentax ES | Honeywell Pentax Spotmatic IIa | Asahi Pentax Spotmatic II aka Asahi Pentax SPII, Honeywell Pentax SPII | Asahi Pentax Spotmatic II Motor Drive | Asahi Pentax Spotmatic aka Asahi Pentax SP, Honeywell Pentax Spotmatic",35mm MF SLR,35mm一眼レフ（MF）,35mm,MF,interchangeable,M42,1964,621,621,621,body only,reference,B,compiled-specs,camera-body,350,290,425
pentaxpentaxspotmaticf,camera,Pentax,Pentax Spotmatic F,Asahi Pentax | Honeywell Pentax | SPF | ペンタックス,35mm MF SLR,35mm一眼レフ（MF）,35mm,MF,interchangeable,M42,1973,625,625,625,body only,reference,B,compiled-specs,camera-body,350,290,425
pentaxpentaxsupera,camera,Pentax,Pentax Super A,Asahi Pentax | Honeywell Pentax | Super Program | ペンタックス | Pentax Super Program aka Pentax Super A,35mm MF SLR,35mm一眼レフ（MF）,35mm,MF,interchangeable,Pentax K,1983,490,490,490,body only,reference,B,compiled-specs,camera-body,350,290,425
pentaxpentaxwindermeii,accessory,Pentax,Pentax Winder ME II,Asahi Pentax | Honeywell Pentax | Winder ME II | ペンタックス,Motor drive / winder,モータードライブ・ワインダー,accessory,,,,1980,250,250,250,without batteries,reference,B,compiled-specs,accessory-box,145,110,190
pentaxpentaxz1,camera,Pentax,Pentax Z-1,Asahi Pentax | Honeywell Pentax | PZ-1 | ペンタックス,35mm AF SLR,35mm一眼レフ（AF）,35mm,AF,interchangeable,Pentax K,1991,650,650,650,body only,reference,B,compiled-specs,camera-body,350,290,425
pentaxpentaxzoom60x,camera,Pentax,Pentax Zoom 60-X,Zoom 60-X | Zoom 60 X | Zoom60-X | ペンタックス,35mm zoom compact,35mmズームコンパクト,35mm,AF,fixed,Fixed lens,,,180,480,同系統の既知機種からの推定範囲。出品前に実測推奨,genre-estimate,D,expanded-compact-rangefinder-2026,compact-standard,270,220,325
pentaxpentaxzoom70x,camera,Pentax,Pentax Zoom 70-X,Zoom 70-X | Zoom 70 X | Zoom70-X | ペンタックス,35mm zoom compact,35mmズームコンパクト,35mm,AF,fixed,Fixed lens,,,180,480,同系統の既知機種からの推定範囲。出品前に実測推奨,genre-estimate,D,expanded-compact-rangefinder-2026,compact-standard,270,220,325
pentaxpentaxzx10,camera,Pentax,Pentax ZX-10,Asahi Pentax | Honeywell Pentax | MZ-10 | ペンタックス | Pentax MZ-10,35mm AF SLR,35mm一眼レフ（AF）,35mm,AF,interchangeable,Pentax K,1996,410,410,410,body without batteries,reference,C,published-secondary,camera-body,350,290,425
pentaxpentaxzx30,camera,Pentax,Pentax ZX-30,Asahi Pentax | Honeywell Pentax | MZ-30 | ペンタックス | Pentax MZ-30,35mm AF SLR,35mm一眼レフ（AF）,35mm,AF,interchangeable,Pentax K,2000,380,380,380,body without batteries,reference,C,published-secondary,camera-body,350,290,425
pentaxpentaxzx60,camera,Pentax,Pentax ZX-60,Asahi Pentax | Honeywell Pentax | MZ-60 | ペンタックス | Pentax MZ-60,35mm AF SLR,35mm一眼レフ（AF）,35mm,AF,interchangeable,Pentax K,2002,325,325,325,body without batteries,reference,C,published-secondary,camera-body,350,290,425
pentaxpentaxzx7,camera,Pentax,Pentax ZX-7,Asahi Pentax | Honeywell Pentax | MZ-7 | ペンタックス | Pentax MZ-7,35mm AF SLR,35mm一眼レフ（AF）,35mm,AF,interchangeable,Pentax K,1999,395,395,395,body without batteries,reference,C,published-secondary,camera-body,350,290,425
pentaxpentaxzxm,camera,Pentax,Pentax ZX-M,Asahi Pentax | Honeywell Pentax | MZ-M | ペンタックス | Pentax MZ-M,35mm MF SLR,35mm一眼レフ（MF）,35mm,MF,interchangeable,Pentax K,1997,400,400,400,body without batteries,reference,C,published-secondary,camera-body,350,290,425
pentaxsmcpentax67105mmf24,lens,Pentax,SMC Pentax 67 105mm f/2.4,Asahi Pentax | Honeywell Pentax | Pentax 67 105mm | ペンタックス,Medium-format lens,中判レンズ,120,MF,lens,Pentax 67,1969,590,590,590,"lens only, without caps",reference,B,compiled-specs,lens-medium,315,255,385
pentaxsmcpentaxm28mmf28,lens,Pentax,SMC Pentax-M 28mm f/2.8,Asahi Pentax | Honeywell Pentax | Pentax M 28 2.8 | ペンタックス,35mm manual-focus lens,35mm MFレンズ,35mm,MF,lens,Pentax K,1977,156,156,156,"lens only, without caps",reference,B,compiled-specs,lens-small,210,165,260
pentaxsmcpentaxm50mmf14,lens,Pentax,SMC Pentax-M 50mm f/1.4,Asahi Pentax | Honeywell Pentax | Pentax M 50 1.4 | ペンタックス,35mm manual-focus lens,35mm MFレンズ,35mm,MF,lens,Pentax K,1977,235,235,235,"lens only, without caps",reference,B,compiled-specs,lens-small,210,165,260
pentaxsmcpentaxm50mmf17,lens,Pentax,SMC Pentax-M 50mm f/1.7,Asahi Pentax | Honeywell Pentax | Pentax M 50 1.7 | ペンタックス,35mm manual-focus lens,35mm MFレンズ,35mm,MF,lens,Pentax K,1977,185,185,185,"lens only, without caps",reference,B,compiled-specs,lens-small,210,165,260
plaubelplaubelmakina67,camera,Plaubel,Plaubel Makina 67,Makina 67,Medium-format rangefinder,中判レンジファインダー,120,MF,fixed,Fixed lens,1979,1350,1350,1350,with fixed lens,reference,B,compiled-specs,camera-large,460,380,560
polaroidpolaroid600onestep,camera,Polaroid,Polaroid 600 OneStep,OneStep 600 | ポラロイド,Instant camera,インスタントカメラ,600,fixed,fixed,Fixed lens,1981,600,600,600,camera without film pack,reference,B,compiled-specs,compact-heavy,320,260,390
polaroidpolaroidspectra,camera,Polaroid,Polaroid Spectra,Image System | ポラロイド,Instant camera,インスタントカメラ,Spectra,AF,fixed,Fixed lens,1986,650,650,650,camera without film pack,reference,B,compiled-specs,compact-heavy,320,260,390
polaroidpolaroidsx70,camera,Polaroid,Polaroid SX-70,SX70 | ポラロイド,Instant camera,インスタントカメラ,SX-70,MF,fixed,Fixed lens,1972,790,790,790,camera without film pack,reference,B,compiled-specs,compact-heavy,320,260,390
ricohgoldenricoh16,camera,Ricoh,Golden Ricoh 16,リコー,Vintage film camera,その他・クラシックカメラ,16MM PICTURE SIZE: 10X14MM,MF,interchangeable,,1957,,350,1000,同ジャンルの既知機種からの推定範囲,genre-estimate,D,open-model-catalog,camera-large,460,380,560
ricohricoh126cautomatic,camera,Ricoh,Ricoh 126C Automatic,リコー,35mm compact MF,35mm MFコンパクト,126,MF,fixed,Fixed lens,1969,,335,390,同ジャンルの既知機種からの推定範囲,genre-estimate,D,open-model-catalog,compact-standard,270,220,325
ricohricoh126cflextls,camera,Ricoh,Ricoh 126C-Flex TLS,リコー,Vintage film camera,その他・クラシックカメラ,126,MF,interchangeable,,1968,,350,1000,同ジャンルの既知機種からの推定範囲,genre-estimate,D,open-model-catalog,camera-large,460,380,560
ricohricoh35zf,camera,Ricoh,Ricoh 35 ZF,35 ZF | 35ZF | リコー,35mm compact MF,35mm MFコンパクト,35mm,MF,fixed,Fixed lens,,,220,460,同系統の既知機種からの推定範囲。出品前に実測推奨,genre-estimate,D,expanded-compact-rangefinder-2026,compact-standard,270,220,325
ricohricoh500g,camera,Ricoh,Ricoh 500G,500G | リコー,35mm fixed-lens rangefinder,35mmレンジファインダー（固定レンズ）,35mm,MF,fixed,Fixed lens,,,340,700,同系統の既知機種からの推定範囲。出品前に実測推奨,genre-estimate,D,expanded-compact-rangefinder-2026,compact-heavy,320,260,390
ricohricoh500gx,camera,Ricoh,Ricoh 500GX,リコー,35mm fixed-lens rangefinder,35mmレンジファインダー（固定レンズ）,35mm,MF,fixed,Fixed lens,,,340,700,同系統の既知機種からの推定範囲。出品前に実測推奨,genre-estimate,D,expanded-compact-rangefinder-2026,compact-heavy,320,260,390
ricohricoh500me,camera,Ricoh,Ricoh 500ME,500ME | リコー,35mm fixed-lens rangefinder,35mmレンジファインダー（固定レンズ）,35mm,MF,fixed,Fixed lens,,,340,700,同系統の既知機種からの推定範囲。出品前に実測推奨,genre-estimate,D,expanded-compact-rangefinder-2026,compact-heavy,320,260,390
ricohricoh500rf,camera,Ricoh,Ricoh 500RF,500RF | リコー,35mm fixed-lens rangefinder,35mmレンジファインダー（固定レンズ）,35mm,MF,fixed,Fixed lens,,,340,700,同系統の既知機種からの推定範囲。出品前に実測推奨,genre-estimate,D,expanded-compact-rangefinder-2026,compact-heavy,320,260,390
ricohricoh800ees,camera,Ricoh,Ricoh 800 EES,800 EES | 800EES | リコー,35mm fixed-lens rangefinder,35mmレンジファインダー（固定レンズ）,35mm,MF,fixed,Fixed lens,,,340,700,同系統の既知機種からの推定範囲。出品前に実測推奨,genre-estimate,D,expanded-compact-rangefinder-2026,compact-heavy,320,260,390
ricohricohaf5,camera,Ricoh,Ricoh AF-5,AF-5 | AF 5 | リコー,35mm AF compact,35mm AFコンパクト,35mm,AF,fixed,Fixed lens,,,160,430,同系統の既知機種からの推定範囲。出品前に実測推奨,genre-estimate,D,expanded-compact-rangefinder-2026,compact-standard,270,220,325
ricohricohaf50,camera,Ricoh,Ricoh AF-50,AF-50 | AF 50 | リコー,35mm AF compact,35mm AFコンパクト,35mm,AF,fixed,Fixed lens,,,160,430,同系統の既知機種からの推定範囲。出品前に実測推奨,genre-estimate,D,expanded-compact-rangefinder-2026,compact-standard,270,220,325
ricohricohaf5d,camera,Ricoh,Ricoh AF-5D,AF-5D | AF 5D | リコー,35mm AF compact,35mm AFコンパクト,35mm,AF,fixed,Fixed lens,,,160,430,同系統の既知機種からの推定範囲。出品前に実測推奨,genre-estimate,D,expanded-compact-rangefinder-2026,compact-standard,270,220,325
ricohricohaf60,camera,Ricoh,Ricoh AF-60,AF-60 | AF 60 | リコー,35mm AF compact,35mm AFコンパクト,35mm,AF,fixed,Fixed lens,,,160,430,同系統の既知機種からの推定範囲。出品前に実測推奨,genre-estimate,D,expanded-compact-rangefinder-2026,compact-standard,270,220,325
ricohricohaf70,camera,Ricoh,Ricoh AF-70,AF-70 | AF 70 | リコー,35mm AF compact,35mm AFコンパクト,35mm,AF,fixed,Fixed lens,,,160,430,同系統の既知機種からの推定範囲。出品前に実測推奨,genre-estimate,D,expanded-compact-rangefinder-2026,compact-standard,270,220,325
ricohricohauto66,camera,Ricoh,Ricoh Auto 66,リコー,Vintage film camera,その他・クラシックカメラ,120,MF,fixed,Fixed lens,1960,,350,1000,同ジャンルの既知機種からの推定範囲,genre-estimate,D,open-model-catalog,camera-large,460,380,560
ricohricohautohalfe,camera,Ricoh,Ricoh Auto Half E,Auto Half E | AutoHalfE | リコー,35mm compact MF,35mm MFコンパクト,35mm,MF,fixed,Fixed lens,,,220,460,同系統の既知機種からの推定範囲。出品前に実測推奨,genre-estimate,D,expanded-compact-rangefinder-2026,compact-standard,270,220,325
ricohricohautohalfse2,camera,Ricoh,Ricoh Auto Half SE2,Auto Half SE2 | AutoHalfSE2 | リコー,35mm compact MF,35mm MFコンパクト,35mm,MF,fixed,Fixed lens,,,220,460,同系統の既知機種からの推定範囲。出品前に実測推奨,genre-estimate,D,expanded-compact-rangefinder-2026,compact-standard,270,220,325
ricohricohautohalfsl,camera,Ricoh,Ricoh Auto Half SL,Auto Half SL | AutoHalfSL | リコー,35mm compact MF,35mm MFコンパクト,35mm,MF,fixed,Fixed lens,,,220,460,同系統の既知機種からの推定範囲。出品前に実測推奨,genre-estimate,D,expanded-compact-rangefinder-2026,compact-standard,270,220,325
ricohricohautoshot,camera,Ricoh,Ricoh Auto Shot,リコー,35mm fixed-lens rangefinder,35mmレンジファインダー（固定レンズ）,35mm,MF,fixed,Fixed lens,1960,,330,680,同ジャンルの既知機種からの推定範囲,genre-estimate,D,open-model-catalog,compact-heavy,320,260,390
ricohricohdiacordl,camera,Ricoh,Ricoh Diacord L,リコー,Twin-lens reflex,二眼レフ,120,MF,fixed,Fixed lens,1958,,920,1540,同ジャンルの既知機種からの推定範囲,genre-estimate,D,open-model-catalog,reinforced-xl,650,520,800
ricohricohelle,camera,Ricoh,Ricoh ELLE,ELLE | リコー,Premium 35mm compact,高級35mmコンパクト,35mm,AF,fixed,Fixed lens,,,160,340,同系統の既知機種からの推定範囲。出品前に実測推奨,genre-estimate,D,expanded-compact-rangefinder-2026,compact-standard,270,220,325
ricohricohff10,camera,Ricoh,Ricoh FF-10,FF-10 | FF 10 | リコー,35mm AF compact,35mm AFコンパクト,35mm,AF,fixed,Fixed lens,,,160,430,同系統の既知機種からの推定範囲。出品前に実測推奨,genre-estimate,D,expanded-compact-rangefinder-2026,compact-standard,270,220,325
ricohricohff20,camera,Ricoh,Ricoh FF-20,FF-20 | FF 20 | リコー,35mm AF compact,35mm AFコンパクト,35mm,AF,fixed,Fixed lens,,,160,430,同系統の既知機種からの推定範囲。出品前に実測推奨,genre-estimate,D,expanded-compact-rangefinder-2026,compact-standard,270,220,325
ricohricohff3af,camera,Ricoh,Ricoh FF-3 AF,FF-3 AF | FF 3 AF | FF-3AF | リコー,35mm AF compact,35mm AFコンパクト,35mm,AF,fixed,Fixed lens,,,160,430,同系統の既知機種からの推定範囲。出品前に実測推奨,genre-estimate,D,expanded-compact-rangefinder-2026,compact-standard,270,220,325
ricohricohff3afsuper,camera,Ricoh,Ricoh FF-3 AF Super,FF-3 AF Super | FF 3 AF Super | FF-3AFSuper | リコー,35mm AF compact,35mm AFコンパクト,35mm,AF,fixed,Fixed lens,,,160,430,同系統の既知機種からの推定範囲。出品前に実測推奨,genre-estimate,D,expanded-compact-rangefinder-2026,compact-standard,270,220,325
ricohricohff70,camera,Ricoh,Ricoh FF-70,FF-70 | FF 70 | リコー,35mm AF compact,35mm AFコンパクト,35mm,AF,fixed,Fixed lens,,,160,430,同系統の既知機種からの推定範囲。出品前に実測推奨,genre-estimate,D,expanded-compact-rangefinder-2026,compact-standard,270,220,325
ricohricohff70d,camera,Ricoh,Ricoh FF-70D,FF-70D | FF 70D | リコー,35mm AF compact,35mm AFコンパクト,35mm,AF,fixed,Fixed lens,,,160,430,同系統の既知機種からの推定範囲。出品前に実測推奨,genre-estimate,D,expanded-compact-rangefinder-2026,compact-standard,270,220,325
ricohricohff9,camera,Ricoh,Ricoh FF-9,FF-9 | FF 9 | リコー,35mm AF compact,35mm AFコンパクト,35mm,AF,fixed,Fixed lens,,,160,430,同系統の既知機種からの推定範囲。出品前に実測推奨,genre-estimate,D,expanded-compact-rangefinder-2026,compact-standard,270,220,325
ricohricohff90,camera,Ricoh,Ricoh FF-90,FF90 | リコー,35mm AF compact,35mm AFコンパクト,35mm,AF,fixed,Fixed lens,1988,300,300,300,without batteries,reference,B,compiled-specs,compact-standard,270,220,325
ricohricohff90super,camera,Ricoh,Ricoh FF-90 Super,FF-90 Super | FF 90 Super | FF-90Super | リコー,35mm AF compact,35mm AFコンパクト,35mm,AF,fixed,Fixed lens,,,160,430,同系統の既知機種からの推定範囲。出品前に実測推奨,genre-estimate,D,expanded-compact-rangefinder-2026,compact-standard,270,220,325
ricohricohff9s,camera,Ricoh,Ricoh FF-9s,FF-9s | FF 9s | リコー,35mm AF compact,35mm AFコンパクト,35mm,AF,fixed,Fixed lens,,,160,430,同系統の既知機種からの推定範囲。出品前に実測推奨,genre-estimate,D,expanded-compact-rangefinder-2026,compact-standard,270,220,325
ricohricohgr1,camera,Ricoh,Ricoh GR1,リコー,Premium 35mm compact,高級35mmコンパクト,35mm,AF,fixed,Fixed lens,1996,175,175,175,with battery,reference,B,compiled-specs,compact-slim,215,175,260
ricohricohgr10,camera,Ricoh,Ricoh GR10,GR10 | リコー,Premium 35mm compact,高級35mmコンパクト,35mm,AF,fixed,Fixed lens,,,160,340,同系統の既知機種からの推定範囲。出品前に実測推奨,genre-estimate,D,expanded-compact-rangefinder-2026,compact-standard,270,220,325
ricohricohgr1s,camera,Ricoh,Ricoh GR1s,GR1s | リコー,Premium 35mm compact,高級35mmコンパクト,35mm,AF,fixed,Fixed lens,,,160,340,同系統の既知機種からの推定範囲。出品前に実測推奨,genre-estimate,D,expanded-compact-rangefinder-2026,compact-standard,270,220,325
ricohricohgr1v,camera,Ricoh,Ricoh GR1v,GR1v | リコー,Premium 35mm compact,高級35mmコンパクト,35mm,AF,fixed,Fixed lens,,,160,340,同系統の既知機種からの推定範囲。出品前に実測推奨,genre-estimate,D,expanded-compact-rangefinder-2026,compact-standard,270,220,325
ricohricohgr21,camera,Ricoh,Ricoh GR21,GR21 | リコー,Premium 35mm compact,高級35mmコンパクト,35mm,AF,fixed,Fixed lens,,,160,340,同系統の既知機種からの推定範囲。出品前に実測推奨,genre-estimate,D,expanded-compact-rangefinder-2026,compact-standard,270,220,325
ricohricohgt215xteleconverteradapter,lens,Ricoh,Ricoh GT-2 1.5x teleconverter adapter,リコー,35mm manual-focus lens,35mm MFレンズ,35mm,MF,lens,,2021,,165,250,同ジャンルの既知機種からの推定範囲,genre-estimate,D,open-model-catalog,lens-small,210,165,260
ricohricohkr10super,camera,Ricoh,Ricoh KR-10 Super,リコー,35mm MF SLR,35mm一眼レフ（MF）,35mm,MF,interchangeable,Pentax K,,,470,745,同ジャンルの既知機種からの推定範囲,genre-estimate,D,open-model-catalog,camera-body,350,290,425
ricohricohkr10m,camera,Ricoh,Ricoh KR-10M,リコー,Vintage film camera,その他・クラシックカメラ,35mm,MF,interchangeable,,,,350,1000,同ジャンルの既知機種からの推定範囲,genre-estimate,D,open-model-catalog,camera-large,460,380,560
ricohricohkr5,camera,Ricoh,Ricoh KR-5,リコー,Vintage film camera,その他・クラシックカメラ,35mm,MF,interchangeable,,,,350,1000,同ジャンルの既知機種からの推定範囲,genre-estimate,D,open-model-catalog,camera-large,460,380,560
ricohricohkr5superii,camera,Ricoh,Ricoh KR-5 Super II,リコー,Vintage film camera,その他・クラシックカメラ,35mm,MF,interchangeable,,,,350,1000,同ジャンルの既知機種からの推定範囲,genre-estimate,D,open-model-catalog,camera-large,460,380,560
ricohricohlx33w,camera,Ricoh,Ricoh LX-33W,LX-33W | LX 33W | リコー,35mm AF compact,35mm AFコンパクト,35mm,AF,fixed,Fixed lens,,,160,430,同系統の既知機種からの推定範囲。出品前に実測推奨,genre-estimate,D,expanded-compact-rangefinder-2026,compact-standard,270,220,325
ricohricohmate,camera,Ricoh,Ricoh Mate,リコー,35mm compact MF,35mm MFコンパクト,35mm,MF,fixed,Fixed lens,1960,,335,390,同ジャンルの既知機種からの推定範囲,genre-estimate,D,open-model-catalog,compact-standard,270,220,325
ricohricohmirai,camera,Ricoh,Ricoh Mirai,Mirai | リコー,35mm zoom compact,35mmズームコンパクト,35mm,AF,fixed,Fixed lens,,,180,480,同系統の既知機種からの推定範囲。出品前に実測推奨,genre-estimate,D,expanded-compact-rangefinder-2026,compact-standard,270,220,325
ricohricohmyport310super,camera,Ricoh,Ricoh Myport 310 Super,Myport 310 Super | Myport310Super | リコー,35mm zoom compact,35mmズームコンパクト,35mm,AF,fixed,Fixed lens,,,180,480,同系統の既知機種からの推定範囲。出品前に実測推奨,genre-estimate,D,expanded-compact-rangefinder-2026,compact-standard,270,220,325
ricohricohr1,camera,Ricoh,Ricoh R1,R1 | リコー,35mm AF compact,35mm AFコンパクト,35mm,AF,fixed,Fixed lens,1994,145,145,145,with battery,reference,B,compiled-specs,compact-slim,215,175,260
ricohricohr1e,camera,Ricoh,Ricoh R1e,R1e | リコー,Premium 35mm compact,高級35mmコンパクト,35mm,AF,fixed,Fixed lens,,,160,340,同系統の既知機種からの推定範囲。出品前に実測推奨,genre-estimate,D,expanded-compact-rangefinder-2026,compact-standard,270,220,325
ricohricohr1s,camera,Ricoh,Ricoh R1s,R1s | リコー,Premium 35mm compact,高級35mmコンパクト,35mm,AF,fixed,Fixed lens,,,160,340,同系統の既知機種からの推定範囲。出品前に実測推奨,genre-estimate,D,expanded-compact-rangefinder-2026,compact-standard,270,220,325
ricohricohricohlmod1,camera,Ricoh,Ricoh Ricohl Mod. 1,リコー,35mm compact MF,35mm MFコンパクト,127,MF,fixed,Fixed lens,1941,,335,390,同ジャンルの既知機種からの推定範囲,genre-estimate,D,open-model-catalog,compact-standard,270,220,325
ricohricohrz105sf,camera,Ricoh,Ricoh RZ-105 SF,リコー,35mm zoom compact,35mmズームコンパクト,35mm,AF,fixed,Fixed lens,,,180,480,同系統の既知機種からの推定範囲。出品前に実測推奨,genre-estimate,D,expanded-compact-rangefinder-2026,compact-standard,270,220,325
ricohricohrz1050,camera,Ricoh,Ricoh RZ-1050,RZ-1050 | RZ 1050 | リコー,35mm zoom compact,35mmズームコンパクト,35mm,AF,fixed,Fixed lens,,,180,480,同系統の既知機種からの推定範囲。出品前に実測推奨,genre-estimate,D,expanded-compact-rangefinder-2026,compact-standard,270,220,325
ricohricohrz3000,camera,Ricoh,Ricoh RZ-3000,RZ-3000 | RZ 3000 | リコー,35mm zoom compact,35mmズームコンパクト,35mm,AF,fixed,Fixed lens,,,180,480,同系統の既知機種からの推定範囲。出品前に実測推奨,genre-estimate,D,expanded-compact-rangefinder-2026,compact-standard,270,220,325
ricohricohrz700,camera,Ricoh,Ricoh RZ-700,RZ-700 | RZ 700 | リコー,35mm zoom compact,35mmズームコンパクト,35mm,AF,fixed,Fixed lens,,,180,480,同系統の既知機種からの推定範囲。出品前に実測推奨,genre-estimate,D,expanded-compact-rangefinder-2026,compact-standard,270,220,325
ricohricohrz750,camera,Ricoh,Ricoh RZ-750,RZ-750 | RZ 750 | リコー,35mm zoom compact,35mmズームコンパクト,35mm,AF,fixed,Fixed lens,,,180,480,同系統の既知機種からの推定範囲。出品前に実測推奨,genre-estimate,D,expanded-compact-rangefinder-2026,compact-standard,270,220,325
ricohricohrz800,camera,Ricoh,Ricoh RZ-800,RZ-800 | RZ 800 | リコー,35mm zoom compact,35mmズームコンパクト,35mm,AF,fixed,Fixed lens,,,180,480,同系統の既知機種からの推定範囲。出品前に実測推奨,genre-estimate,D,expanded-compact-rangefinder-2026,compact-standard,270,220,325
ricohricohshotmaster,camera,Ricoh,Ricoh Shotmaster,Shotmaster | リコー,35mm AF compact,35mm AFコンパクト,35mm,AF,fixed,Fixed lens,,,160,430,同系統の既知機種からの推定範囲。出品前に実測推奨,genre-estimate,D,expanded-compact-rangefinder-2026,compact-standard,270,220,325
ricohricohshotmasteraf,camera,Ricoh,Ricoh Shotmaster AF,Shotmaster AF | ShotmasterAF | リコー,35mm AF compact,35mm AFコンパクト,35mm,AF,fixed,Fixed lens,,,160,430,同系統の既知機種からの推定範囲。出品前に実測推奨,genre-estimate,D,expanded-compact-rangefinder-2026,compact-standard,270,220,325
ricohricohshotmasterzoom70,camera,Ricoh,Ricoh Shotmaster Zoom 70,Shotmaster Zoom 70 | ShotmasterZoom70 | リコー,35mm zoom compact,35mmズームコンパクト,35mm,AF,fixed,Fixed lens,,,180,480,同系統の既知機種からの推定範囲。出品前に実測推奨,genre-estimate,D,expanded-compact-rangefinder-2026,compact-standard,270,220,325
ricohricohsinglex,camera,Ricoh,Ricoh Singlex,リコー,35mm MF SLR,35mm一眼レフ（MF）,35mm,MF,interchangeable,Nikon F,,,470,745,同ジャンルの既知機種からの推定範囲,genre-estimate,D,open-model-catalog,camera-body,350,290,425
ricohricohsteky,camera,Ricoh,Ricoh Steky,リコー,35mm compact MF,35mm MFコンパクト,16MM PICTURE SIZE: 10X14MM,MF,fixed,Fixed lens,1947,,335,390,同ジャンルの既知機種からの推定範囲,genre-estimate,D,open-model-catalog,compact-standard,270,220,325
ricohricohsuper44,camera,Ricoh,Ricoh Super 44,リコー,35mm compact MF,35mm MFコンパクト,127,MF,fixed,Fixed lens,,,335,390,同ジャンルの既知機種からの推定範囲,genre-estimate,D,open-model-catalog,compact-standard,270,220,325
ricohricohtf500,camera,Ricoh,Ricoh TF-500,TF-500 | TF 500 | リコー | TF500,35mm AF compact,35mm AFコンパクト,35mm,AF,fixed,Fixed lens,,,290,450,同系統の既知機種からの推定範囲。出品前に実測推奨,genre-estimate,D,expanded-compact-rangefinder-2026,compact-standard,270,220,325
ricohricohtf500d,camera,Ricoh,Ricoh TF-500D,TF-500D | TF 500D | リコー | TF500D | 35mm/70mm dual focal | デート,35mm AF compact,35mm AFコンパクト,35mm,AF,fixed,Fixed lens,,,300,460,同系統の既知機種からの推定範囲。出品前に実測推奨,genre-estimate,D,expanded-compact-rangefinder-2026,compact-standard,270,220,325
ricohricohtf900,camera,Ricoh,Ricoh TF-900,TF-900 | TF 900 | リコー | TF900,35mm AF compact,35mm AFコンパクト,35mm,AF,fixed,Fixed lens,,,300,470,同系統の既知機種からの推定範囲。出品前に実測推奨,genre-estimate,D,expanded-compact-rangefinder-2026,compact-standard,270,220,325
ricohricohxf30,camera,Ricoh,Ricoh XF-30,XF-30 | XF 30 | リコー,35mm AF compact,35mm AFコンパクト,35mm,AF,fixed,Fixed lens,,,160,430,同系統の既知機種からの推定範囲。出品前に実測推奨,genre-estimate,D,expanded-compact-rangefinder-2026,compact-standard,270,220,325
ricohricohxr10,camera,Ricoh,Ricoh XR-10,リコー,Vintage film camera,その他・クラシックカメラ,35mm,MF,interchangeable,,,,350,1000,同ジャンルの既知機種からの推定範囲,genre-estimate,D,open-model-catalog,camera-large,460,380,560
ricohricohxr10m,camera,Ricoh,Ricoh XR-10M,リコー,Vintage film camera,その他・クラシックカメラ,35mm,MF,interchangeable,,,,350,1000,同ジャンルの既知機種からの推定範囲,genre-estimate,D,open-model-catalog,camera-large,460,380,560
ricohricohxr7,camera,Ricoh,Ricoh XR-7,XR7 | リコー,35mm MF SLR,35mm一眼レフ（MF）,35mm,MF,interchangeable,,1980,570,570,570,body only,reference,B,compiled-specs,camera-body,350,290,425
ricohricohxrm,camera,Ricoh,Ricoh XR-M,リコー,Vintage film camera,その他・クラシックカメラ,35mm,MF,interchangeable,,,,350,1000,同ジャンルの既知機種からの推定範囲,genre-estimate,D,open-model-catalog,camera-large,460,380,560
ricohricohyf20,camera,Ricoh,Ricoh YF-20,YF-20 | YF 20 | リコー,35mm AF compact,35mm AFコンパクト,35mm,AF,fixed,Fixed lens,,,160,430,同系統の既知機種からの推定範囲。出品前に実測推奨,genre-estimate,D,expanded-compact-rangefinder-2026,compact-standard,270,220,325
ricohricohflexvii,camera,Ricoh,Ricohflex VII,Ricohflex | リコー | Ricoh Ricohflex VI | Ricoh Super Ricohflex,Twin-lens reflex,二眼レフ,120,MF,fixed,Fixed lens,1954,800,800,800,camera with fixed lenses,reference,B,compiled-specs,camera-large,460,380,560
ricohstekyiii,camera,Ricoh,Steky III,リコー,Vintage film camera,その他・クラシックカメラ,16MM,MF,interchangeable,,1950,,350,1000,同ジャンルの既知機種からの推定範囲,genre-estimate,D,open-model-catalog,camera-large,460,380,560
rolleirollei35,camera,Rollei,Rollei 35,Rollei 35T | ローライ,35mm compact MF,35mm MFコンパクト,35mm,MF,fixed,Fixed lens,1966,370,370,370,with battery,reference,B,compiled-specs,compact-standard,270,220,325
rolleirollei35led,camera,Rollei,Rollei 35 LED,35 LED | 35LED | ローライ,35mm compact MF,35mm MFコンパクト,35mm,MF,fixed,Fixed lens,,,220,460,同系統の既知機種からの推定範囲。出品前に実測推奨,genre-estimate,D,expanded-compact-rangefinder-2026,compact-standard,270,220,325
rolleirollei35se,camera,Rollei,Rollei 35 SE,35 SE | 35SE | ローライ,35mm compact MF,35mm MFコンパクト,35mm,MF,fixed,Fixed lens,,,220,460,同系統の既知機種からの推定範囲。出品前に実測推奨,genre-estimate,D,expanded-compact-rangefinder-2026,compact-standard,270,220,325
rolleirollei35te,camera,Rollei,Rollei 35 TE,35 TE | 35TE | ローライ,35mm compact MF,35mm MFコンパクト,35mm,MF,fixed,Fixed lens,,,220,460,同系統の既知機種からの推定範囲。出品前に実測推奨,genre-estimate,D,expanded-compact-rangefinder-2026,compact-standard,270,220,325
rolleirollei35s,camera,Rollei,Rollei 35S,35 S | ローライ,35mm compact MF,35mm MFコンパクト,35mm,MF,fixed,Fixed lens,1974,350,350,350,with battery,reference,B,compiled-specs,compact-standard,270,220,325
rolleirolleiprego70,camera,Rollei,Rollei Prego 70,Prego 70 | Prego70 | ローライ,35mm zoom compact,35mmズームコンパクト,35mm,AF,fixed,Fixed lens,,,180,480,同系統の既知機種からの推定範囲。出品前に実測推奨,genre-estimate,D,expanded-compact-rangefinder-2026,compact-standard,270,220,325
rolleirolleiprego90,camera,Rollei,Rollei Prego 90,Prego 90 | Prego90 | ローライ,35mm zoom compact,35mmズームコンパクト,35mm,AF,fixed,Fixed lens,,,180,480,同系統の既知機種からの推定範囲。出品前に実測推奨,genre-estimate,D,expanded-compact-rangefinder-2026,compact-standard,270,220,325
rolleirolleicordv,camera,Rollei,Rolleicord V,Rolleicord V | ローライ,Twin-lens reflex,二眼レフ,120,MF,fixed,Fixed lens,1954,920,920,920,camera with fixed lenses,reference,B,compiled-specs,camera-large,460,380,560
rolleirolleiflex28f,camera,Rollei,Rolleiflex 2.8F,2.8F | ローライ,Twin-lens reflex,二眼レフ,120,MF,fixed,Fixed lens,1960,1220,1220,1220,camera with fixed lenses,reference,B,compiled-specs,camera-large,460,380,560
rolleirolleiflex35f,camera,Rollei,Rolleiflex 3.5F,3.5F | ローライ,Twin-lens reflex,二眼レフ,120,MF,fixed,Fixed lens,1958,1200,1200,1200,camera with fixed lenses,reference,B,compiled-specs,camera-large,460,380,560
samsungsamsungafslim,camera,Samsung,Samsung AF Slim,AF Slim | AFSlim | サムスン,35mm AF compact,35mm AFコンパクト,35mm,AF,fixed,Fixed lens,,,160,430,同系統の既知機種からの推定範囲。出品前に実測推奨,genre-estimate,D,expanded-compact-rangefinder-2026,compact-standard,270,220,325
samsungsamsungfino115s,camera,Samsung,Samsung Fino 115S,Fino 115S | Fino115S | サムスン,35mm zoom compact,35mmズームコンパクト,35mm,AF,fixed,Fixed lens,,,180,480,同系統の既知機種からの推定範囲。出品前に実測推奨,genre-estimate,D,expanded-compact-rangefinder-2026,compact-standard,270,220,325
samsungsamsungfino35s,camera,Samsung,Samsung Fino 35S,Fino 35S | Fino35S | サムスン,35mm AF compact,35mm AFコンパクト,35mm,AF,fixed,Fixed lens,,,160,430,同系統の既知機種からの推定範囲。出品前に実測推奨,genre-estimate,D,expanded-compact-rangefinder-2026,compact-standard,270,220,325
samsungsamsungfino80super,camera,Samsung,Samsung Fino 80 Super,Fino 80 Super | Fino80Super | サムスン,35mm zoom compact,35mmズームコンパクト,35mm,AF,fixed,Fixed lens,,,180,480,同系統の既知機種からの推定範囲。出品前に実測推奨,genre-estimate,D,expanded-compact-rangefinder-2026,compact-standard,270,220,325
sigmasigma14xteleconverterexapodg,lens,Sigma,Sigma 1.4X Teleconverter EX APO DG,,35mm manual-focus lens,35mm MFレンズ,35mm,MF,lens,,2008,,165,250,同ジャンルの既知機種からの推定範囲,genre-estimate,D,open-model-catalog,lens-small,210,165,260
sigmasigma100300mmf4apoexdghsm,lens,Sigma,Sigma 100-300mm f/4 APO EX DG HSM,,35mm manual-focus lens,35mm MFレンズ,35mm,MF,lens,,,,165,250,同ジャンルの既知機種からの推定範囲,genre-estimate,D,open-model-catalog,lens-small,210,165,260
sigmasigma105mmf28exdgmacro,lens,Sigma,Sigma 105mm f/2.8 EX DG Macro,,35mm manual-focus lens,35mm MFレンズ,35mm,MF,lens,,2004,,165,250,同ジャンルの既知機種からの推定範囲,genre-estimate,D,open-model-catalog,lens-small,210,165,260
sigmasigma105mmf28exmacro,lens,Sigma,Sigma 105mm f/2.8 EX Macro,,35mm manual-focus lens,35mm MFレンズ,35mm,MF,lens,,,,165,250,同ジャンルの既知機種からの推定範囲,genre-estimate,D,open-model-catalog,lens-small,210,165,260
sigmasigma105mmf28exdgoshsmmacro,lens,Sigma,Sigma 105mm F2.8 EX DG OS HSM Macro,,35mm manual-focus lens,35mm MFレンズ,35mm,MF,lens,,2011,,165,250,同ジャンルの既知機種からの推定範囲,genre-estimate,D,open-model-catalog,lens-small,210,165,260
sigmasigma1224mmf4556exdgasphsm,lens,Sigma,Sigma 12-24mm f/4.5-5.6 EX DG ASP HSM,,35mm manual-focus lens,35mm MFレンズ,35mm,MF,lens,,2003,,165,250,同ジャンルの既知機種からの推定範囲,genre-estimate,D,open-model-catalog,lens-small,210,165,260
sigmasigma1224mmf4556dghsmii,lens,Sigma,Sigma 12-24mm F4.5-5.6 DG HSM II,,35mm manual-focus lens,35mm MFレンズ,35mm,MF,lens,,2011,,165,250,同ジャンルの既知機種からの推定範囲,genre-estimate,D,open-model-catalog,lens-small,210,165,260
sigmasigma120300mmf28exdgifhsmapo,lens,Sigma,Sigma 120-300mm f/2.8 EX DG IF HSM APO,,35mm manual-focus lens,35mm MFレンズ,35mm,MF,lens,,2002,,165,250,同ジャンルの既知機種からの推定範囲,genre-estimate,D,open-model-catalog,lens-small,210,165,260
sigmasigma135400mmf4556aspherical,lens,Sigma,Sigma 135-400mm f/4.5-5.6 Aspherical,,35mm manual-focus lens,35mm MFレンズ,35mm,MF,lens,,,,165,250,同ジャンルの既知機種からの推定範囲,genre-estimate,D,open-model-catalog,lens-small,210,165,260
sigmasigma14mmf28exasp,lens,Sigma,Sigma 14mm f/2.8 EX Asp,,35mm manual-focus lens,35mm MFレンズ,35mm,MF,lens,,,,165,250,同ジャンルの既知機種からの推定範囲,genre-estimate,D,open-model-catalog,lens-small,210,165,260
sigmasigma14mmf35,lens,Sigma,Sigma 14mm f/3.5,,35mm manual-focus lens,35mm MFレンズ,35mm,MF,lens,,,,165,250,同ジャンルの既知機種からの推定範囲,genre-estimate,D,open-model-catalog,lens-small,210,165,260
sigmasigma1530mmf3545exdgasp,lens,Sigma,Sigma 15-30mm f/3.5-4.5 EX DG ASP,,35mm manual-focus lens,35mm MFレンズ,35mm,MF,lens,,,,165,250,同ジャンルの既知機種からの推定範囲,genre-estimate,D,open-model-catalog,lens-small,210,165,260
sigmasigma150500mmf563apodgoshsm,lens,Sigma,Sigma 150-500mm F5-6.3 APO DG OS HSM,,35mm manual-focus lens,35mm MFレンズ,35mm,MF,lens,,2008,,165,250,同ジャンルの既知機種からの推定範囲,genre-estimate,D,open-model-catalog,lens-small,210,165,260
sigmasigma150mmf28apoexdgmacrohsm,lens,Sigma,Sigma 150mm f/2.8 APO EX DG Macro HSM,,35mm manual-focus lens,35mm MFレンズ,35mm,MF,lens,,2004,,165,250,同ジャンルの既知機種からの推定範囲,genre-estimate,D,open-model-catalog,lens-small,210,165,260
sigmasigma15mmf28exfisheye,lens,Sigma,Sigma 15mm f/2.8 EX Fisheye,,35mm manual-focus lens,35mm MFレンズ,35mm,MF,lens,,,,165,250,同ジャンルの既知機種からの推定範囲,genre-estimate,D,open-model-catalog,lens-small,210,165,260
sigmasigma15mmf28exdgdiagonalfisheye,lens,Sigma,Sigma 15mm F2.8 EX DG Diagonal Fisheye,,35mm manual-focus lens,35mm MFレンズ,35mm,MF,lens,,2005,,165,250,同ジャンルの既知機種からの推定範囲,genre-estimate,D,open-model-catalog,lens-small,210,165,260
sigmasigma1735mmf284exasphsm,lens,Sigma,Sigma 17-35mm f/2.8-4 EX ASP HSM,,35mm manual-focus lens,35mm MFレンズ,35mm,MF,lens,,,,165,250,同ジャンルの既知機種からの推定範囲,genre-estimate,D,open-model-catalog,lens-small,210,165,260
sigmasigma1735mmf284exdgasphsm,lens,Sigma,Sigma 17-35mm f/2.8-4 EX DG ASP HSM,,35mm manual-focus lens,35mm MFレンズ,35mm,MF,lens,,2004,,165,250,同ジャンルの既知機種からの推定範囲,genre-estimate,D,open-model-catalog,lens-small,210,165,260
sigmasigma170500mmf563dgrfapo,lens,Sigma,Sigma 170-500mm f/5-6.3 DG RF APO,,35mm manual-focus lens,35mm MFレンズ,35mm,MF,lens,,,,165,250,同ジャンルの既知機種からの推定範囲,genre-estimate,D,open-model-catalog,lens-small,210,165,260
sigmasigma1835mmf3545aspherical,lens,Sigma,Sigma 18-35mm f/3.5-4.5 Aspherical,,35mm manual-focus lens,35mm MFレンズ,35mm,MF,lens,,,,165,250,同ジャンルの既知機種からの推定範囲,genre-estimate,D,open-model-catalog,lens-small,210,165,260
sigmasigma180mmf35exapomacroifhsm,lens,Sigma,Sigma 180mm f/3.5 EX APO Macro IF HSM,,35mm manual-focus lens,35mm MFレンズ,35mm,MF,lens,,,,165,250,同ジャンルの既知機種からの推定範囲,genre-estimate,D,open-model-catalog,lens-small,210,165,260
sigmasigma2040mmf28exdgasp,lens,Sigma,Sigma 20-40mm f/2.8 EX DG ASP,,35mm manual-focus lens,35mm MFレンズ,35mm,MF,lens,,,,165,250,同ジャンルの既知機種からの推定範囲,genre-estimate,D,open-model-catalog,lens-small,210,165,260
sigmasigma200500mmf28apoexdg,lens,Sigma,Sigma 200-500mm F2.8 APO EX DG,,35mm manual-focus lens,35mm MFレンズ,35mm,MF,lens,,2008,,165,250,同ジャンルの既知機種からの推定範囲,genre-estimate,D,open-model-catalog,lens-small,210,165,260
sigmasigma20mmf18exaspdgrf,lens,Sigma,Sigma 20mm f/1.8 EX ASP DG RF,,35mm manual-focus lens,35mm MFレンズ,35mm,MF,lens,,,,165,250,同ジャンルの既知機種からの推定範囲,genre-estimate,D,open-model-catalog,lens-small,210,165,260
sigmasigma20mmf18exdgasprf,lens,Sigma,Sigma 20mm F1.8 EX DG ASP RF,,35mm manual-focus lens,35mm MFレンズ,35mm,MF,lens,,2011,,165,250,同ジャンルの既知機種からの推定範囲,genre-estimate,D,open-model-catalog,lens-small,210,165,260
sigmasigma24135mmf2845,lens,Sigma,Sigma 24-135mm f/2.8-4.5,,35mm manual-focus lens,35mm MFレンズ,35mm,MF,lens,,2003,,165,250,同ジャンルの既知機種からの推定範囲,genre-estimate,D,open-model-catalog,lens-small,210,165,260
sigmasigma2460mmf28exdgifasp,lens,Sigma,Sigma 24-60mm F2.8 EX DG IF ASP,,35mm manual-focus lens,35mm MFレンズ,35mm,MF,lens,,2004,,165,250,同ジャンルの既知機種からの推定範囲,genre-estimate,D,open-model-catalog,lens-small,210,165,260
sigmasigma2470mmf28exdgaspdf,lens,Sigma,Sigma 24-70mm f/2.8 EX DG ASP DF,,35mm manual-focus lens,35mm MFレンズ,35mm,MF,lens,,,,165,250,同ジャンルの既知機種からの推定範囲,genre-estimate,D,open-model-catalog,lens-small,210,165,260
sigmasigma2470mmf3556asphf,lens,Sigma,Sigma 24-70mm f/3.5-5.6 ASP HF,,35mm manual-focus lens,35mm MFレンズ,35mm,MF,lens,,,,165,250,同ジャンルの既知機種からの推定範囲,genre-estimate,D,open-model-catalog,lens-small,210,165,260
sigmasigma2470mmf28ifexdghsm,lens,Sigma,Sigma 24-70mm F2.8 IF EX DG HSM,,35mm manual-focus lens,35mm MFレンズ,35mm,MF,lens,,,,165,250,同ジャンルの既知機種からの推定範囲,genre-estimate,D,open-model-catalog,lens-small,210,165,260
sigmasigma24mmf18exaspdgmacro,lens,Sigma,Sigma 24mm f1.8 EX ASP DG Macro,,35mm manual-focus lens,35mm MFレンズ,35mm,MF,lens,,,,165,250,同ジャンルの既知機種からの推定範囲,genre-estimate,D,open-model-catalog,lens-small,210,165,260
sigmasigma28105mmf284asp,lens,Sigma,Sigma 28-105mm f/2.8-4 ASP,,35mm manual-focus lens,35mm MFレンズ,35mm,MF,lens,,,,165,250,同ジャンルの既知機種からの推定範囲,genre-estimate,D,open-model-catalog,lens-small,210,165,260
sigmasigma28105mmf3856uciiiaspif,lens,Sigma,Sigma 28-105mm f/3.8-5.6 UC-III ASP IF,,35mm manual-focus lens,35mm MFレンズ,35mm,MF,lens,,,,165,250,同ジャンルの既知機種からの推定範囲,genre-estimate,D,open-model-catalog,lens-small,210,165,260
sigmasigma28135mmf3856macro,lens,Sigma,Sigma 28-135mm f/3.8-5.6 Macro,,35mm manual-focus lens,35mm MFレンズ,35mm,MF,lens,,,,165,250,同ジャンルの既知機種からの推定範囲,genre-estimate,D,open-model-catalog,lens-small,210,165,260
sigmasigma28300mmf3563asp,lens,Sigma,Sigma 28-300mm f/3.5-6.3 ASP,,35mm manual-focus lens,35mm MFレンズ,35mm,MF,lens,,,,165,250,同ジャンルの既知機種からの推定範囲,genre-estimate,D,open-model-catalog,lens-small,210,165,260
sigmasigma28300mmf3563dgmacro,lens,Sigma,Sigma 28-300mm f/3.5-6.3 DG Macro,,35mm manual-focus lens,35mm MFレンズ,35mm,MF,lens,,,,165,250,同ジャンルの既知機種からの推定範囲,genre-estimate,D,open-model-catalog,lens-small,210,165,260
sigmasigma28300mmf3563macro,lens,Sigma,Sigma 28-300mm f/3.5-6.3 Macro,,35mm manual-focus lens,35mm MFレンズ,35mm,MF,lens,,2003,,165,250,同ジャンルの既知機種からの推定範囲,genre-estimate,D,open-model-catalog,lens-small,210,165,260
sigmasigma2870mmf28exaspdf,lens,Sigma,Sigma 28-70mm f/2.8 EX ASP DF,,35mm manual-focus lens,35mm MFレンズ,35mm,MF,lens,,,,165,250,同ジャンルの既知機種からの推定範囲,genre-estimate,D,open-model-catalog,lens-small,210,165,260
sigmasigma2870mmf28exdg,lens,Sigma,Sigma 28-70mm f/2.8 EX DG,,35mm manual-focus lens,35mm MFレンズ,35mm,MF,lens,,,,165,250,同ジャンルの既知機種からの推定範囲,genre-estimate,D,open-model-catalog,lens-small,210,165,260
sigmasigma2870mmf284dghsm,lens,Sigma,Sigma 28-70mm f/2.8-4 DG HSM,,35mm manual-focus lens,35mm MFレンズ,35mm,MF,lens,,2002,,165,250,同ジャンルの既知機種からの推定範囲,genre-estimate,D,open-model-catalog,lens-small,210,165,260
sigmasigma2880mmf3556asphf,lens,Sigma,Sigma 28-80mm f/3.5-5.6 ASP HF,,35mm manual-focus lens,35mm MFレンズ,35mm,MF,lens,,,,165,250,同ジャンルの既知機種からの推定範囲,genre-estimate,D,open-model-catalog,lens-small,210,165,260
sigmasigma2880mmf3556aspii,lens,Sigma,Sigma 28-80mm f/3.5-5.6 ASP II,,35mm manual-focus lens,35mm MFレンズ,35mm,MF,lens,,,,165,250,同ジャンルの既知機種からの推定範囲,genre-estimate,D,open-model-catalog,lens-small,210,165,260
sigmasigma28mmf18exaspdgmacro,lens,Sigma,Sigma 28mm f1.8 EX  ASP DG Macro,,35mm manual-focus lens,35mm MFレンズ,35mm,MF,lens,,2000,,165,250,同ジャンルの既知機種からの推定範囲,genre-estimate,D,open-model-catalog,lens-small,210,165,260
sigmasigma28mmf18exdgaspmacro,lens,Sigma,Sigma 28mm_f18_ex_dg_asp_macro,,35mm manual-focus lens,35mm MFレンズ,35mm,MF,lens,,2010,,165,250,同ジャンルの既知機種からの推定範囲,genre-estimate,D,open-model-catalog,lens-small,210,165,260
sigmasigma300800mmf56exdgifhsmapo,lens,Sigma,Sigma 300-800mm f/5.6 EX DG IF HSM APO,,35mm manual-focus lens,35mm MFレンズ,35mm,MF,lens,,2003,,165,250,同ジャンルの既知機種からの推定範囲,genre-estimate,D,open-model-catalog,lens-small,210,165,260
sigmasigma300800mmf56exdgapohsm,lens,Sigma,Sigma 300-800mm F5.6 EX DG APO HSM,,35mm manual-focus lens,35mm MFレンズ,35mm,MF,lens,,2006,,165,250,同ジャンルの既知機種からの推定範囲,genre-estimate,D,open-model-catalog,lens-small,210,165,260
sigmasigma300mmf28exapohsm,lens,Sigma,Sigma 300mm f/2.8 EX APO HSM,,35mm manual-focus lens,35mm MFレンズ,35mm,MF,lens,,,,165,250,同ジャンルの既知機種からの推定範囲,genre-estimate,D,open-model-catalog,lens-small,210,165,260
sigmasigma400mmf56apo,lens,Sigma,Sigma 400mm f/5.6 APO,,35mm manual-focus lens,35mm MFレンズ,35mm,MF,lens,,,,165,250,同ジャンルの既知機種からの推定範囲,genre-estimate,D,open-model-catalog,lens-small,210,165,260
sigmasigma50500mmf463exaporf,lens,Sigma,Sigma 50-500mm f/4-6.3 EX APO RF,,35mm manual-focus lens,35mm MFレンズ,35mm,MF,lens,,,,165,250,同ジャンルの既知機種からの推定範囲,genre-estimate,D,open-model-catalog,lens-small,210,165,260
sigmasigma50500mmf463exdghsm,lens,Sigma,Sigma 50-500mm f/4-6.3 EX DG/HSM,,35mm manual-focus lens,35mm MFレンズ,35mm,MF,lens,,,,165,250,同ジャンルの既知機種からの推定範囲,genre-estimate,D,open-model-catalog,lens-small,210,165,260
sigmasigma50500mmf4563apodgoshsm,lens,Sigma,Sigma 50-500mm F4.5-6.3 APO DG OS HSM,,35mm manual-focus lens,35mm MFレンズ,35mm,MF,lens,,2010,,165,250,同ジャンルの既知機種からの推定範囲,genre-estimate,D,open-model-catalog,lens-small,210,165,260
sigmasigma500mmf45exapohsm,lens,Sigma,Sigma 500mm f/4.5 EX APO HSM,,35mm manual-focus lens,35mm MFレンズ,35mm,MF,lens,,,,165,250,同ジャンルの既知機種からの推定範囲,genre-estimate,D,open-model-catalog,lens-small,210,165,260
sigmasigma50mmf28exdgmacro,lens,Sigma,Sigma 50mm f/2.8 EX DG Macro,,35mm manual-focus lens,35mm MFレンズ,35mm,MF,lens,,2004,,165,250,同ジャンルの既知機種からの推定範囲,genre-estimate,D,open-model-catalog,lens-small,210,165,260
sigmasigma50mmf14exdghsm,lens,Sigma,Sigma 50mm F1.4 EX DG HSM,,35mm manual-focus lens,35mm MFレンズ,35mm,MF,lens,,2008,,165,250,同ジャンルの既知機種からの推定範囲,genre-estimate,D,open-model-catalog,lens-small,210,165,260
sigmasigma70200mmf28exdgapomacrohsm,lens,Sigma,Sigma 70-200mm f/2.8 EX DG APO Macro HSM,,35mm manual-focus lens,35mm MFレンズ,35mm,MF,lens,,2006,,165,250,同ジャンルの既知機種からの推定範囲,genre-estimate,D,open-model-catalog,lens-small,210,165,260
sigmasigma70200mmf28apoexdgmacrohsm,lens,Sigma,Sigma 70-200mm F2.8 APO EX DG MACRO HSM,,35mm manual-focus lens,35mm MFレンズ,35mm,MF,lens,,2006,,165,250,同ジャンルの既知機種からの推定範囲,genre-estimate,D,open-model-catalog,lens-small,210,165,260
sigmasigma70210mmf28apo,lens,Sigma,Sigma 70-210mm f/2.8 APO,,35mm manual-focus lens,35mm MFレンズ,35mm,MF,lens,,,,165,250,同ジャンルの既知機種からの推定範囲,genre-estimate,D,open-model-catalog,lens-small,210,165,260
sigmasigma70300mmf456dgapomacro,lens,Sigma,Sigma 70-300mm f/4-5.6 DG APO Macro,,35mm manual-focus lens,35mm MFレンズ,35mm,MF,lens,,,,165,250,同ジャンルの既知機種からの推定範囲,genre-estimate,D,open-model-catalog,lens-small,210,165,260
sigmasigma70300mmf4556apodgmacro,lens,Sigma,Sigma 70-300mm f/4.5-5.6 APO DG Macro,,35mm manual-focus lens,35mm MFレンズ,35mm,MF,lens,,2005,,165,250,同ジャンルの既知機種からの推定範囲,genre-estimate,D,open-model-catalog,lens-small,210,165,260
sigmasigma70300mmf4556dgmacro,lens,Sigma,Sigma 70-300mm f/4.5-5.6 DG Macro,,35mm manual-focus lens,35mm MFレンズ,35mm,MF,lens,,2005,,165,250,同ジャンルの既知機種からの推定範囲,genre-estimate,D,open-model-catalog,lens-small,210,165,260
sigmasigma70300mmf456apodgmacro,lens,Sigma,Sigma 70-300mm F4-5.6 APO DG Macro,,35mm manual-focus lens,35mm MFレンズ,35mm,MF,lens,,2005,,165,250,同ジャンルの既知機種からの推定範囲,genre-estimate,D,open-model-catalog,lens-small,210,165,260
sigmasigma70300mmf456apodgmacromotorized,lens,Sigma,Sigma 70-300mm F4-5.6 APO DG Macro(Motorized),,35mm manual-focus lens,35mm MFレンズ,35mm,MF,lens,,2011,,165,250,同ジャンルの既知機種からの推定範囲,genre-estimate,D,open-model-catalog,lens-small,210,165,260
sigmasigma70300mmf456dgmacro,lens,Sigma,Sigma 70-300mm F4-5.6 DG Macro,,35mm manual-focus lens,35mm MFレンズ,35mm,MF,lens,,2011,,165,250,同ジャンルの既知機種からの推定範囲,genre-estimate,D,open-model-catalog,lens-small,210,165,260
sigmasigma70300mmf456dgmacromotorized,lens,Sigma,Sigma 70-300mm F4-5.6 DG Macro (Motorized),,35mm manual-focus lens,35mm MFレンズ,35mm,MF,lens,,2010,,165,250,同ジャンルの既知機種からの推定範囲,genre-estimate,D,open-model-catalog,lens-small,210,165,260
sigmasigma70300mmf456dgos,lens,Sigma,Sigma 70-300mm F4-5.6 DG OS,,35mm manual-focus lens,35mm MFレンズ,35mm,MF,lens,,2009,,165,250,同ジャンルの既知機種からの推定範囲,genre-estimate,D,open-model-catalog,lens-small,210,165,260
sigmasigma70mmf28exdg,lens,Sigma,Sigma 70mm f/2.8 EX DG,,35mm manual-focus lens,35mm MFレンズ,35mm,MF,lens,,2006,,165,250,同ジャンルの既知機種からの推定範囲,genre-estimate,D,open-model-catalog,lens-small,210,165,260
sigmasigma80400mmf4556apoexdgos,lens,Sigma,Sigma 80-400mm F4.5-5.6 APO EX DG OS,,35mm manual-focus lens,35mm MFレンズ,35mm,MF,lens,,2004,,165,250,同ジャンルの既知機種からの推定範囲,genre-estimate,D,open-model-catalog,lens-small,210,165,260
sigmasigma800mmf56exapohsm,lens,Sigma,Sigma 800mm f/5.6 EX APO HSM,,35mm manual-focus lens,35mm MFレンズ,35mm,MF,lens,,,,165,250,同ジャンルの既知機種からの推定範囲,genre-estimate,D,open-model-catalog,lens-small,210,165,260
sigmasigma85mmf14exdghsm,lens,Sigma,Sigma 85mm F1.4 EX DG HSM,,35mm manual-focus lens,35mm MFレンズ,35mm,MF,lens,,2010,,165,250,同ジャンルの既知機種からの推定範囲,genre-estimate,D,open-model-catalog,lens-small,210,165,260
sigmasigma8mmf35exdgcircularfisheye,lens,Sigma,Sigma 8mm f/3.5 EX DG Circular Fisheye,,35mm manual-focus lens,35mm MFレンズ,35mm,MF,lens,,2006,,165,250,同ジャンルの既知機種からの推定範囲,genre-estimate,D,open-model-catalog,lens-small,210,165,260
sigmasigma8mmf40excircularfisheye,lens,Sigma,Sigma 8mm f/4.0 EX Circular Fish-Eye,,35mm manual-focus lens,35mm MFレンズ,35mm,MF,lens,,,,165,250,同ジャンルの既知機種からの推定範囲,genre-estimate,D,open-model-catalog,lens-small,210,165,260
sigmasigmaapo120400mmf4556dgoshsm,lens,Sigma,Sigma APO 120-400mm F4.5-5.6 DG OS HSM,Sigma APO 120-400mm F4.5-5.6 DG HSM,35mm manual-focus lens,35mm MFレンズ,35mm,MF,lens,,2008,,165,250,同ジャンルの既知機種からの推定範囲,genre-estimate,D,open-model-catalog,lens-small,210,165,260
sigmasigmaapo150500mmf563dgoshsm,lens,Sigma,Sigma APO 150-500mm F5-6.3 DG OS HSM,,35mm manual-focus lens,35mm MFレンズ,35mm,MF,lens,,2008,,165,250,同ジャンルの既知機種からの推定範囲,genre-estimate,D,open-model-catalog,lens-small,210,165,260
sigmasigmaapo200500mmf28,lens,Sigma,Sigma APO 200-500mm f/2.8,,35mm manual-focus lens,35mm MFレンズ,35mm,MF,lens,,2008,,165,250,同ジャンルの既知機種からの推定範囲,genre-estimate,D,open-model-catalog,lens-small,210,165,260
sigmasigmaapo4001000mmf56exdg,lens,Sigma,Sigma APO 400-1000mm F5.6 EX DG,,35mm manual-focus lens,35mm MFレンズ,35mm,MF,lens,,2008,,165,250,同ジャンルの既知機種からの推定範囲,genre-estimate,D,open-model-catalog,lens-small,210,165,260
sigmasigmaapo70200mmf28exdgoshsm,lens,Sigma,Sigma APO 70-200mm F2.8 EX DG OS HSM,,35mm manual-focus lens,35mm MFレンズ,35mm,MF,lens,,2010,,165,250,同ジャンルの既知機種からの推定範囲,genre-estimate,D,open-model-catalog,lens-small,210,165,260
sigmasigmaapo70200mmf28iiexdgmacrohsm,lens,Sigma,Sigma APO 70-200mm F2.8 II EX DG MACRO HSM,,35mm manual-focus lens,35mm MFレンズ,35mm,MF,lens,,2007,,165,250,同ジャンルの既知機種からの推定範囲,genre-estimate,D,open-model-catalog,lens-small,210,165,260
sigmasigmaapo70200mmf28iiexdgmacrohsmpenta,lens,Sigma,Sigma APO 70-200mm F2.8 II EX DG MACRO HSM Penta,,35mm manual-focus lens,35mm MFレンズ,35mm,MF,lens,,2008,,165,250,同ジャンルの既知機種からの推定範囲,genre-estimate,D,open-model-catalog,lens-small,210,165,260
sigmasigmasa7,camera,Sigma,Sigma SA7,,Vintage film camera,その他・クラシックカメラ,35mm,MF,interchangeable,,2001,,350,1000,同ジャンルの既知機種からの推定範囲,genre-estimate,D,open-model-catalog,camera-large,460,380,560
sigmasigmasa9,camera,Sigma,Sigma SA9,,Vintage film camera,その他・クラシックカメラ,35mm,MF,interchangeable,,2001,,350,1000,同ジャンルの既知機種からの推定範囲,genre-estimate,D,open-model-catalog,camera-large,460,380,560
sigmasigmasigma2410540dghsm,lens,Sigma,Sigma Sigma 24-105/4.0 DG HSM,,35mm manual-focus lens,35mm MFレンズ,35mm,MF,lens,,,,165,250,同ジャンルの既知機種からの推定範囲,genre-estimate,D,open-model-catalog,lens-small,210,165,260
sonysony70400mmf456gssmii,lens,Sony,Sony 70-400mm F4-5.6 G SSM II,,35mm manual-focus lens,35mm MFレンズ,35mm,MF,lens,Minolta/Sony A,2013,,165,250,同ジャンルの既知機種からの推定範囲,genre-estimate,D,open-model-catalog,lens-small,210,165,260
sonysonycarlzeissplanart50mmf14zassm,lens,Sony,Sony Carl Zeiss Planar T* 50mm F1.4 ZA SSM,,35mm manual-focus lens,35mm MFレンズ,35mm,MF,lens,Minolta/Sony A,2013,,165,250,同ジャンルの既知機種からの推定範囲,genre-estimate,D,open-model-catalog,lens-small,210,165,260
sonysonyglens70200mmf28gssmiitelephotozoomlen,lens,Sony,Sony G Lens 70-200mm F2.8 G SSM II Telephoto Zoom Len,,35mm manual-focus lens,35mm MFレンズ,35mm,MF,lens,Minolta/Sony A,2013,,165,250,同ジャンルの既知機種からの推定範囲,genre-estimate,D,open-model-catalog,lens-small,210,165,260
sonysonysal24f2z,lens,Sony,Sony SAL-24F2Z,,35mm manual-focus lens,35mm MFレンズ,35mm,MF,lens,Minolta/Sony A,2010,,165,250,同ジャンルの既知機種からの推定範囲,genre-estimate,D,open-model-catalog,lens-small,210,165,260
sonysonysal85f25,lens,Sony,Sony SAL-85F25,85mm F2.8 SAM,35mm manual-focus lens,35mm MFレンズ,35mm,MF,lens,Minolta/Sony A,2010,,165,250,同ジャンルの既知機種からの推定範囲,genre-estimate,D,open-model-catalog,lens-small,210,165,260
vivitarvivitarpn2011,camera,Vivitar,Vivitar PN2011,PN2011 | ビビター,35mm compact MF,35mm MFコンパクト,35mm,MF,fixed,Fixed lens,,,220,460,同系統の既知機種からの推定範囲。出品前に実測推奨,genre-estimate,D,expanded-compact-rangefinder-2026,compact-standard,270,220,325
vivitarvivitarultrawideslim,camera,Vivitar,Vivitar Ultra Wide & Slim,Ultra Wide & Slim | UltraWide&Slim | ビビター,35mm compact MF,35mm MFコンパクト,35mm,MF,fixed,Fixed lens,,,220,460,同系統の既知機種からの推定範囲。出品前に実測推奨,genre-estimate,D,expanded-compact-rangefinder-2026,compact-standard,270,220,325
voigtlandervoigtlanderbessar,camera,Voigtlander,Voigtlander Bessa R,Bessa-R | Voigtländer | フォクトレンダー,35mm interchangeable rangefinder,35mmレンジファインダー（レンズ交換式）,35mm,MF,interchangeable,,2000,395,395,395,body only,reference,B,compiled-specs,compact-standard,270,220,325
voigtlandervoigtlanderbessar2,camera,Voigtlander,Voigtlander Bessa R2,Bessa R2 | Voigtländer | フォクトレンダー,35mm interchangeable rangefinder,35mmレンジファインダー（レンズ交換式）,35mm,MF,interchangeable,,2002,430,430,430,body only,reference,B,compiled-specs,compact-standard,270,220,325
voigtlandervoigtlanderbessar3a,camera,Voigtlander,Voigtlander Bessa R3A,Bessa R3A | Voigtländer | フォクトレンダー,35mm interchangeable rangefinder,35mmレンジファインダー（レンズ交換式）,35mm,MF,interchangeable,,2004,430,430,430,body only,reference,B,compiled-specs,compact-standard,270,220,325
voigtlandervoigtlanderbessar4a,camera,Voigtlander,Voigtlander Bessa R4A,Bessa R4A | Voigtländer | フォクトレンダー,35mm interchangeable rangefinder,35mmレンジファインダー（レンズ交換式）,35mm,MF,interchangeable,,2006,440,440,440,body only,reference,B,compiled-specs,compact-standard,270,220,325
voigtlandervoigtlandervitob,camera,Voigtlander,Voigtlander Vito B,Vito B | VitoB | フォクトレンダー,35mm fixed-lens rangefinder,35mmレンジファインダー（固定レンズ）,35mm,MF,fixed,Fixed lens,,,340,700,同系統の既知機種からの推定範囲。出品前に実測推奨,genre-estimate,D,expanded-compact-rangefinder-2026,compact-heavy,320,260,390
voigtlandervoigtlandervitoclr,camera,Voigtlander,Voigtlander Vito CLR,Vito CLR | VitoCLR | フォクトレンダー,35mm fixed-lens rangefinder,35mmレンジファインダー（固定レンズ）,35mm,MF,fixed,Fixed lens,,,340,700,同系統の既知機種からの推定範囲。出品前に実測推奨,genre-estimate,D,expanded-compact-rangefinder-2026,compact-heavy,320,260,390
voigtlandervoigtlandervitomaticiia,camera,Voigtlander,Voigtlander Vitomatic IIa,Vitomatic IIa | VitomaticIIa | フォクトレンダー,35mm fixed-lens rangefinder,35mmレンジファインダー（固定レンズ）,35mm,MF,fixed,Fixed lens,,,340,700,同系統の既知機種からの推定範囲。出品前に実測推奨,genre-estimate,D,expanded-compact-rangefinder-2026,compact-heavy,320,260,390
voigtlandervoigtlandervitomaticiib,camera,Voigtlander,Voigtlander Vitomatic IIb,Vitomatic IIb | VitomaticIIb | フォクトレンダー,35mm fixed-lens rangefinder,35mmレンジファインダー（固定レンズ）,35mm,MF,fixed,Fixed lens,,,340,700,同系統の既知機種からの推定範囲。出品前に実測推奨,genre-estimate,D,expanded-compact-rangefinder-2026,compact-heavy,320,260,390
yashicayashicaautofocus,camera,Yashica,Yashica Auto Focus,Auto Focus | AutoFocus | ヤシカ,35mm AF compact,35mm AFコンパクト,35mm,AF,fixed,Fixed lens,,,160,430,同系統の既知機種からの推定範囲。出品前に実測推奨,genre-estimate,D,expanded-compact-rangefinder-2026,compact-standard,270,220,325
yashicayashicaautofocusmotor,camera,Yashica,Yashica Auto Focus Motor,Auto Focus Motor | AutoFocusMotor | ヤシカ,35mm AF compact,35mm AFコンパクト,35mm,AF,fixed,Fixed lens,,,160,430,同系統の既知機種からの推定範囲。出品前に実測推奨,genre-estimate,D,expanded-compact-rangefinder-2026,compact-standard,270,220,325
yashicayashicaelectro35cc,camera,Yashica,Yashica Electro 35 CC,Electro 35 CC | Electro35CC | ヤシカ,35mm fixed-lens rangefinder,35mmレンジファインダー（固定レンズ）,35mm,MF,fixed,Fixed lens,,,340,700,同系統の既知機種からの推定範囲。出品前に実測推奨,genre-estimate,D,expanded-compact-rangefinder-2026,compact-heavy,320,260,390
yashicayashicaelectro35ccn,camera,Yashica,Yashica Electro 35 CCN,Electro 35 CCN | Electro35CCN | ヤシカ,35mm fixed-lens rangefinder,35mmレンジファインダー（固定レンズ）,35mm,MF,fixed,Fixed lens,,,340,700,同系統の既知機種からの推定範囲。出品前に実測推奨,genre-estimate,D,expanded-compact-rangefinder-2026,compact-heavy,320,260,390
yashicayashicaelectro35fc,camera,Yashica,Yashica Electro 35 FC,Electro 35 FC | Electro35FC | ヤシカ,35mm fixed-lens rangefinder,35mmレンジファインダー（固定レンズ）,35mm,MF,fixed,Fixed lens,,,340,700,同系統の既知機種からの推定範囲。出品前に実測推奨,genre-estimate,D,expanded-compact-rangefinder-2026,compact-heavy,320,260,390
yashicayashicaelectro35gl,camera,Yashica,Yashica Electro 35 GL,Electro 35 GL | Electro35GL | ヤシカ,35mm fixed-lens rangefinder,35mmレンジファインダー（固定レンズ）,35mm,MF,fixed,Fixed lens,,,340,700,同系統の既知機種からの推定範囲。出品前に実測推奨,genre-estimate,D,expanded-compact-rangefinder-2026,compact-heavy,320,260,390
yashicayashicaelectro35gsn,camera,Yashica,Yashica Electro 35 GSN,Electro 35 | ヤシカ,35mm fixed-lens rangefinder,35mmレンジファインダー（固定レンズ）,35mm,MF,fixed,Fixed lens,1973,750,750,750,with fixed lens,reference,B,compiled-specs,compact-heavy,320,260,390
yashicayashicaelectro35gt,camera,Yashica,Yashica Electro 35 GT,Electro 35 GT | Electro35GT | ヤシカ,35mm fixed-lens rangefinder,35mmレンジファインダー（固定レンズ）,35mm,MF,fixed,Fixed lens,,,340,700,同系統の既知機種からの推定範囲。出品前に実測推奨,genre-estimate,D,expanded-compact-rangefinder-2026,compact-heavy,320,260,390
yashicayashicaelectro35gtn,camera,Yashica,Yashica Electro 35 GTN,Electro 35 GTN | Electro35GTN | ヤシカ,35mm fixed-lens rangefinder,35mmレンジファインダー（固定レンズ）,35mm,MF,fixed,Fixed lens,,,340,700,同系統の既知機種からの推定範囲。出品前に実測推奨,genre-estimate,D,expanded-compact-rangefinder-2026,compact-heavy,320,260,390
yashicayashicaelectro35gx,camera,Yashica,Yashica Electro 35 GX,Electro GX | ヤシカ,35mm fixed-lens rangefinder,35mmレンジファインダー（固定レンズ）,35mm,MF,fixed,Fixed lens,1975,580,580,580,with fixed lens,reference,B,compiled-specs,compact-heavy,320,260,390
yashicayashicaelectroax,camera,Yashica,Yashica Electro AX,Electro AX | ヤシカ,35mm MF SLR,35mm一眼レフ（MF）,35mm,MF,interchangeable,,1972,740,740,740,body only,reference,B,compiled-specs,camera-body,350,290,425
yashicayashicafri,camera,Yashica,Yashica FR I,FR1 | ヤシカ,35mm MF SLR,35mm一眼レフ（MF）,35mm,MF,interchangeable,,1977,660,660,660,body only,reference,B,compiled-specs,camera-body,350,290,425
yashicayashicafx3,camera,Yashica,Yashica FX-3,FX-3 Super 2000 | FX3 | ヤシカ,35mm MF SLR,35mm一眼レフ（MF）,35mm,MF,interchangeable,,1979,450,450,450,body only,reference,B,compiled-specs,camera-body,350,290,425
yashicayashicafxdquartz,camera,Yashica,Yashica FX-D Quartz,FX-D | ヤシカ,35mm MF SLR,35mm一眼レフ（MF）,35mm,MF,interchangeable,,1980,455,455,455,body only,reference,B,compiled-specs,camera-body,350,290,425
yashicayashicajmini,camera,Yashica,Yashica J-Mini,J-Mini | J Mini | ヤシカ,35mm AF compact,35mm AFコンパクト,35mm,AF,fixed,Fixed lens,,,160,430,同系統の既知機種からの推定範囲。出品前に実測推奨,genre-estimate,D,expanded-compact-rangefinder-2026,compact-standard,270,220,325
yashicayashicajminisuper,camera,Yashica,Yashica J-Mini Super,J-Mini Super | J Mini Super | J-MiniSuper | ヤシカ,35mm AF compact,35mm AFコンパクト,35mm,AF,fixed,Fixed lens,,,160,430,同系統の既知機種からの推定範囲。出品前に実測推奨,genre-estimate,D,expanded-compact-rangefinder-2026,compact-standard,270,220,325
yashicayashicalynx14e,camera,Yashica,Yashica Lynx 14E,Lynx 14E | Lynx14E | ヤシカ,35mm fixed-lens rangefinder,35mmレンジファインダー（固定レンズ）,35mm,MF,fixed,Fixed lens,,,340,700,同系統の既知機種からの推定範囲。出品前に実測推奨,genre-estimate,D,expanded-compact-rangefinder-2026,compact-heavy,320,260,390
yashicayashicamat124g,camera,Yashica,Yashica Mat-124G,Mat 124G | ヤシカ,Twin-lens reflex,二眼レフ,120,MF,fixed,Fixed lens,1970,1100,1100,1100,camera with fixed lenses,reference,B,compiled-specs,camera-large,460,380,560
yashicayashicamf2,camera,Yashica,Yashica MF-2,MF-2 | MF 2 | ヤシカ,35mm AF compact,35mm AFコンパクト,35mm,AF,fixed,Fixed lens,,,160,430,同系統の既知機種からの推定範囲。出品前に実測推奨,genre-estimate,D,expanded-compact-rangefinder-2026,compact-standard,270,220,325
yashicayashicamf3,camera,Yashica,Yashica MF-3,MF-3 | MF 3 | ヤシカ,35mm AF compact,35mm AFコンパクト,35mm,AF,fixed,Fixed lens,,,160,430,同系統の既知機種からの推定範囲。出品前に実測推奨,genre-estimate,D,expanded-compact-rangefinder-2026,compact-standard,270,220,325
yashicayashicamg1,camera,Yashica,Yashica MG-1,MG-1 | MG 1 | ヤシカ,35mm fixed-lens rangefinder,35mmレンジファインダー（固定レンズ）,35mm,MF,fixed,Fixed lens,,,340,700,同系統の既知機種からの推定範囲。出品前に実測推奨,genre-estimate,D,expanded-compact-rangefinder-2026,compact-heavy,320,260,390
yashicayashicamicroteczoom120,camera,Yashica,Yashica Microtec Zoom 120,Microtec Zoom 120 | MicrotecZoom120 | ヤシカ,35mm zoom compact,35mmズームコンパクト,35mm,AF,fixed,Fixed lens,,,180,480,同系統の既知機種からの推定範囲。出品前に実測推奨,genre-estimate,D,expanded-compact-rangefinder-2026,compact-standard,270,220,325
yashicayashicamicroteczoom70,camera,Yashica,Yashica Microtec Zoom 70,Microtec Zoom 70 | MicrotecZoom70 | ヤシカ,35mm zoom compact,35mmズームコンパクト,35mm,AF,fixed,Fixed lens,,,180,480,同系統の既知機種からの推定範囲。出品前に実測推奨,genre-estimate,D,expanded-compact-rangefinder-2026,compact-standard,270,220,325
yashicayashicamicroteczoom90,camera,Yashica,Yashica Microtec Zoom 90,Microtec Zoom 90 | MicrotecZoom90 | ヤシカ,35mm zoom compact,35mmズームコンパクト,35mm,AF,fixed,Fixed lens,,,180,480,同系統の既知機種からの推定範囲。出品前に実測推奨,genre-estimate,D,expanded-compact-rangefinder-2026,compact-standard,270,220,325
yashicayashicaminister700,camera,Yashica,Yashica Minister 700,Minister 700 | Minister700 | ヤシカ,35mm fixed-lens rangefinder,35mmレンジファインダー（固定レンズ）,35mm,MF,fixed,Fixed lens,,,340,700,同系統の既知機種からの推定範囲。出品前に実測推奨,genre-estimate,D,expanded-compact-rangefinder-2026,compact-heavy,320,260,390
yashicayashicaministerd,camera,Yashica,Yashica Minister D,Minister D | MinisterD | ヤシカ,35mm fixed-lens rangefinder,35mmレンジファインダー（固定レンズ）,35mm,MF,fixed,Fixed lens,,,340,700,同系統の既知機種からの推定範囲。出品前に実測推奨,genre-estimate,D,expanded-compact-rangefinder-2026,compact-heavy,320,260,390
yashicayashicaminitecaf,camera,Yashica,Yashica Minitec AF,Minitec AF | MinitecAF | ヤシカ,35mm AF compact,35mm AFコンパクト,35mm,AF,fixed,Fixed lens,,,160,430,同系統の既知機種からの推定範囲。出品前に実測推奨,genre-estimate,D,expanded-compact-rangefinder-2026,compact-standard,270,220,325
yashicayashicataf,camera,Yashica,Yashica T-AF,T-AF | T AF | ヤシカ,35mm AF compact,35mm AFコンパクト,35mm,AF,fixed,Fixed lens,,,160,430,同系統の既知機種からの推定範囲。出品前に実測推奨,genre-estimate,D,expanded-compact-rangefinder-2026,compact-standard,270,220,325
yashicayashicatafd,camera,Yashica,Yashica T-AF-D,T-AF-D | T AF D | ヤシカ,35mm AF compact,35mm AFコンパクト,35mm,AF,fixed,Fixed lens,,,160,430,同系統の既知機種からの推定範囲。出品前に実測推奨,genre-estimate,D,expanded-compact-rangefinder-2026,compact-standard,270,220,325
yashicayashicatafdsuper,camera,Yashica,Yashica T-AF-D Super,T-AF-D Super | T AF D Super | T-AF-DSuper | ヤシカ,35mm AF compact,35mm AFコンパクト,35mm,AF,fixed,Fixed lens,,,160,430,同系統の既知機種からの推定範囲。出品前に実測推奨,genre-estimate,D,expanded-compact-rangefinder-2026,compact-standard,270,220,325
yashicayashicat2,camera,Yashica,Yashica T2,T2 | ヤシカ,Premium 35mm compact,高級35mmコンパクト,35mm,AF,fixed,Fixed lens,,,160,340,同系統の既知機種からの推定範囲。出品前に実測推奨,genre-estimate,D,expanded-compact-rangefinder-2026,compact-standard,270,220,325
yashicayashicat3,camera,Yashica,Yashica T3,T3 | ヤシカ,Premium 35mm compact,高級35mmコンパクト,35mm,AF,fixed,Fixed lens,,,160,340,同系統の既知機種からの推定範囲。出品前に実測推奨,genre-estimate,D,expanded-compact-rangefinder-2026,compact-standard,270,220,325
yashicayashicat3super,camera,Yashica,Yashica T3 Super,T3 Super | T3Super | ヤシカ,Premium 35mm compact,高級35mmコンパクト,35mm,AF,fixed,Fixed lens,,,160,340,同系統の既知機種からの推定範囲。出品前に実測推奨,genre-estimate,D,expanded-compact-rangefinder-2026,compact-standard,270,220,325
yashicayashicat4,camera,Yashica,Yashica T4,T4 Safari | T4 Super | ヤシカ,Premium 35mm compact,高級35mmコンパクト,35mm,AF,fixed,Fixed lens,1990,170,170,170,without battery,reference,B,compiled-specs,compact-slim,215,175,260
yashicayashicat5,camera,Yashica,Yashica T5,T5 | ヤシカ,Premium 35mm compact,高級35mmコンパクト,35mm,AF,fixed,Fixed lens,1995,200,200,200,without battery,reference,B,compiled-specs,compact-slim,215,175,260
yashicayashicazoomate105,camera,Yashica,Yashica Zoomate 105,Zoomate 105 | Zoomate105 | ヤシカ,35mm zoom compact,35mmズームコンパクト,35mm,AF,fixed,Fixed lens,,,180,480,同系統の既知機種からの推定範囲。出品前に実測推奨,genre-estimate,D,expanded-compact-rangefinder-2026,compact-standard,270,220,325
yashicayashicazoomate115,camera,Yashica,Yashica Zoomate 115,Zoomate 115 | Zoomate115 | ヤシカ,35mm zoom compact,35mmズームコンパクト,35mm,AF,fixed,Fixed lens,,,180,480,同系統の既知機種からの推定範囲。出品前に実測推奨,genre-estimate,D,expanded-compact-rangefinder-2026,compact-standard,270,220,325
yashicayashicazoomate120,camera,Yashica,Yashica Zoomate 120,Zoomate 120 | Zoomate120 | ヤシカ,35mm zoom compact,35mmズームコンパクト,35mm,AF,fixed,Fixed lens,,,180,480,同系統の既知機種からの推定範囲。出品前に実測推奨,genre-estimate,D,expanded-compact-rangefinder-2026,compact-standard,270,220,325
yashicayashicazoomate140,camera,Yashica,Yashica Zoomate 140,Zoomate 140 | Zoomate140 | ヤシカ,35mm zoom compact,35mmズームコンパクト,35mm,AF,fixed,Fixed lens,,,180,480,同系統の既知機種からの推定範囲。出品前に実測推奨,genre-estimate,D,expanded-compact-rangefinder-2026,compact-standard,270,220,325
yashicayashicazoomate70,camera,Yashica,Yashica Zoomate 70,Zoomate 70 | Zoomate70 | ヤシカ,35mm zoom compact,35mmズームコンパクト,35mm,AF,fixed,Fixed lens,,,180,480,同系統の既知機種からの推定範囲。出品前に実測推奨,genre-estimate,D,expanded-compact-rangefinder-2026,compact-standard,270,220,325
yashicayashicazoomate80,camera,Yashica,Yashica Zoomate 80,Zoomate 80 | Zoomate80 | ヤシカ,35mm zoom compact,35mmズームコンパクト,35mm,AF,fixed,Fixed lens,,,180,480,同系統の既知機種からの推定範囲。出品前に実測推奨,genre-estimate,D,expanded-compact-rangefinder-2026,compact-standard,270,220,325
yashicayashicazoomate90,camera,Yashica,Yashica Zoomate 90,Zoomate 90 | Zoomate90 | ヤシカ,35mm zoom compact,35mmズームコンパクト,35mm,AF,fixed,Fixed lens,,,180,480,同系統の既知機種からの推定範囲。出品前に実測推奨,genre-estimate,D,expanded-compact-rangefinder-2026,compact-standard,270,220,325
zeissikonzeissikonsuperikonta53216,camera,Zeiss Ikon,Zeiss Ikon Super Ikonta 532/16,Super Ikonta | ツァイス・イコン,Medium-format folding camera,中判フォールディング,120,MF,fixed,Fixed lens,1938,780,780,780,with fixed lens,reference,B,compiled-specs,camera-large,460,380,560
nikonnikonas2flashunitcoupler,accessory,Nikon,Nikon AS-2 Flash Unit Coupler,AS-2 | AS2,Flash adapter,Flash adapter,accessory,,,,,22.0,22.0,22.0,代表重量。ケース・電池・地域仕様の差に注意,reference,C,expanded-accessory-v5,small-box,98,78,125
nikonnikonas3flashunitcoupler,accessory,Nikon,Nikon AS-3 Flash Unit Coupler,AS-3 | AS3,Flash adapter,Flash adapter,accessory,,,,,24.0,24.0,24.0,代表重量。ケース・電池・地域仕様の差に注意,reference,C,expanded-accessory-v5,small-box,98,78,125
nikonnikonas4flashunitcoupler,accessory,Nikon,Nikon AS-4 Flash Unit Coupler,AS-4 | AS4,Flash adapter,Flash adapter,accessory,,,,,25.0,25.0,25.0,代表重量。ケース・電池・地域仕様の差に注意,reference,C,expanded-accessory-v5,small-box,98,78,125
nikonnikonas5flashunitcoupler,accessory,Nikon,Nikon AS-5 Flash Unit Coupler,AS-5 | AS5,Flash adapter,Flash adapter,accessory,,,,,28.0,28.0,28.0,代表重量。ケース・電池・地域仕様の差に注意,reference,C,expanded-accessory-v5,small-box,98,78,125
nikonnikonas6flashunitcoupler,accessory,Nikon,Nikon AS-6 Flash Unit Coupler,AS-6 | AS6,Flash adapter,Flash adapter,accessory,,,,,30.0,30.0,30.0,代表重量。ケース・電池・地域仕様の差に注意,reference,C,expanded-accessory-v5,small-box,98,78,125
nikonnikonas7flashunitcoupler,accessory,Nikon,Nikon AS-7 Flash Unit Coupler,AS-7 | AS7,Flash adapter,Flash adapter,accessory,,,,,32.0,32.0,32.0,代表重量。ケース・電池・地域仕様の差に注意,reference,C,expanded-accessory-v5,small-box,98,78,125
nikonnikonas8flashunitcoupler,accessory,Nikon,Nikon AS-8 Flash Unit Coupler,AS-8 | AS8,Flash adapter,Flash adapter,accessory,,,,,35.0,35.0,35.0,代表重量。ケース・電池・地域仕様の差に注意,reference,C,expanded-accessory-v5,small-box,98,78,125
nikonnikonas9flashunitcoupler,accessory,Nikon,Nikon AS-9 Flash Unit Coupler,AS-9 | AS9,Flash adapter,Flash adapter,accessory,,,,,35.0,35.0,35.0,代表重量。ケース・電池・地域仕様の差に注意,reference,C,expanded-accessory-v5,small-box,98,78,125
nikonnikonas10flashunitcoupler,accessory,Nikon,Nikon AS-10 Flash Unit Coupler,AS-10 | AS10,Flash adapter,Flash adapter,accessory,,,,,38.0,38.0,38.0,代表重量。ケース・電池・地域仕様の差に注意,reference,C,expanded-accessory-v5,soft-mailer-sm,45,34,58
nikonnikonas11flashunitcoupler,accessory,Nikon,Nikon AS-11 Flash Unit Coupler,AS-11 | AS11,Flash adapter,Flash adapter,accessory,,,,,40.0,40.0,40.0,代表重量。ケース・電池・地域仕様の差に注意,reference,C,expanded-accessory-v5,soft-mailer-sm,45,34,58
nikonnikonas12flashunitcoupler,accessory,Nikon,Nikon AS-12 Flash Unit Coupler,AS-12 | AS12,Flash adapter,Flash adapter,accessory,,,,,42.0,42.0,42.0,代表重量。ケース・電池・地域仕様の差に注意,reference,C,expanded-accessory-v5,soft-mailer-sm,45,34,58
nikonnikonas15flashunitcoupler,accessory,Nikon,Nikon AS-15 Flash Unit Coupler,AS-15 | AS15,Flash adapter,Flash adapter,accessory,,,,,35.0,35.0,35.0,代表重量。ケース・電池・地域仕様の差に注意,reference,C,expanded-accessory-v5,soft-mailer-sm,45,34,58
nikonnikonas17flashunitcoupler,accessory,Nikon,Nikon AS-17 Flash Unit Coupler,AS-17 | AS17,Flash adapter,Flash adapter,accessory,,,,,30.0,30.0,30.0,代表重量。ケース・電池・地域仕様の差に注意,reference,C,expanded-accessory-v5,soft-mailer-sm,45,34,58
nikonnikondk2rubbereyecup,accessory,Nikon,Nikon DK-2 Rubber Eyecup,DK-2 | DK2,Eyecup / eyepiece,アイカップ・接眼部品,accessory,,,,,12.0,12.0,12.0,代表重量。ケース・電池・地域仕様の差に注意,reference,C,expanded-accessory-v5,soft-mailer-xs,32,24,45
nikonnikondk3rubbereyecup,accessory,Nikon,Nikon DK-3 Rubber Eyecup,DK-3 | DK3,Eyecup / eyepiece,アイカップ・接眼部品,accessory,,,,,14.0,14.0,14.0,代表重量。ケース・電池・地域仕様の差に注意,reference,C,expanded-accessory-v5,soft-mailer-xs,32,24,45
nikonnikondk4eyepiececap,accessory,Nikon,Nikon DK-4 Eyepiece Cap,DK-4 | DK4,Eyecup / eyepiece,アイカップ・接眼部品,accessory,,,,,3.0,3.0,3.0,代表重量。ケース・電池・地域仕様の差に注意,reference,C,expanded-accessory-v5,soft-mailer-xs,28,22,38
nikonnikondk5eyepiececap,accessory,Nikon,Nikon DK-5 Eyepiece Cap,DK-5 | DK5,Eyecup / eyepiece,アイカップ・接眼部品,accessory,,,,,2.0,2.0,2.0,代表重量。ケース・電池・地域仕様の差に注意,reference,C,expanded-accessory-v5,soft-mailer-xs,28,22,38
nikonnikondk7eyepieceadapter,accessory,Nikon,Nikon DK-7 Eyepiece Adapter,DK-7 | DK7,Eyecup / eyepiece,アイカップ・接眼部品,accessory,,,,,8.0,8.0,8.0,代表重量。ケース・電池・地域仕様の差に注意,reference,C,expanded-accessory-v5,soft-mailer-xs,32,24,45
nikonnikondk9rubbereyecup,accessory,Nikon,Nikon DK-9 Rubber Eyecup,DK-9 | DK9,Eyecup / eyepiece,アイカップ・接眼部品,accessory,,,,,14.0,14.0,14.0,代表重量。ケース・電池・地域仕様の差に注意,reference,C,expanded-accessory-v5,soft-mailer-xs,32,24,45
nikonnikondk14antifogfindereyepiece,accessory,Nikon,Nikon DK-14 Antifog Finder Eyepiece,DK-14 | DK14,Eyecup / eyepiece,アイカップ・接眼部品,accessory,,,,,18.0,18.0,18.0,代表重量。ケース・電池・地域仕様の差に注意,reference,C,expanded-accessory-v5,soft-mailer-xs,32,24,45
nikonnikondk17eyepiece,accessory,Nikon,Nikon DK-17 Eyepiece,DK-17 | DK17,Eyecup / eyepiece,アイカップ・接眼部品,accessory,,,,,22.0,22.0,22.0,代表重量。ケース・電池・地域仕様の差に注意,reference,C,expanded-accessory-v5,soft-mailer-xs,32,24,45
nikonnikondk18eyepieceadapter,accessory,Nikon,Nikon DK-18 Eyepiece Adapter,DK-18 | DK18,Eyecup / eyepiece,アイカップ・接眼部品,accessory,,,,,9.0,9.0,9.0,代表重量。ケース・電池・地域仕様の差に注意,reference,C,expanded-accessory-v5,soft-mailer-xs,32,24,45
nikonnikondk19rubbereyecup,accessory,Nikon,Nikon DK-19 Rubber Eyecup,DK-19 | DK19,Eyecup / eyepiece,アイカップ・接眼部品,accessory,,,,,18.0,18.0,18.0,代表重量。ケース・電池・地域仕様の差に注意,reference,C,expanded-accessory-v5,soft-mailer-xs,32,24,45
nikonnikondk20rubbereyecup,accessory,Nikon,Nikon DK-20 Rubber Eyecup,DK-20 | DK20,Eyecup / eyepiece,アイカップ・接眼部品,accessory,,,,,12.0,12.0,12.0,代表重量。ケース・電池・地域仕様の差に注意,reference,C,expanded-accessory-v5,soft-mailer-xs,32,24,45
nikonnikondk21rubbereyecup,accessory,Nikon,Nikon DK-21 Rubber Eyecup,DK-21 | DK21,Eyecup / eyepiece,アイカップ・接眼部品,accessory,,,,,14.0,14.0,14.0,代表重量。ケース・電池・地域仕様の差に注意,reference,C,expanded-accessory-v5,soft-mailer-xs,32,24,45
nikonnikondk22eyepieceadapter,accessory,Nikon,Nikon DK-22 Eyepiece Adapter,DK-22 | DK22,Eyecup / eyepiece,アイカップ・接眼部品,accessory,,,,,8.0,8.0,8.0,代表重量。ケース・電池・地域仕様の差に注意,reference,C,expanded-accessory-v5,soft-mailer-xs,32,24,45
nikonnikondk23rubbereyecup,accessory,Nikon,Nikon DK-23 Rubber Eyecup,DK-23 | DK23,Eyecup / eyepiece,アイカップ・接眼部品,accessory,,,,,13.0,13.0,13.0,代表重量。ケース・電池・地域仕様の差に注意,reference,C,expanded-accessory-v5,soft-mailer-xs,32,24,45
nikonnikonde2eyelevelfinder,accessory,Nikon,Nikon DE-2 Eye-Level Finder,DE-2 | DE2,Interchangeable finder,Interchangeable finder,accessory,,,,,170.0,170.0,170.0,代表重量。ケース・電池・地域仕様の差に注意,reference,C,expanded-accessory-v5,accessory-box,145,110,190
nikonnikonde3higheyepointfinder,accessory,Nikon,Nikon DE-3 High-Eyepoint Finder,DE-3 | DE3,Interchangeable finder,Interchangeable finder,accessory,,,,,190.0,190.0,190.0,代表重量。ケース・電池・地域仕様の差に注意,reference,C,expanded-accessory-v5,accessory-box,145,110,190
nikonnikondp1photomicfinder,accessory,Nikon,Nikon DP-1 Photomic Finder,DP-1 | DP1,Interchangeable finder,Interchangeable finder,accessory,,,,,330.0,330.0,330.0,代表重量。ケース・電池・地域仕様の差に注意,reference,C,expanded-accessory-v5,accessory-box,145,110,190
nikonnikondp2photomicsfinder,accessory,Nikon,Nikon DP-2 Photomic S Finder,DP-2 | DP2,Interchangeable finder,Interchangeable finder,accessory,,,,,340.0,340.0,340.0,代表重量。ケース・電池・地域仕様の差に注意,reference,C,expanded-accessory-v5,accessory-box,145,110,190
nikonnikondp3photomicsbfinder,accessory,Nikon,Nikon DP-3 Photomic SB Finder,DP-3 | DP3,Interchangeable finder,Interchangeable finder,accessory,,,,,350.0,350.0,350.0,代表重量。ケース・電池・地域仕様の差に注意,reference,C,expanded-accessory-v5,accessory-box,145,110,190
nikonnikondp11photomicafinder,accessory,Nikon,Nikon DP-11 Photomic A Finder,DP-11 | DP11,Interchangeable finder,Interchangeable finder,accessory,,,,,345.0,345.0,345.0,代表重量。ケース・電池・地域仕様の差に注意,reference,C,expanded-accessory-v5,accessory-box,145,110,190
nikonnikondp12photomicasfinder,accessory,Nikon,Nikon DP-12 Photomic AS Finder,DP-12 | DP12,Interchangeable finder,Interchangeable finder,accessory,,,,,350.0,350.0,350.0,代表重量。ケース・電池・地域仕様の差に注意,reference,C,expanded-accessory-v5,accessory-box,145,110,190
nikonnikondw1waistlevelfinder,accessory,Nikon,Nikon DW-1 Waist-Level Finder,DW-1 | DW1,Interchangeable finder,Interchangeable finder,accessory,,,,,175.0,175.0,175.0,代表重量。ケース・電池・地域仕様の差に注意,reference,C,expanded-accessory-v5,accessory-box,145,110,190
nikonnikondw26xmagnifyingfinder,accessory,Nikon,Nikon DW-2 6x Magnifying Finder,DW-2 | DW2,Interchangeable finder,Interchangeable finder,accessory,,,,,360.0,360.0,360.0,代表重量。ケース・電池・地域仕様の差に注意,reference,C,expanded-accessory-v5,accessory-box,145,110,190
nikonnikonda1actionfinder,accessory,Nikon,Nikon DA-1 Action Finder,DA-1 | DA1,Interchangeable finder,Interchangeable finder,accessory,,,,,355.0,355.0,355.0,代表重量。ケース・電池・地域仕様の差に注意,reference,C,expanded-accessory-v5,accessory-box,145,110,190
nikonnikondg1eyepiecemagnifier,accessory,Nikon,Nikon DG-1 Eyepiece Magnifier,DG-1 | DG1,Finder accessory,Finder accessory,accessory,,,,,58.0,58.0,58.0,代表重量。ケース・電池・地域仕様の差に注意,reference,C,expanded-accessory-v5,small-box,98,78,125
nikonnikondr2rightanglefinder,accessory,Nikon,Nikon DR-2 Right Angle Finder,DR-2 | DR2,Finder accessory,Finder accessory,accessory,,,,,145.0,145.0,145.0,代表重量。ケース・電池・地域仕様の差に注意,reference,C,expanded-accessory-v5,accessory-box,135,108,175
nikonnikondr5rightangleviewingattachment,accessory,Nikon,Nikon DR-5 Right Angle Viewing Attachment,DR-5 | DR5,Finder accessory,Finder accessory,accessory,,,,,125.0,125.0,125.0,代表重量。ケース・電池・地域仕様の差に注意,reference,C,expanded-accessory-v5,accessory-box,135,108,175
nikonnikondr6rightangleviewingattachment,accessory,Nikon,Nikon DR-6 Right Angle Viewing Attachment,DR-6 | DR6,Finder accessory,Finder accessory,accessory,,,,,130.0,130.0,130.0,代表重量。ケース・電池・地域仕様の差に注意,reference,C,expanded-accessory-v5,accessory-box,135,108,175
nikonnikonf3focusingscreentypea,accessory,Nikon,Nikon F3 Focusing Screen Type A,F3 Type A | Focusing Screen A,Focusing screen,フォーカシングスクリーン,accessory,,,,,12.0,12.0,12.0,代表重量。ケース・電池・地域仕様の差に注意,reference,C,expanded-accessory-v5,rigid-mailer,58,46,76
nikonnikonf3focusingscreentypeb,accessory,Nikon,Nikon F3 Focusing Screen Type B,F3 Type B | Focusing Screen B,Focusing screen,フォーカシングスクリーン,accessory,,,,,12.0,12.0,12.0,代表重量。ケース・電池・地域仕様の差に注意,reference,C,expanded-accessory-v5,rigid-mailer,58,46,76
nikonnikonf3focusingscreentypec,accessory,Nikon,Nikon F3 Focusing Screen Type C,F3 Type C | Focusing Screen C,Focusing screen,フォーカシングスクリーン,accessory,,,,,12.0,12.0,12.0,代表重量。ケース・電池・地域仕様の差に注意,reference,C,expanded-accessory-v5,rigid-mailer,58,46,76
nikonnikonf3focusingscreentyped,accessory,Nikon,Nikon F3 Focusing Screen Type D,F3 Type D | Focusing Screen D,Focusing screen,フォーカシングスクリーン,accessory,,,,,12.0,12.0,12.0,代表重量。ケース・電池・地域仕様の差に注意,reference,C,expanded-accessory-v5,rigid-mailer,58,46,76
nikonnikonf3focusingscreentypee,accessory,Nikon,Nikon F3 Focusing Screen Type E,F3 Type E | Focusing Screen E,Focusing screen,フォーカシングスクリーン,accessory,,,,,12.0,12.0,12.0,代表重量。ケース・電池・地域仕様の差に注意,reference,C,expanded-accessory-v5,rigid-mailer,58,46,76
nikonnikonf3focusingscreentypeg1,accessory,Nikon,Nikon F3 Focusing Screen Type G1,F3 Type G1 | Focusing Screen G1,Focusing screen,フォーカシングスクリーン,accessory,,,,,12.0,12.0,12.0,代表重量。ケース・電池・地域仕様の差に注意,reference,C,expanded-accessory-v5,rigid-mailer,58,46,76
nikonnikonf3focusingscreentypeg2,accessory,Nikon,Nikon F3 Focusing Screen Type G2,F3 Type G2 | Focusing Screen G2,Focusing screen,フォーカシングスクリーン,accessory,,,,,12.0,12.0,12.0,代表重量。ケース・電池・地域仕様の差に注意,reference,C,expanded-accessory-v5,rigid-mailer,58,46,76
nikonnikonf3focusingscreentypeg3,accessory,Nikon,Nikon F3 Focusing Screen Type G3,F3 Type G3 | Focusing Screen G3,Focusing screen,フォーカシングスクリーン,accessory,,,,,12.0,12.0,12.0,代表重量。ケース・電池・地域仕様の差に注意,reference,C,expanded-accessory-v5,rigid-mailer,58,46,76
nikonnikonf3focusingscreentypeg4,accessory,Nikon,Nikon F3 Focusing Screen Type G4,F3 Type G4 | Focusing Screen G4,Focusing screen,フォーカシングスクリーン,accessory,,,,,12.0,12.0,12.0,代表重量。ケース・電池・地域仕様の差に注意,reference,C,expanded-accessory-v5,rigid-mailer,58,46,76
nikonnikonf3focusingscreentypeh1,accessory,Nikon,Nikon F3 Focusing Screen Type H1,F3 Type H1 | Focusing Screen H1,Focusing screen,フォーカシングスクリーン,accessory,,,,,12.0,12.0,12.0,代表重量。ケース・電池・地域仕様の差に注意,reference,C,expanded-accessory-v5,rigid-mailer,58,46,76
nikonnikonf3focusingscreentypeh2,accessory,Nikon,Nikon F3 Focusing Screen Type H2,F3 Type H2 | Focusing Screen H2,Focusing screen,フォーカシングスクリーン,accessory,,,,,12.0,12.0,12.0,代表重量。ケース・電池・地域仕様の差に注意,reference,C,expanded-accessory-v5,rigid-mailer,58,46,76
nikonnikonf3focusingscreentypeh3,accessory,Nikon,Nikon F3 Focusing Screen Type H3,F3 Type H3 | Focusing Screen H3,Focusing screen,フォーカシングスクリーン,accessory,,,,,12.0,12.0,12.0,代表重量。ケース・電池・地域仕様の差に注意,reference,C,expanded-accessory-v5,rigid-mailer,58,46,76
nikonnikonf3focusingscreentypeh4,accessory,Nikon,Nikon F3 Focusing Screen Type H4,F3 Type H4 | Focusing Screen H4,Focusing screen,フォーカシングスクリーン,accessory,,,,,12.0,12.0,12.0,代表重量。ケース・電池・地域仕様の差に注意,reference,C,expanded-accessory-v5,rigid-mailer,58,46,76
nikonnikonf3focusingscreentypej,accessory,Nikon,Nikon F3 Focusing Screen Type J,F3 Type J | Focusing Screen J,Focusing screen,フォーカシングスクリーン,accessory,,,,,12.0,12.0,12.0,代表重量。ケース・電池・地域仕様の差に注意,reference,C,expanded-accessory-v5,rigid-mailer,58,46,76
nikonnikonf3focusingscreentypek,accessory,Nikon,Nikon F3 Focusing Screen Type K,F3 Type K | Focusing Screen K,Focusing screen,フォーカシングスクリーン,accessory,,,,,12.0,12.0,12.0,代表重量。ケース・電池・地域仕様の差に注意,reference,C,expanded-accessory-v5,rigid-mailer,58,46,76
nikonnikonf3focusingscreentypel,accessory,Nikon,Nikon F3 Focusing Screen Type L,F3 Type L | Focusing Screen L,Focusing screen,フォーカシングスクリーン,accessory,,,,,12.0,12.0,12.0,代表重量。ケース・電池・地域仕様の差に注意,reference,C,expanded-accessory-v5,rigid-mailer,58,46,76
nikonnikonf3focusingscreentypep,accessory,Nikon,Nikon F3 Focusing Screen Type P,F3 Type P | Focusing Screen P,Focusing screen,フォーカシングスクリーン,accessory,,,,,12.0,12.0,12.0,代表重量。ケース・電池・地域仕様の差に注意,reference,C,expanded-accessory-v5,rigid-mailer,58,46,76
nikonnikonf3focusingscreentyper,accessory,Nikon,Nikon F3 Focusing Screen Type R,F3 Type R | Focusing Screen R,Focusing screen,フォーカシングスクリーン,accessory,,,,,12.0,12.0,12.0,代表重量。ケース・電池・地域仕様の差に注意,reference,C,expanded-accessory-v5,rigid-mailer,58,46,76
nikonnikonf3focusingscreentypet,accessory,Nikon,Nikon F3 Focusing Screen Type T,F3 Type T | Focusing Screen T,Focusing screen,フォーカシングスクリーン,accessory,,,,,12.0,12.0,12.0,代表重量。ケース・電池・地域仕様の差に注意,reference,C,expanded-accessory-v5,rigid-mailer,58,46,76
nikonnikonfm2fe2focusingscreentypeb2,accessory,Nikon,Nikon FM2 FE2 Focusing Screen Type B2,Type B2 | Focusing Screen B2,Focusing screen,フォーカシングスクリーン,accessory,,,,,11.0,11.0,11.0,代表重量。ケース・電池・地域仕様の差に注意,reference,C,expanded-accessory-v5,rigid-mailer,58,46,76
nikonnikonfm2fe2focusingscreentypee2,accessory,Nikon,Nikon FM2 FE2 Focusing Screen Type E2,Type E2 | Focusing Screen E2,Focusing screen,フォーカシングスクリーン,accessory,,,,,11.0,11.0,11.0,代表重量。ケース・電池・地域仕様の差に注意,reference,C,expanded-accessory-v5,rigid-mailer,58,46,76
nikonnikonfm2fe2focusingscreentypek2,accessory,Nikon,Nikon FM2 FE2 Focusing Screen Type K2,Type K2 | Focusing Screen K2,Focusing screen,フォーカシングスクリーン,accessory,,,,,11.0,11.0,11.0,代表重量。ケース・電池・地域仕様の差に注意,reference,C,expanded-accessory-v5,rigid-mailer,58,46,76
nikonnikonf4focusingscreentypeb,accessory,Nikon,Nikon F4 Focusing Screen Type B,F4 Type B,Focusing screen,フォーカシングスクリーン,accessory,,,,,14.0,14.0,14.0,代表重量。ケース・電池・地域仕様の差に注意,reference,C,expanded-accessory-v5,rigid-mailer,58,46,76
nikonnikonf4focusingscreentypee,accessory,Nikon,Nikon F4 Focusing Screen Type E,F4 Type E,Focusing screen,フォーカシングスクリーン,accessory,,,,,14.0,14.0,14.0,代表重量。ケース・電池・地域仕様の差に注意,reference,C,expanded-accessory-v5,rigid-mailer,58,46,76
nikonnikonf4focusingscreentypej,accessory,Nikon,Nikon F4 Focusing Screen Type J,F4 Type J,Focusing screen,フォーカシングスクリーン,accessory,,,,,14.0,14.0,14.0,代表重量。ケース・電池・地域仕様の差に注意,reference,C,expanded-accessory-v5,rigid-mailer,58,46,76
nikonnikonf4focusingscreentypek,accessory,Nikon,Nikon F4 Focusing Screen Type K,F4 Type K,Focusing screen,フォーカシングスクリーン,accessory,,,,,14.0,14.0,14.0,代表重量。ケース・電池・地域仕様の差に注意,reference,C,expanded-accessory-v5,rigid-mailer,58,46,76
nikonnikonf4focusingscreentypep,accessory,Nikon,Nikon F4 Focusing Screen Type P,F4 Type P,Focusing screen,フォーカシングスクリーン,accessory,,,,,14.0,14.0,14.0,代表重量。ケース・電池・地域仕様の差に注意,reference,C,expanded-accessory-v5,rigid-mailer,58,46,76
nikonnikonmf14databack,accessory,Nikon,Nikon MF-14 Data Back,MF-14 | MF14,Data back / camera back,データバック・カメラバック,accessory,,,,,125.0,125.0,125.0,代表重量。ケース・電池・地域仕様の差に注意,reference,C,expanded-accessory-v5,accessory-box,145,110,190
nikonnikonmf16databack,accessory,Nikon,Nikon MF-16 Data Back,MF-16 | MF16,Data back / camera back,データバック・カメラバック,accessory,,,,,135.0,135.0,135.0,代表重量。ケース・電池・地域仕様の差に注意,reference,C,expanded-accessory-v5,accessory-box,145,110,190
nikonnikonmf18multicontrolback,accessory,Nikon,Nikon MF-18 Multi-Control Back,MF-18 | MF18,Data back / camera back,データバック・カメラバック,accessory,,,,,235.0,235.0,235.0,代表重量。ケース・電池・地域仕様の差に注意,reference,C,expanded-accessory-v5,accessory-box,145,110,190
nikonnikonmc12aremotecord,accessory,Nikon,Nikon MC-12A Remote Cord,MC-12A | MC12A,Remote release / timer,リモート・セルフタイマー,accessory,,,,,55.0,55.0,55.0,代表重量。ケース・電池・地域仕様の差に注意,reference,C,expanded-accessory-v5,rigid-mailer,62,48,82
nikonnikonmc30remotecord,accessory,Nikon,Nikon MC-30 Remote Cord,MC-30 | MC30,Remote release / timer,リモート・セルフタイマー,accessory,,,,,65.0,65.0,65.0,代表重量。ケース・電池・地域仕様の差に注意,reference,C,expanded-accessory-v5,rigid-mailer,62,48,82
nikonnikonml3moduliteremotecontrolset,accessory,Nikon,Nikon ML-3 Modulite Remote Control Set,ML-3 | ML3,Remote release / timer,リモート・セルフタイマー,accessory,,,,,210.0,210.0,210.0,代表重量。ケース・電池・地域仕様の差に注意,reference,C,expanded-accessory-v5,rigid-mailer,62,48,82
canoncanonanglefindera,accessory,Canon,Canon Angle Finder A,Angle Finder A,Finder accessory,Finder accessory,accessory,,,,,125.0,125.0,125.0,代表重量。ケース・電池・地域仕様の差に注意,reference,C,expanded-accessory-v5,accessory-box,145,110,190
canoncanonanglefinderb,accessory,Canon,Canon Angle Finder B,Angle Finder B,Finder accessory,Finder accessory,accessory,,,,,120.0,120.0,120.0,代表重量。ケース・電池・地域仕様の差に注意,reference,C,expanded-accessory-v5,accessory-box,145,110,190
canoncanonanglefinderc,accessory,Canon,Canon Angle Finder C,Angle Finder C,Finder accessory,Finder accessory,accessory,,,,,110.0,110.0,110.0,代表重量。ケース・電池・地域仕様の差に注意,reference,C,expanded-accessory-v5,accessory-box,145,110,190
canoncanonmagnifiers,accessory,Canon,Canon Magnifier S,Magnifier S,Finder accessory,Finder accessory,accessory,,,,,55.0,55.0,55.0,代表重量。ケース・電池・地域仕様の差に注意,reference,C,expanded-accessory-v5,small-box,98,78,125
canoncanonspeedfinderfn,accessory,Canon,Canon Speed Finder FN,Speed Finder FN,Interchangeable finder,Interchangeable finder,accessory,,,,,395.0,395.0,395.0,代表重量。ケース・電池・地域仕様の差に注意,reference,C,expanded-accessory-v5,accessory-box,145,110,190
canoncanonwaistlevelfinderfn,accessory,Canon,Canon Waist-Level Finder FN,Waist Level Finder FN,Interchangeable finder,Interchangeable finder,accessory,,,,,190.0,190.0,190.0,代表重量。ケース・電池・地域仕様の差に注意,reference,C,expanded-accessory-v5,accessory-box,145,110,190
canoncanonpowerwindera2,accessory,Canon,Canon Power Winder A2,Power Winder A2,Motor drive / winder,Motor drive / winder,accessory,,,,,310.0,310.0,310.0,代表重量。ケース・電池・地域仕様の差に注意,reference,C,expanded-accessory-v5,accessory-box,145,110,190
canoncanonmotordrivefn,accessory,Canon,Canon Motor Drive FN,Motor Drive FN,Motor drive / winder,Motor drive / winder,accessory,,,,,560.0,560.0,560.0,代表重量。ケース・電池・地域仕様の差に注意,reference,C,expanded-accessory-v5,accessory-box,145,110,190
canoncanondatabacka,accessory,Canon,Canon Data Back A,Data Back A,Data back / camera back,データバック・カメラバック,accessory,,,,,120.0,120.0,120.0,代表重量。ケース・電池・地域仕様の差に注意,reference,C,expanded-accessory-v5,accessory-box,145,110,190
canoncanondatabackfn,accessory,Canon,Canon Data Back FN,Data Back FN,Data back / camera back,データバック・カメラバック,accessory,,,,,155.0,155.0,155.0,代表重量。ケース・電池・地域仕様の差に注意,reference,C,expanded-accessory-v5,accessory-box,145,110,190
canoncanonfocusingscreenfntypea,accessory,Canon,Canon Focusing Screen FN Type A,Screen FN A,Focusing screen,フォーカシングスクリーン,accessory,,,,,13.0,13.0,13.0,代表重量。ケース・電池・地域仕様の差に注意,reference,C,expanded-accessory-v5,rigid-mailer,58,46,76
canoncanonfocusingscreenfntypeb,accessory,Canon,Canon Focusing Screen FN Type B,Screen FN B,Focusing screen,フォーカシングスクリーン,accessory,,,,,13.0,13.0,13.0,代表重量。ケース・電池・地域仕様の差に注意,reference,C,expanded-accessory-v5,rigid-mailer,58,46,76
canoncanonfocusingscreenfntypec,accessory,Canon,Canon Focusing Screen FN Type C,Screen FN C,Focusing screen,フォーカシングスクリーン,accessory,,,,,13.0,13.0,13.0,代表重量。ケース・電池・地域仕様の差に注意,reference,C,expanded-accessory-v5,rigid-mailer,58,46,76
canoncanonfocusingscreenfntyped,accessory,Canon,Canon Focusing Screen FN Type D,Screen FN D,Focusing screen,フォーカシングスクリーン,accessory,,,,,13.0,13.0,13.0,代表重量。ケース・電池・地域仕様の差に注意,reference,C,expanded-accessory-v5,rigid-mailer,58,46,76
canoncanonfocusingscreenfntypee,accessory,Canon,Canon Focusing Screen FN Type E,Screen FN E,Focusing screen,フォーカシングスクリーン,accessory,,,,,13.0,13.0,13.0,代表重量。ケース・電池・地域仕様の差に注意,reference,C,expanded-accessory-v5,rigid-mailer,58,46,76
canoncanonfocusingscreenfntypef,accessory,Canon,Canon Focusing Screen FN Type F,Screen FN F,Focusing screen,フォーカシングスクリーン,accessory,,,,,13.0,13.0,13.0,代表重量。ケース・電池・地域仕様の差に注意,reference,C,expanded-accessory-v5,rigid-mailer,58,46,76
canoncanonfocusingscreenfntypei,accessory,Canon,Canon Focusing Screen FN Type I,Screen FN I,Focusing screen,フォーカシングスクリーン,accessory,,,,,13.0,13.0,13.0,代表重量。ケース・電池・地域仕様の差に注意,reference,C,expanded-accessory-v5,rigid-mailer,58,46,76
canoncanonfocusingscreenfntypej,accessory,Canon,Canon Focusing Screen FN Type J,Screen FN J,Focusing screen,フォーカシングスクリーン,accessory,,,,,13.0,13.0,13.0,代表重量。ケース・電池・地域仕様の差に注意,reference,C,expanded-accessory-v5,rigid-mailer,58,46,76
canoncanonfocusingscreenfntypek,accessory,Canon,Canon Focusing Screen FN Type K,Screen FN K,Focusing screen,フォーカシングスクリーン,accessory,,,,,13.0,13.0,13.0,代表重量。ケース・電池・地域仕様の差に注意,reference,C,expanded-accessory-v5,rigid-mailer,58,46,76
canoncanonfocusingscreenfntypel,accessory,Canon,Canon Focusing Screen FN Type L,Screen FN L,Focusing screen,フォーカシングスクリーン,accessory,,,,,13.0,13.0,13.0,代表重量。ケース・電池・地域仕様の差に注意,reference,C,expanded-accessory-v5,rigid-mailer,58,46,76
minoltaminoltaanglefinderv,accessory,Minolta,Minolta Angle Finder V,Angle Finder V,Finder accessory,Finder accessory,accessory,,,,,105.0,105.0,105.0,代表重量。ケース・電池・地域仕様の差に注意,reference,C,expanded-accessory-v5,accessory-box,145,110,190
minoltaminoltaanglefindern,accessory,Minolta,Minolta Angle Finder N,Angle Finder N,Finder accessory,Finder accessory,accessory,,,,,110.0,110.0,110.0,代表重量。ケース・電池・地域仕様の差に注意,reference,C,expanded-accessory-v5,accessory-box,145,110,190
minoltaminoltamagnifierv,accessory,Minolta,Minolta Magnifier V,Magnifier V,Finder accessory,Finder accessory,accessory,,,,,48.0,48.0,48.0,代表重量。ケース・電池・地域仕様の差に注意,reference,C,expanded-accessory-v5,small-box,98,78,125
minoltaminoltamagnifiern,accessory,Minolta,Minolta Magnifier N,Magnifier N,Finder accessory,Finder accessory,accessory,,,,,50.0,50.0,50.0,代表重量。ケース・電池・地域仕様の差に注意,reference,C,expanded-accessory-v5,small-box,98,78,125
minoltaminoltaautowinderd,accessory,Minolta,Minolta Auto Winder D,Auto Winder D,Motor drive / winder,Motor drive / winder,accessory,,,,,245.0,245.0,245.0,代表重量。ケース・電池・地域仕様の差に注意,reference,C,expanded-accessory-v5,accessory-box,145,110,190
minoltaminoltaautowinders,accessory,Minolta,Minolta Auto Winder S,Auto Winder S,Motor drive / winder,Motor drive / winder,accessory,,,,,235.0,235.0,235.0,代表重量。ケース・電池・地域仕様の差に注意,reference,C,expanded-accessory-v5,accessory-box,145,110,190
minoltaminoltadatabackg,accessory,Minolta,Minolta Data Back G,Data Back G,Data back / camera back,データバック・カメラバック,accessory,,,,,120.0,120.0,120.0,代表重量。ケース・電池・地域仕様の差に注意,reference,C,expanded-accessory-v5,accessory-box,145,110,190
olympusolympusvarimagnifinder,accessory,Olympus,Olympus Varimagni Finder,Varimagni Finder,Finder accessory,Finder accessory,accessory,,,,,90.0,90.0,90.0,代表重量。ケース・電池・地域仕様の差に注意,reference,C,expanded-accessory-v5,small-box,98,78,125
olympusolympuseyecup1,accessory,Olympus,Olympus Eyecup 1,Eyecup 1,Eyecup / eyepiece,アイカップ・接眼部品,accessory,,,,,14.0,14.0,14.0,代表重量。ケース・電池・地域仕様の差に注意,reference,C,expanded-accessory-v5,soft-mailer-xs,32,24,45
olympusolympuseyecup2,accessory,Olympus,Olympus Eyecup 2,Eyecup 2,Eyecup / eyepiece,アイカップ・接眼部品,accessory,,,,,16.0,16.0,16.0,代表重量。ケース・電池・地域仕様の差に注意,reference,C,expanded-accessory-v5,soft-mailer-xs,32,24,45
olympusolympuswinder1,accessory,Olympus,Olympus Winder 1,Winder 1,Motor drive / winder,Motor drive / winder,accessory,,,,,205.0,205.0,205.0,代表重量。ケース・電池・地域仕様の差に注意,reference,C,expanded-accessory-v5,accessory-box,145,110,190
olympusolympusmotordrive1,accessory,Olympus,Olympus Motor Drive 1,Motor Drive 1,Motor drive / winder,Motor drive / winder,accessory,,,,,315.0,315.0,315.0,代表重量。ケース・電池・地域仕様の差に注意,reference,C,expanded-accessory-v5,accessory-box,145,110,190
olympusolympusrecordataback4,accessory,Olympus,Olympus Recordata Back 4,Recordata Back 4,Data back / camera back,データバック・カメラバック,accessory,,,,,135.0,135.0,135.0,代表重量。ケース・電池・地域仕様の差に注意,reference,C,expanded-accessory-v5,accessory-box,145,110,190
pentaxpentaxmagnifierfb,accessory,Pentax,Pentax Magnifier FB,Magnifier FB,Finder accessory,Finder accessory,accessory,,,,,52.0,52.0,52.0,代表重量。ケース・電池・地域仕様の差に注意,reference,C,expanded-accessory-v5,small-box,98,78,125
pentaxpentaxrefconvertera,accessory,Pentax,Pentax Refconverter A,Refconverter A,Finder accessory,Finder accessory,accessory,,,,,115.0,115.0,115.0,代表重量。ケース・電池・地域仕様の差に注意,reference,C,expanded-accessory-v5,accessory-box,145,110,190
pentaxpentaxrefconverterm,accessory,Pentax,Pentax Refconverter M,Refconverter M,Finder accessory,Finder accessory,accessory,,,,,110.0,110.0,110.0,代表重量。ケース・電池・地域仕様の差に注意,reference,C,expanded-accessory-v5,accessory-box,145,110,190
pentaxpentaxwinderme,accessory,Pentax,Pentax Winder ME,Winder ME,Motor drive / winder,Motor drive / winder,accessory,,,,,225.0,225.0,225.0,代表重量。ケース・電池・地域仕様の差に注意,reference,C,expanded-accessory-v5,accessory-box,145,110,190
pentaxpentaxmotordrivea,accessory,Pentax,Pentax Motor Drive A,Motor Drive A,Motor drive / winder,Motor drive / winder,accessory,,,,,460.0,460.0,460.0,代表重量。ケース・電池・地域仕様の差に注意,reference,C,expanded-accessory-v5,accessory-box,145,110,190
pentaxpentaxdatabacka,accessory,Pentax,Pentax Data Back A,Data Back A,Data back / camera back,データバック・カメラバック,accessory,,,,,125.0,125.0,125.0,代表重量。ケース・電池・地域仕様の差に注意,reference,C,expanded-accessory-v5,accessory-box,145,110,190
generic39mmfrontlenscap,accessory,Generic,39mm Front Lens Cap,39mm cap,Cap / small accessory,Cap / small accessory,accessory,,,,,10.0,10.0,10.0,代表重量。ケース・電池・地域仕様の差に注意,reference,C,expanded-accessory-v5,soft-mailer-xs,32,24,45
generic39mmuvfilter,accessory,Generic,39mm UV Filter,39mm filter,Filter / hood,フィルター・フード,accessory,,,,,15.0,15.0,15.0,代表重量。ケース・電池・地域仕様の差に注意,reference,C,expanded-accessory-v5,small-box,98,78,125
generic43mmfrontlenscap,accessory,Generic,43mm Front Lens Cap,43mm cap,Cap / small accessory,Cap / small accessory,accessory,,,,,11.0,11.0,11.0,代表重量。ケース・電池・地域仕様の差に注意,reference,C,expanded-accessory-v5,soft-mailer-xs,32,24,45
generic43mmuvfilter,accessory,Generic,43mm UV Filter,43mm filter,Filter / hood,フィルター・フード,accessory,,,,,16.0,16.0,16.0,代表重量。ケース・電池・地域仕様の差に注意,reference,C,expanded-accessory-v5,small-box,98,78,125
generic46mmfrontlenscap,accessory,Generic,46mm Front Lens Cap,46mm cap,Cap / small accessory,Cap / small accessory,accessory,,,,,11.0,11.0,11.0,代表重量。ケース・電池・地域仕様の差に注意,reference,C,expanded-accessory-v5,soft-mailer-xs,32,24,45
generic46mmuvfilter,accessory,Generic,46mm UV Filter,46mm filter,Filter / hood,フィルター・フード,accessory,,,,,16.0,16.0,16.0,代表重量。ケース・電池・地域仕様の差に注意,reference,C,expanded-accessory-v5,small-box,98,78,125
generic49mmuvfilter,accessory,Generic,49mm UV Filter,49mm filter,Filter / hood,フィルター・フード,accessory,,,,,17.0,17.0,17.0,代表重量。ケース・電池・地域仕様の差に注意,reference,C,expanded-accessory-v5,small-box,98,78,125
generic52mmuvfilter,accessory,Generic,52mm UV Filter,52mm filter,Filter / hood,フィルター・フード,accessory,,,,,20.0,20.0,20.0,代表重量。ケース・電池・地域仕様の差に注意,reference,C,expanded-accessory-v5,small-box,98,78,125
generic55mmfrontlenscap,accessory,Generic,55mm Front Lens Cap,55mm cap,Cap / small accessory,Cap / small accessory,accessory,,,,,16.0,16.0,16.0,代表重量。ケース・電池・地域仕様の差に注意,reference,C,expanded-accessory-v5,soft-mailer-xs,32,24,45
generic55mmuvfilter,accessory,Generic,55mm UV Filter,55mm filter,Filter / hood,フィルター・フード,accessory,,,,,21.0,21.0,21.0,代表重量。ケース・電池・地域仕様の差に注意,reference,C,expanded-accessory-v5,small-box,98,78,125
generic58mmfrontlenscap,accessory,Generic,58mm Front Lens Cap,58mm cap,Cap / small accessory,Cap / small accessory,accessory,,,,,18.0,18.0,18.0,代表重量。ケース・電池・地域仕様の差に注意,reference,C,expanded-accessory-v5,soft-mailer-xs,32,24,45
generic58mmuvfilter,accessory,Generic,58mm UV Filter,58mm filter,Filter / hood,フィルター・フード,accessory,,,,,23.0,23.0,23.0,代表重量。ケース・電池・地域仕様の差に注意,reference,C,expanded-accessory-v5,small-box,98,78,125
generic62mmfrontlenscap,accessory,Generic,62mm Front Lens Cap,62mm cap,Cap / small accessory,Cap / small accessory,accessory,,,,,20.0,20.0,20.0,代表重量。ケース・電池・地域仕様の差に注意,reference,C,expanded-accessory-v5,soft-mailer-xs,32,24,45
generic62mmuvfilter,accessory,Generic,62mm UV Filter,62mm filter,Filter / hood,フィルター・フード,accessory,,,,,25.0,25.0,25.0,代表重量。ケース・電池・地域仕様の差に注意,reference,C,expanded-accessory-v5,small-box,98,78,125
generic67mmfrontlenscap,accessory,Generic,67mm Front Lens Cap,67mm cap,Cap / small accessory,Cap / small accessory,accessory,,,,,23.0,23.0,23.0,代表重量。ケース・電池・地域仕様の差に注意,reference,C,expanded-accessory-v5,soft-mailer-xs,32,24,45
generic67mmuvfilter,accessory,Generic,67mm UV Filter,67mm filter,Filter / hood,フィルター・フード,accessory,,,,,28.0,28.0,28.0,代表重量。ケース・電池・地域仕様の差に注意,reference,C,expanded-accessory-v5,small-box,98,78,125
generic72mmfrontlenscap,accessory,Generic,72mm Front Lens Cap,72mm cap,Cap / small accessory,Cap / small accessory,accessory,,,,,28.0,28.0,28.0,代表重量。ケース・電池・地域仕様の差に注意,reference,C,expanded-accessory-v5,soft-mailer-xs,32,24,45
generic72mmuvfilter,accessory,Generic,72mm UV Filter,72mm filter,Filter / hood,フィルター・フード,accessory,,,,,33.0,33.0,33.0,代表重量。ケース・電池・地域仕様の差に注意,reference,C,expanded-accessory-v5,small-box,98,78,125
generic77mmfrontlenscap,accessory,Generic,77mm Front Lens Cap,77mm cap,Cap / small accessory,Cap / small accessory,accessory,,,,,33.0,33.0,33.0,代表重量。ケース・電池・地域仕様の差に注意,reference,C,expanded-accessory-v5,soft-mailer-xs,32,24,45
generic77mmuvfilter,accessory,Generic,77mm UV Filter,77mm filter,Filter / hood,フィルター・フード,accessory,,,,,38.0,38.0,38.0,代表重量。ケース・電池・地域仕様の差に注意,reference,C,expanded-accessory-v5,small-box,98,78,125
generic82mmfrontlenscap,accessory,Generic,82mm Front Lens Cap,82mm cap,Cap / small accessory,Cap / small accessory,accessory,,,,,38.0,38.0,38.0,代表重量。ケース・電池・地域仕様の差に注意,reference,C,expanded-accessory-v5,soft-mailer-xs,32,24,45
generic82mmuvfilter,accessory,Generic,82mm UV Filter,82mm filter,Filter / hood,フィルター・フード,accessory,,,,,43.0,43.0,43.0,代表重量。ケース・電池・地域仕様の差に注意,reference,C,expanded-accessory-v5,small-box,98,78,125
genericnikonfrearlenscap,accessory,Generic,Nikon F Rear Lens Cap,Nikon F | rear cap,Cap / small accessory,Cap / small accessory,accessory,,,,,18.0,18.0,18.0,代表重量。ケース・電池・地域仕様の差に注意,reference,C,expanded-accessory-v5,soft-mailer-xs,32,24,45
genericcanonfdrearlenscap,accessory,Generic,Canon FD Rear Lens Cap,Canon FD | rear cap,Cap / small accessory,Cap / small accessory,accessory,,,,,20.0,20.0,20.0,代表重量。ケース・電池・地域仕様の差に注意,reference,C,expanded-accessory-v5,soft-mailer-xs,32,24,45
genericcanonefrearlenscap,accessory,Generic,Canon EF Rear Lens Cap,Canon EF | rear cap,Cap / small accessory,Cap / small accessory,accessory,,,,,19.0,19.0,19.0,代表重量。ケース・電池・地域仕様の差に注意,reference,C,expanded-accessory-v5,soft-mailer-xs,32,24,45
genericminoltamdrearlenscap,accessory,Generic,Minolta MD Rear Lens Cap,Minolta SR | rear cap,Cap / small accessory,Cap / small accessory,accessory,,,,,18.0,18.0,18.0,代表重量。ケース・電池・地域仕様の差に注意,reference,C,expanded-accessory-v5,soft-mailer-xs,32,24,45
genericpentaxkrearlenscap,accessory,Generic,Pentax K Rear Lens Cap,Pentax K | rear cap,Cap / small accessory,Cap / small accessory,accessory,,,,,18.0,18.0,18.0,代表重量。ケース・電池・地域仕様の差に注意,reference,C,expanded-accessory-v5,soft-mailer-xs,32,24,45
genericolympusomrearlenscap,accessory,Generic,Olympus OM Rear Lens Cap,Olympus OM | rear cap,Cap / small accessory,Cap / small accessory,accessory,,,,,17.0,17.0,17.0,代表重量。ケース・電池・地域仕様の差に注意,reference,C,expanded-accessory-v5,soft-mailer-xs,32,24,45
genericm42rearlenscap,accessory,Generic,M42 Rear Lens Cap,M42 | rear cap,Cap / small accessory,Cap / small accessory,accessory,,,,,16.0,16.0,16.0,代表重量。ケース・電池・地域仕様の差に注意,reference,C,expanded-accessory-v5,soft-mailer-xs,32,24,45
genericgenericmetallenshoodsmall,accessory,Generic,Generic Metal Lens Hood Small,Metal Lens Hood Small,Filter / hood,フィルター・フード,accessory,,,,,28.0,28.0,28.0,代表重量。ケース・電池・地域仕様の差に注意,reference,C,expanded-accessory-v5,small-box,98,78,125
genericgenericrubberlenshoodsmall,accessory,Generic,Generic Rubber Lens Hood Small,Rubber Lens Hood Small,Filter / hood,フィルター・フード,accessory,,,,,38.0,38.0,38.0,代表重量。ケース・電池・地域仕様の差に注意,reference,C,expanded-accessory-v5,small-box,98,78,125
genericgenericmetallenshoodmedium,accessory,Generic,Generic Metal Lens Hood Medium,Metal Lens Hood Medium,Filter / hood,フィルター・フード,accessory,,,,,52.0,52.0,52.0,代表重量。ケース・電池・地域仕様の差に注意,reference,C,expanded-accessory-v5,small-box,98,78,125
genericgenerictelephotolenshood,accessory,Generic,Generic Telephoto Lens Hood,Telephoto Lens Hood,Filter / hood,フィルター・フード,accessory,,,,,95.0,95.0,95.0,代表重量。ケース・電池・地域仕様の差に注意,reference,C,expanded-accessory-v5,small-box,98,78,125
genericgenerictripodcollarsmall,accessory,Generic,Generic Tripod Collar Small,Tripod Collar Small,Grip / bracket,グリップ・ブラケット,accessory,,,,,125.0,125.0,125.0,代表重量。ケース・電池・地域仕様の差に注意,reference,C,expanded-accessory-v5,accessory-box,145,110,190
genericgenerictripodcollarlarge,accessory,Generic,Generic Tripod Collar Large,Tripod Collar Large,Grip / bracket,グリップ・ブラケット,accessory,,,,,220.0,220.0,220.0,代表重量。ケース・電池・地域仕様の差に注意,reference,C,expanded-accessory-v5,accessory-box,145,110,190
genericgenericleathercameracasesmall,accessory,Generic,Generic Leather Camera Case Small,Leather Camera Case Small,Strap / case,Strap / case,accessory,,,,,150.0,150.0,150.0,代表重量。ケース・電池・地域仕様の差に注意,reference,C,expanded-accessory-v5,accessory-box,145,110,190
genericgenericleathercameracasemedium,accessory,Generic,Generic Leather Camera Case Medium,Leather Camera Case Medium,Strap / case,Strap / case,accessory,,,,,220.0,220.0,220.0,代表重量。ケース・電池・地域仕様の差に注意,reference,C,expanded-accessory-v5,accessory-box,145,110,190
genericgenerichardlenscasemedium,accessory,Generic,Generic Hard Lens Case Medium,Hard Lens Case Medium,Strap / case,Strap / case,accessory,,,,,180.0,180.0,180.0,代表重量。ケース・電池・地域仕様の差に注意,reference,C,expanded-accessory-v5,accessory-box,145,110,190
genericgenerichardlenscaselarge,accessory,Generic,Generic Hard Lens Case Large,Hard Lens Case Large,Strap / case,Strap / case,accessory,,,,,320.0,320.0,320.0,代表重量。ケース・電池・地域仕様の差に注意,reference,C,expanded-accessory-v5,accessory-box,145,110,190
ricohricohaf2,camera,Ricoh,Ricoh AF-2,AF-2 | AF 2,35mm AF compact,35mm AFコンパクト,35mm,AF,fixed,Fixed lens,,,220.0,470.0,同種アクセサリー・同系統機からの推定範囲。出品前に実測推奨,genre-estimate,D,expanded-compact-v5,compact-standard,270,220,325
ricohricohaf2d,camera,Ricoh,Ricoh AF-2D,AF-2D | AF 2D,35mm AF compact,35mm AFコンパクト,35mm,AF,fixed,Fixed lens,,,220.0,470.0,同種アクセサリー・同系統機からの推定範囲。出品前に実測推奨,genre-estimate,D,expanded-compact-v5,compact-standard,270,220,325
ricohricohaf7,camera,Ricoh,Ricoh AF-7,AF-7 | AF 7,35mm AF compact,35mm AFコンパクト,35mm,AF,fixed,Fixed lens,,,220.0,470.0,同種アクセサリー・同系統機からの推定範囲。出品前に実測推奨,genre-estimate,D,expanded-compact-v5,compact-standard,270,220,325
ricohricohaf10,camera,Ricoh,Ricoh AF-10,AF-10 | AF 10,35mm AF compact,35mm AFコンパクト,35mm,AF,fixed,Fixed lens,,,220.0,470.0,同種アクセサリー・同系統機からの推定範囲。出品前に実測推奨,genre-estimate,D,expanded-compact-v5,compact-standard,270,220,325
ricohricohff3daf,camera,Ricoh,Ricoh FF-3D AF,FF-3D AF | FF 3D AF,35mm AF compact,35mm AFコンパクト,35mm,AF,fixed,Fixed lens,,,220.0,470.0,同種アクセサリー・同系統機からの推定範囲。出品前に実測推奨,genre-estimate,D,expanded-compact-v5,compact-standard,270,220,325
ricohricohtf200,camera,Ricoh,Ricoh TF-200,TF-200 | TF 200,35mm AF compact,35mm AFコンパクト,35mm,AF,fixed,Fixed lens,,,220.0,470.0,同種アクセサリー・同系統機からの推定範囲。出品前に実測推奨,genre-estimate,D,expanded-compact-v5,compact-standard,270,220,325
ricohricohtf200d,camera,Ricoh,Ricoh TF-200D,TF-200D | TF 200D,35mm AF compact,35mm AFコンパクト,35mm,AF,fixed,Fixed lens,,,220.0,470.0,同種アクセサリー・同系統機からの推定範囲。出品前に実測推奨,genre-estimate,D,expanded-compact-v5,compact-standard,270,220,325
ricohricohtf900d,camera,Ricoh,Ricoh TF-900D,TF-900D | TF 900D,35mm AF compact,35mm AFコンパクト,35mm,AF,fixed,Fixed lens,,,220.0,470.0,同種アクセサリー・同系統機からの推定範囲。出品前に実測推奨,genre-estimate,D,expanded-compact-v5,compact-standard,270,220,325
ricohricohshotmasterzoom90,camera,Ricoh,Ricoh Shotmaster Zoom 90,Shotmaster Zoom 90 | Shotmaster Zoom 90,35mm zoom compact,35mmズームコンパクト,35mm,AF,fixed zoom,Fixed lens,,,230.0,520.0,同種アクセサリー・同系統機からの推定範囲。出品前に実測推奨,genre-estimate,D,expanded-compact-v5,compact-heavy,320,260,390
ricohricohshotmaster130z,camera,Ricoh,Ricoh Shotmaster 130Z,Shotmaster 130Z | Shotmaster 130Z,35mm zoom compact,35mmズームコンパクト,35mm,AF,fixed zoom,Fixed lens,,,230.0,520.0,同種アクセサリー・同系統機からの推定範囲。出品前に実測推奨,genre-estimate,D,expanded-compact-v5,compact-heavy,320,260,390
ricohricohshotmaster140,camera,Ricoh,Ricoh Shotmaster 140,Shotmaster 140 | Shotmaster 140,35mm zoom compact,35mmズームコンパクト,35mm,AF,fixed zoom,Fixed lens,,,230.0,520.0,同種アクセサリー・同系統機からの推定範囲。出品前に実測推奨,genre-estimate,D,expanded-compact-v5,compact-heavy,320,260,390
ricohricohmiraizoom3,camera,Ricoh,Ricoh Mirai Zoom 3,Mirai Zoom 3 | Mirai Zoom 3,35mm zoom compact,35mmズームコンパクト,35mm,AF,fixed zoom,Fixed lens,,,230.0,520.0,同種アクセサリー・同系統機からの推定範囲。出品前に実測推奨,genre-estimate,D,expanded-compact-v5,compact-heavy,320,260,390
ricohricohmyportzoom90ps,camera,Ricoh,Ricoh Myport Zoom 90PS,Myport Zoom 90PS | Myport Zoom 90PS,35mm zoom compact,35mmズームコンパクト,35mm,AF,fixed zoom,Fixed lens,,,230.0,520.0,同種アクセサリー・同系統機からの推定範囲。出品前に実測推奨,genre-estimate,D,expanded-compact-v5,compact-heavy,320,260,390
ricohricohmyportzoomminip,camera,Ricoh,Ricoh Myport Zoom Mini P,Myport Zoom Mini P | Myport Zoom Mini P,35mm zoom compact,35mmズームコンパクト,35mm,AF,fixed zoom,Fixed lens,,,230.0,520.0,同種アクセサリー・同系統機からの推定範囲。出品前に実測推奨,genre-estimate,D,expanded-compact-v5,compact-heavy,320,260,390
ricohricohrz900,camera,Ricoh,Ricoh RZ-900,RZ-900 | RZ 900,35mm zoom compact,35mmズームコンパクト,35mm,AF,fixed zoom,Fixed lens,,,230.0,520.0,同種アクセサリー・同系統機からの推定範囲。出品前に実測推奨,genre-estimate,D,expanded-compact-v5,compact-heavy,320,260,390
ricohricohrz115,camera,Ricoh,Ricoh RZ-115,RZ-115 | RZ 115,35mm zoom compact,35mmズームコンパクト,35mm,AF,fixed zoom,Fixed lens,,,230.0,520.0,同種アクセサリー・同系統機からの推定範囲。出品前に実測推奨,genre-estimate,D,expanded-compact-v5,compact-heavy,320,260,390
ricohricohrz140,camera,Ricoh,Ricoh RZ-140,RZ-140 | RZ 140,35mm zoom compact,35mmズームコンパクト,35mm,AF,fixed zoom,Fixed lens,,,230.0,520.0,同種アクセサリー・同系統機からの推定範囲。出品前に実測推奨,genre-estimate,D,expanded-compact-v5,compact-heavy,320,260,390
ricohricohpx1,camera,Ricoh,Ricoh PX-1,PX-1 | PX 1,35mm AF compact,35mm AFコンパクト,35mm,AF,fixed,Fixed lens,,,220.0,470.0,同種アクセサリー・同系統機からの推定範囲。出品前に実測推奨,genre-estimate,D,expanded-compact-v5,compact-standard,270,220,325
minoltaminoltahimaticafc,camera,Minolta,Minolta Hi-Matic AF-C,Hi-Matic AF-C | Hi Matic AF C,35mm AF compact,35mm AFコンパクト,35mm,AF,fixed,Fixed lens,,,220.0,470.0,同種アクセサリー・同系統機からの推定範囲。出品前に実測推奨,genre-estimate,D,expanded-compact-v5,compact-standard,270,220,325
minoltaminoltahimaticafs,camera,Minolta,Minolta Hi-Matic AF-S,Hi-Matic AF-S | Hi Matic AF S,35mm AF compact,35mm AFコンパクト,35mm,AF,fixed,Fixed lens,,,220.0,470.0,同種アクセサリー・同系統機からの推定範囲。出品前に実測推奨,genre-estimate,D,expanded-compact-v5,compact-standard,270,220,325
minoltaminoltahimaticaftele,camera,Minolta,Minolta Hi-Matic AF-Tele,Hi-Matic AF-Tele | Hi Matic AF Tele,35mm AF compact,35mm AFコンパクト,35mm,AF,fixed,Fixed lens,,,220.0,470.0,同種アクセサリー・同系統機からの推定範囲。出品前に実測推奨,genre-estimate,D,expanded-compact-v5,compact-standard,270,220,325
minoltaminoltahimatictalker,camera,Minolta,Minolta Hi-Matic Talker,Hi-Matic Talker | Hi Matic Talker,35mm AF compact,35mm AFコンパクト,35mm,AF,fixed,Fixed lens,,,220.0,470.0,同種アクセサリー・同系統機からの推定範囲。出品前に実測推奨,genre-estimate,D,expanded-compact-v5,compact-standard,270,220,325
minoltaminoltarivaaf35,camera,Minolta,Minolta Riva AF35,Riva AF35 | Riva AF35,35mm AF compact,35mm AFコンパクト,35mm,AF,fixed,Fixed lens,,,220.0,470.0,同種アクセサリー・同系統機からの推定範囲。出品前に実測推奨,genre-estimate,D,expanded-compact-v5,compact-standard,270,220,325
minoltaminoltarivazoom105,camera,Minolta,Minolta Riva Zoom 105,Riva Zoom 105 | Riva Zoom 105,35mm zoom compact,35mmズームコンパクト,35mm,AF,fixed zoom,Fixed lens,,,230.0,520.0,同種アクセサリー・同系統機からの推定範囲。出品前に実測推奨,genre-estimate,D,expanded-compact-v5,compact-heavy,320,260,390
minoltaminoltarivazoom115,camera,Minolta,Minolta Riva Zoom 115,Riva Zoom 115 | Riva Zoom 115,35mm zoom compact,35mmズームコンパクト,35mm,AF,fixed zoom,Fixed lens,,,230.0,520.0,同種アクセサリー・同系統機からの推定範囲。出品前に実測推奨,genre-estimate,D,expanded-compact-v5,compact-heavy,320,260,390
minoltaminoltarivazoom125,camera,Minolta,Minolta Riva Zoom 125,Riva Zoom 125 | Riva Zoom 125,35mm zoom compact,35mmズームコンパクト,35mm,AF,fixed zoom,Fixed lens,,,230.0,520.0,同種アクセサリー・同系統機からの推定範囲。出品前に実測推奨,genre-estimate,D,expanded-compact-v5,compact-heavy,320,260,390
minoltaminoltarivazoom130,camera,Minolta,Minolta Riva Zoom 130,Riva Zoom 130 | Riva Zoom 130,35mm zoom compact,35mmズームコンパクト,35mm,AF,fixed zoom,Fixed lens,,,230.0,520.0,同種アクセサリー・同系統機からの推定範囲。出品前に実測推奨,genre-estimate,D,expanded-compact-v5,compact-heavy,320,260,390
minoltaminoltarivazoom140,camera,Minolta,Minolta Riva Zoom 140,Riva Zoom 140 | Riva Zoom 140,35mm zoom compact,35mmズームコンパクト,35mm,AF,fixed zoom,Fixed lens,,,230.0,520.0,同種アクセサリー・同系統機からの推定範囲。出品前に実測推奨,genre-estimate,D,expanded-compact-v5,compact-heavy,320,260,390
minoltaminoltarivazoom150,camera,Minolta,Minolta Riva Zoom 150,Riva Zoom 150 | Riva Zoom 150,35mm zoom compact,35mmズームコンパクト,35mm,AF,fixed zoom,Fixed lens,,,230.0,520.0,同種アクセサリー・同系統機からの推定範囲。出品前に実測推奨,genre-estimate,D,expanded-compact-v5,compact-heavy,320,260,390
minoltaminoltafreedomafe,camera,Minolta,Minolta Freedom AF-E,Freedom AF-E | Freedom AF E,35mm AF compact,35mm AFコンパクト,35mm,AF,fixed,Fixed lens,,,220.0,470.0,同種アクセサリー・同系統機からの推定範囲。出品前に実測推奨,genre-estimate,D,expanded-compact-v5,compact-standard,270,220,325
minoltaminoltafreedomtele,camera,Minolta,Minolta Freedom Tele,Freedom Tele | Freedom Tele,35mm AF compact,35mm AFコンパクト,35mm,AF,fixed,Fixed lens,,,220.0,470.0,同種アクセサリー・同系統機からの推定範囲。出品前に実測推奨,genre-estimate,D,expanded-compact-v5,compact-standard,270,220,325
minoltaminoltafreedomzoom105,camera,Minolta,Minolta Freedom Zoom 105,Freedom Zoom 105 | Freedom Zoom 105,35mm zoom compact,35mmズームコンパクト,35mm,AF,fixed zoom,Fixed lens,,,230.0,520.0,同種アクセサリー・同系統機からの推定範囲。出品前に実測推奨,genre-estimate,D,expanded-compact-v5,compact-heavy,320,260,390
minoltaminoltafreedomzoom115,camera,Minolta,Minolta Freedom Zoom 115,Freedom Zoom 115 | Freedom Zoom 115,35mm zoom compact,35mmズームコンパクト,35mm,AF,fixed zoom,Fixed lens,,,230.0,520.0,同種アクセサリー・同系統機からの推定範囲。出品前に実測推奨,genre-estimate,D,expanded-compact-v5,compact-heavy,320,260,390
minoltaminoltafreedomzoom125,camera,Minolta,Minolta Freedom Zoom 125,Freedom Zoom 125 | Freedom Zoom 125,35mm zoom compact,35mmズームコンパクト,35mm,AF,fixed zoom,Fixed lens,,,230.0,520.0,同種アクセサリー・同系統機からの推定範囲。出品前に実測推奨,genre-estimate,D,expanded-compact-v5,compact-heavy,320,260,390
minoltaminoltafreedomzoom140,camera,Minolta,Minolta Freedom Zoom 140,Freedom Zoom 140 | Freedom Zoom 140,35mm zoom compact,35mmズームコンパクト,35mm,AF,fixed zoom,Fixed lens,,,230.0,520.0,同種アクセサリー・同系統機からの推定範囲。出品前に実測推奨,genre-estimate,D,expanded-compact-v5,compact-heavy,320,260,390
olympusolympusaf10twin,camera,Olympus,Olympus AF-10 Twin,AF-10 Twin | AF 10 Twin,35mm AF compact,35mm AFコンパクト,35mm,AF,fixed,Fixed lens,,,220.0,470.0,同種アクセサリー・同系統機からの推定範囲。出品前に実測推奨,genre-estimate,D,expanded-compact-v5,compact-standard,270,220,325
olympusolympusaf30,camera,Olympus,Olympus AF-30,AF-30 | AF 30,35mm AF compact,35mm AFコンパクト,35mm,AF,fixed,Fixed lens,,,220.0,470.0,同種アクセサリー・同系統機からの推定範囲。出品前に実測推奨,genre-estimate,D,expanded-compact-v5,compact-standard,270,220,325
olympusolympusaz1zoom,camera,Olympus,Olympus AZ-1 Zoom,AZ-1 Zoom | AZ 1 Zoom,35mm zoom compact,35mmズームコンパクト,35mm,AF,fixed zoom,Fixed lens,,,230.0,520.0,同種アクセサリー・同系統機からの推定範囲。出品前に実測推奨,genre-estimate,D,expanded-compact-v5,compact-heavy,320,260,390
olympusolympusaz200,camera,Olympus,Olympus AZ-200,AZ-200 | AZ 200,35mm AF compact,35mm AFコンパクト,35mm,AF,fixed,Fixed lens,,,220.0,470.0,同種アクセサリー・同系統機からの推定範囲。出品前に実測推奨,genre-estimate,D,expanded-compact-v5,compact-standard,270,220,325
olympusolympusaz210,camera,Olympus,Olympus AZ-210,AZ-210 | AZ 210,35mm AF compact,35mm AFコンパクト,35mm,AF,fixed,Fixed lens,,,220.0,470.0,同種アクセサリー・同系統機からの推定範囲。出品前に実測推奨,genre-estimate,D,expanded-compact-v5,compact-standard,270,220,325
olympusolympusaz220,camera,Olympus,Olympus AZ-220,AZ-220 | AZ 220,35mm AF compact,35mm AFコンパクト,35mm,AF,fixed,Fixed lens,,,220.0,470.0,同種アクセサリー・同系統機からの推定範囲。出品前に実測推奨,genre-estimate,D,expanded-compact-v5,compact-standard,270,220,325
olympusolympusaz230,camera,Olympus,Olympus AZ-230,AZ-230 | AZ 230,35mm AF compact,35mm AFコンパクト,35mm,AF,fixed,Fixed lens,,,220.0,470.0,同種アクセサリー・同系統機からの推定範囲。出品前に実測推奨,genre-estimate,D,expanded-compact-v5,compact-standard,270,220,325
olympusolympusaz300,camera,Olympus,Olympus AZ-300,AZ-300 | AZ 300,35mm AF compact,35mm AFコンパクト,35mm,AF,fixed,Fixed lens,,,220.0,470.0,同種アクセサリー・同系統機からの推定範囲。出品前に実測推奨,genre-estimate,D,expanded-compact-v5,compact-standard,270,220,325
olympusolympusaz330,camera,Olympus,Olympus AZ-330,AZ-330 | AZ 330,35mm AF compact,35mm AFコンパクト,35mm,AF,fixed,Fixed lens,,,220.0,470.0,同種アクセサリー・同系統機からの推定範囲。出品前に実測推奨,genre-estimate,D,expanded-compact-v5,compact-standard,270,220,325
olympusolympustripaf20,camera,Olympus,Olympus Trip AF 20,Trip AF 20 | Trip AF 20,35mm compact MF,35mm MFコンパクト,35mm,MF,fixed,Fixed lens,,,180.0,410.0,同種アクセサリー・同系統機からの推定範囲。出品前に実測推奨,genre-estimate,D,expanded-compact-v5,compact-standard,270,220,325
olympusolympustripaf30,camera,Olympus,Olympus Trip AF 30,Trip AF 30 | Trip AF 30,35mm compact MF,35mm MFコンパクト,35mm,MF,fixed,Fixed lens,,,180.0,410.0,同種アクセサリー・同系統機からの推定範囲。出品前に実測推奨,genre-estimate,D,expanded-compact-v5,compact-standard,270,220,325
olympusolympustripaf31,camera,Olympus,Olympus Trip AF 31,Trip AF 31 | Trip AF 31,35mm compact MF,35mm MFコンパクト,35mm,MF,fixed,Fixed lens,,,180.0,410.0,同種アクセサリー・同系統機からの推定範囲。出品前に実測推奨,genre-estimate,D,expanded-compact-v5,compact-standard,270,220,325
olympusolympustripaf51,camera,Olympus,Olympus Trip AF 51,Trip AF 51 | Trip AF 51,35mm compact MF,35mm MFコンパクト,35mm,MF,fixed,Fixed lens,,,180.0,410.0,同種アクセサリー・同系統機からの推定範囲。出品前に実測推奨,genre-estimate,D,expanded-compact-v5,compact-standard,270,220,325
olympusolympusinfinityjr,camera,Olympus,Olympus Infinity Jr,Infinity Jr | Infinity Jr,35mm AF compact,35mm AFコンパクト,35mm,AF,fixed,Fixed lens,,,220.0,470.0,同種アクセサリー・同系統機からの推定範囲。出品前に実測推奨,genre-estimate,D,expanded-compact-v5,compact-standard,270,220,325
olympusolympusinfinityzoom200,camera,Olympus,Olympus Infinity Zoom 200,Infinity Zoom 200 | Infinity Zoom 200,35mm zoom compact,35mmズームコンパクト,35mm,AF,fixed zoom,Fixed lens,,,230.0,520.0,同種アクセサリー・同系統機からの推定範囲。出品前に実測推奨,genre-estimate,D,expanded-compact-v5,compact-heavy,320,260,390
olympusolympusinfinityzoom210,camera,Olympus,Olympus Infinity Zoom 210,Infinity Zoom 210 | Infinity Zoom 210,35mm zoom compact,35mmズームコンパクト,35mm,AF,fixed zoom,Fixed lens,,,230.0,520.0,同種アクセサリー・同系統機からの推定範囲。出品前に実測推奨,genre-estimate,D,expanded-compact-v5,compact-heavy,320,260,390
olympusolympusinfinityzoom230,camera,Olympus,Olympus Infinity Zoom 230,Infinity Zoom 230 | Infinity Zoom 230,35mm zoom compact,35mmズームコンパクト,35mm,AF,fixed zoom,Fixed lens,,,230.0,520.0,同種アクセサリー・同系統機からの推定範囲。出品前に実測推奨,genre-estimate,D,expanded-compact-v5,compact-heavy,320,260,390
olympusolympusinfinityzoom280,camera,Olympus,Olympus Infinity Zoom 280,Infinity Zoom 280 | Infinity Zoom 280,35mm zoom compact,35mmズームコンパクト,35mm,AF,fixed zoom,Fixed lens,,,230.0,520.0,同種アクセサリー・同系統機からの推定範囲。出品前に実測推奨,genre-estimate,D,expanded-compact-v5,compact-heavy,320,260,390
canoncanonsureshot76zoom,camera,Canon,Canon Sure Shot 76 Zoom,Sure Shot 76 Zoom | Sure Shot 76 Zoom,35mm zoom compact,35mmズームコンパクト,35mm,AF,fixed zoom,Fixed lens,,,230.0,520.0,同種アクセサリー・同系統機からの推定範囲。出品前に実測推奨,genre-estimate,D,expanded-compact-v5,compact-heavy,320,260,390
canoncanonsureshot120classic,camera,Canon,Canon Sure Shot 120 Classic,Sure Shot 120 Classic | Sure Shot 120 Classic,35mm AF compact,35mm AFコンパクト,35mm,AF,fixed,Fixed lens,,,220.0,470.0,同種アクセサリー・同系統機からの推定範囲。出品前に実測推奨,genre-estimate,D,expanded-compact-v5,compact-standard,270,220,325
canoncanonautoboyse,camera,Canon,Canon Autoboy SE,Autoboy SE | Autoboy SE,35mm AF compact,35mm AFコンパクト,35mm,AF,fixed,Fixed lens,,,220.0,470.0,同種アクセサリー・同系統機からの推定範囲。出品前に実測推奨,genre-estimate,D,expanded-compact-v5,compact-standard,270,220,325
canoncanonautoboyxl,camera,Canon,Canon Autoboy XL,Autoboy XL | Autoboy XL,35mm AF compact,35mm AFコンパクト,35mm,AF,fixed,Fixed lens,,,220.0,470.0,同種アクセサリー・同系統機からの推定範囲。出品前に実測推奨,genre-estimate,D,expanded-compact-v5,compact-standard,270,220,325
canoncanonautoboyzoom,camera,Canon,Canon Autoboy Zoom,Autoboy Zoom | Autoboy Zoom,35mm zoom compact,35mmズームコンパクト,35mm,AF,fixed zoom,Fixed lens,,,230.0,520.0,同種アクセサリー・同系統機からの推定範囲。出品前に実測推奨,genre-estimate,D,expanded-compact-v5,compact-heavy,320,260,390
canoncanonautoboyzoomsuper,camera,Canon,Canon Autoboy Zoom Super,Autoboy Zoom Super | Autoboy Zoom Super,35mm zoom compact,35mmズームコンパクト,35mm,AF,fixed zoom,Fixed lens,,,230.0,520.0,同種アクセサリー・同系統機からの推定範囲。出品前に実測推奨,genre-estimate,D,expanded-compact-v5,compact-heavy,320,260,390
canoncanonautoboyzoom76,camera,Canon,Canon Autoboy Zoom 76,Autoboy Zoom 76 | Autoboy Zoom 76,35mm zoom compact,35mmズームコンパクト,35mm,AF,fixed zoom,Fixed lens,,,230.0,520.0,同種アクセサリー・同系統機からの推定範囲。出品前に実測推奨,genre-estimate,D,expanded-compact-v5,compact-heavy,320,260,390
canoncanonautoboyzoom105,camera,Canon,Canon Autoboy Zoom 105,Autoboy Zoom 105 | Autoboy Zoom 105,35mm zoom compact,35mmズームコンパクト,35mm,AF,fixed zoom,Fixed lens,,,230.0,520.0,同種アクセサリー・同系統機からの推定範囲。出品前に実測推奨,genre-estimate,D,expanded-compact-v5,compact-heavy,320,260,390
canoncanonautoboyzoom120,camera,Canon,Canon Autoboy Zoom 120,Autoboy Zoom 120 | Autoboy Zoom 120,35mm zoom compact,35mmズームコンパクト,35mm,AF,fixed zoom,Fixed lens,,,230.0,520.0,同種アクセサリー・同系統機からの推定範囲。出品前に実測推奨,genre-estimate,D,expanded-compact-v5,compact-heavy,320,260,390
canoncanonautoboyzoom130,camera,Canon,Canon Autoboy Zoom 130,Autoboy Zoom 130 | Autoboy Zoom 130,35mm zoom compact,35mmズームコンパクト,35mm,AF,fixed zoom,Fixed lens,,,230.0,520.0,同種アクセサリー・同系統機からの推定範囲。出品前に実測推奨,genre-estimate,D,expanded-compact-v5,compact-heavy,320,260,390
canoncanonautoboyzoom150,camera,Canon,Canon Autoboy Zoom 150,Autoboy Zoom 150 | Autoboy Zoom 150,35mm zoom compact,35mmズームコンパクト,35mm,AF,fixed zoom,Fixed lens,,,230.0,520.0,同種アクセサリー・同系統機からの推定範囲。出品前に実測推奨,genre-estimate,D,expanded-compact-v5,compact-heavy,320,260,390
canoncanonprimaaf7,camera,Canon,Canon Prima AF-7,Prima AF-7 | Prima AF 7,35mm AF compact,35mm AFコンパクト,35mm,AF,fixed,Fixed lens,,,220.0,470.0,同種アクセサリー・同系統機からの推定範囲。出品前に実測推奨,genre-estimate,D,expanded-compact-v5,compact-standard,270,220,325
canoncanonprimabf8,camera,Canon,Canon Prima BF-8,Prima BF-8 | Prima BF 8,35mm AF compact,35mm AFコンパクト,35mm,AF,fixed,Fixed lens,,,220.0,470.0,同種アクセサリー・同系統機からの推定範囲。出品前に実測推奨,genre-estimate,D,expanded-compact-v5,compact-standard,270,220,325
canoncanonprimasuper105,camera,Canon,Canon Prima Super 105,Prima Super 105 | Prima Super 105,35mm AF compact,35mm AFコンパクト,35mm,AF,fixed,Fixed lens,,,220.0,470.0,同種アクセサリー・同系統機からの推定範囲。出品前に実測推奨,genre-estimate,D,expanded-compact-v5,compact-standard,270,220,325
nikonnikononetouch100,camera,Nikon,Nikon One Touch 100,One Touch 100 | One Touch 100,35mm AF compact,35mm AFコンパクト,35mm,AF,fixed,Fixed lens,,,220.0,470.0,同種アクセサリー・同系統機からの推定範囲。出品前に実測推奨,genre-estimate,D,expanded-compact-v5,compact-standard,270,220,325
nikonnikononetouch200,camera,Nikon,Nikon One Touch 200,One Touch 200 | One Touch 200,35mm AF compact,35mm AFコンパクト,35mm,AF,fixed,Fixed lens,,,220.0,470.0,同種アクセサリー・同系統機からの推定範囲。出品前に実測推奨,genre-estimate,D,expanded-compact-v5,compact-standard,270,220,325
nikonnikononetouch300,camera,Nikon,Nikon One Touch 300,One Touch 300 | One Touch 300,35mm AF compact,35mm AFコンパクト,35mm,AF,fixed,Fixed lens,,,220.0,470.0,同種アクセサリー・同系統機からの推定範囲。出品前に実測推奨,genre-estimate,D,expanded-compact-v5,compact-standard,270,220,325
nikonnikononetouchzoom100,camera,Nikon,Nikon One Touch Zoom 100,One Touch Zoom 100 | One Touch Zoom 100,35mm zoom compact,35mmズームコンパクト,35mm,AF,fixed zoom,Fixed lens,,,230.0,520.0,同種アクセサリー・同系統機からの推定範囲。出品前に実測推奨,genre-estimate,D,expanded-compact-v5,compact-heavy,320,260,390
nikonnikononetouchzoom110,camera,Nikon,Nikon One Touch Zoom 110,One Touch Zoom 110 | One Touch Zoom 110,35mm zoom compact,35mmズームコンパクト,35mm,AF,fixed zoom,Fixed lens,,,230.0,520.0,同種アクセサリー・同系統機からの推定範囲。出品前に実測推奨,genre-estimate,D,expanded-compact-v5,compact-heavy,320,260,390
nikonnikonlitetouch100,camera,Nikon,Nikon Lite Touch 100,Lite Touch 100 | Lite Touch 100,35mm AF compact,35mm AFコンパクト,35mm,AF,fixed,Fixed lens,,,220.0,470.0,同種アクセサリー・同系統機からの推定範囲。出品前に実測推奨,genre-estimate,D,expanded-compact-v5,compact-standard,270,220,325
nikonnikonlitetouch110,camera,Nikon,Nikon Lite Touch 110,Lite Touch 110 | Lite Touch 110,35mm AF compact,35mm AFコンパクト,35mm,AF,fixed,Fixed lens,,,220.0,470.0,同種アクセサリー・同系統機からの推定範囲。出品前に実測推奨,genre-estimate,D,expanded-compact-v5,compact-standard,270,220,325
nikonnikonlitetouch120,camera,Nikon,Nikon Lite Touch 120,Lite Touch 120 | Lite Touch 120,35mm AF compact,35mm AFコンパクト,35mm,AF,fixed,Fixed lens,,,220.0,470.0,同種アクセサリー・同系統機からの推定範囲。出品前に実測推奨,genre-estimate,D,expanded-compact-v5,compact-standard,270,220,325
nikonnikonlitetouch130,camera,Nikon,Nikon Lite Touch 130,Lite Touch 130 | Lite Touch 130,35mm AF compact,35mm AFコンパクト,35mm,AF,fixed,Fixed lens,,,220.0,470.0,同種アクセサリー・同系統機からの推定範囲。出品前に実測推奨,genre-estimate,D,expanded-compact-v5,compact-standard,270,220,325
nikonnikonlitetouch140,camera,Nikon,Nikon Lite Touch 140,Lite Touch 140 | Lite Touch 140,35mm AF compact,35mm AFコンパクト,35mm,AF,fixed,Fixed lens,,,220.0,470.0,同種アクセサリー・同系統機からの推定範囲。出品前に実測推奨,genre-estimate,D,expanded-compact-v5,compact-standard,270,220,325
nikonnikonzoomtouch500,camera,Nikon,Nikon Zoom Touch 500,Zoom Touch 500 | Zoom Touch 500,35mm zoom compact,35mmズームコンパクト,35mm,AF,fixed zoom,Fixed lens,,,230.0,520.0,同種アクセサリー・同系統機からの推定範囲。出品前に実測推奨,genre-estimate,D,expanded-compact-v5,compact-heavy,320,260,390
nikonnikonzoomtouch800,camera,Nikon,Nikon Zoom Touch 800,Zoom Touch 800 | Zoom Touch 800,35mm zoom compact,35mmズームコンパクト,35mm,AF,fixed zoom,Fixed lens,,,230.0,520.0,同種アクセサリー・同系統機からの推定範囲。出品前に実測推奨,genre-estimate,D,expanded-compact-v5,compact-heavy,320,260,390
konicakonicac35efj,camera,Konica,Konica C35 EFJ,C35 EFJ | C35 EFJ,35mm compact MF,35mm MFコンパクト,35mm,MF,fixed,Fixed lens,,,180.0,410.0,同種アクセサリー・同系統機からの推定範囲。出品前に実測推奨,genre-estimate,D,expanded-compact-v5,compact-standard,270,220,325
konicakonicamr70,camera,Konica,Konica MR.70,MR.70 | MR.70,35mm AF compact,35mm AFコンパクト,35mm,AF,fixed,Fixed lens,,,220.0,470.0,同種アクセサリー・同系統機からの推定範囲。出品前に実測推奨,genre-estimate,D,expanded-compact-v5,compact-standard,270,220,325
konicakonicabigminibm510z,camera,Konica,Konica Big Mini BM-510Z,Big Mini BM-510Z | Big Mini BM 510Z,35mm AF compact,35mm AFコンパクト,35mm,AF,fixed,Fixed lens,,,220.0,470.0,同種アクセサリー・同系統機からの推定範囲。出品前に実測推奨,genre-estimate,D,expanded-compact-v5,compact-standard,270,220,325
konicakonicabigminibm611z,camera,Konica,Konica Big Mini BM-611Z,Big Mini BM-611Z | Big Mini BM 611Z,35mm AF compact,35mm AFコンパクト,35mm,AF,fixed,Fixed lens,,,220.0,470.0,同種アクセサリー・同系統機からの推定範囲。出品前に実測推奨,genre-estimate,D,expanded-compact-v5,compact-standard,270,220,325
konicakonicazup90,camera,Konica,Konica Z-up 90,Z-up 90 | Z up 90,35mm zoom compact,35mmズームコンパクト,35mm,AF,fixed zoom,Fixed lens,,,230.0,520.0,同種アクセサリー・同系統機からの推定範囲。出品前に実測推奨,genre-estimate,D,expanded-compact-v5,compact-heavy,320,260,390
konicakonicazup120,camera,Konica,Konica Z-up 120,Z-up 120 | Z up 120,35mm zoom compact,35mmズームコンパクト,35mm,AF,fixed zoom,Fixed lens,,,230.0,520.0,同種アクセサリー・同系統機からの推定範囲。出品前に実測推奨,genre-estimate,D,expanded-compact-v5,compact-heavy,320,260,390
konicakonicazup130,camera,Konica,Konica Z-up 130,Z-up 130 | Z up 130,35mm zoom compact,35mmズームコンパクト,35mm,AF,fixed zoom,Fixed lens,,,230.0,520.0,同種アクセサリー・同系統機からの推定範囲。出品前に実測推奨,genre-estimate,D,expanded-compact-v5,compact-heavy,320,260,390
konicakonicazup140,camera,Konica,Konica Z-up 140,Z-up 140 | Z up 140,35mm zoom compact,35mmズームコンパクト,35mm,AF,fixed zoom,Fixed lens,,,230.0,520.0,同種アクセサリー・同系統機からの推定範囲。出品前に実測推奨,genre-estimate,D,expanded-compact-v5,compact-heavy,320,260,390
konicakonicazup150,camera,Konica,Konica Z-up 150,Z-up 150 | Z up 150,35mm zoom compact,35mmズームコンパクト,35mm,AF,fixed zoom,Fixed lens,,,230.0,520.0,同種アクセサリー・同系統機からの推定範囲。出品前に実測推奨,genre-estimate,D,expanded-compact-v5,compact-heavy,320,260,390
pentaxpentaxespio838,camera,Pentax,Pentax Espio 838,Espio 838 | Espio 838,35mm zoom compact,35mmズームコンパクト,35mm,AF,fixed zoom,Fixed lens,,,230.0,520.0,同種アクセサリー・同系統機からの推定範囲。出品前に実測推奨,genre-estimate,D,expanded-compact-v5,compact-heavy,320,260,390
pentaxpentaxespio105,camera,Pentax,Pentax Espio 105,Espio 105 | Espio 105,35mm zoom compact,35mmズームコンパクト,35mm,AF,fixed zoom,Fixed lens,,,230.0,520.0,同種アクセサリー・同系統機からの推定範囲。出品前に実測推奨,genre-estimate,D,expanded-compact-v5,compact-heavy,320,260,390
pentaxpentaxespio200,camera,Pentax,Pentax Espio 200,Espio 200 | Espio 200,35mm zoom compact,35mmズームコンパクト,35mm,AF,fixed zoom,Fixed lens,,,230.0,520.0,同種アクセサリー・同系統機からの推定範囲。出品前に実測推奨,genre-estimate,D,expanded-compact-v5,compact-heavy,320,260,390
pentaxpentaxiqzoom70,camera,Pentax,Pentax IQZoom 70,IQZoom 70 | IQZoom 70,35mm zoom compact,35mmズームコンパクト,35mm,AF,fixed zoom,Fixed lens,,,230.0,520.0,同種アクセサリー・同系統機からの推定範囲。出品前に実測推奨,genre-estimate,D,expanded-compact-v5,compact-heavy,320,260,390
pentaxpentaxiqzoom80,camera,Pentax,Pentax IQZoom 80,IQZoom 80 | IQZoom 80,35mm zoom compact,35mmズームコンパクト,35mm,AF,fixed zoom,Fixed lens,,,230.0,520.0,同種アクセサリー・同系統機からの推定範囲。出品前に実測推奨,genre-estimate,D,expanded-compact-v5,compact-heavy,320,260,390
pentaxpentaxiqzoom105,camera,Pentax,Pentax IQZoom 105,IQZoom 105 | IQZoom 105,35mm zoom compact,35mmズームコンパクト,35mm,AF,fixed zoom,Fixed lens,,,230.0,520.0,同種アクセサリー・同系統機からの推定範囲。出品前に実測推奨,genre-estimate,D,expanded-compact-v5,compact-heavy,320,260,390
pentaxpentaxiqzoom120mi,camera,Pentax,Pentax IQZoom 120Mi,IQZoom 120Mi | IQZoom 120Mi,35mm zoom compact,35mmズームコンパクト,35mm,AF,fixed zoom,Fixed lens,,,230.0,520.0,同種アクセサリー・同系統機からの推定範囲。出品前に実測推奨,genre-estimate,D,expanded-compact-v5,compact-heavy,320,260,390
pentaxpentaxiqzoom140,camera,Pentax,Pentax IQZoom 140,IQZoom 140 | IQZoom 140,35mm zoom compact,35mmズームコンパクト,35mm,AF,fixed zoom,Fixed lens,,,230.0,520.0,同種アクセサリー・同系統機からの推定範囲。出品前に実測推奨,genre-estimate,D,expanded-compact-v5,compact-heavy,320,260,390
pentaxpentaxiqzoom160,camera,Pentax,Pentax IQZoom 160,IQZoom 160 | IQZoom 160,35mm zoom compact,35mmズームコンパクト,35mm,AF,fixed zoom,Fixed lens,,,230.0,520.0,同種アクセサリー・同系統機からの推定範囲。出品前に実測推奨,genre-estimate,D,expanded-compact-v5,compact-heavy,320,260,390
yashicayashicat4super,camera,Yashica,Yashica T4 Super,T4 Super | T4 Super,Premium 35mm compact,高級35mmコンパクト,35mm,AF,fixed,Fixed lens,,,180.0,420.0,同種アクセサリー・同系統機からの推定範囲。出品前に実測推奨,genre-estimate,D,expanded-compact-v5,compact-standard,270,220,325
yashicayashicat5d,camera,Yashica,Yashica T5D,T5D | T5D,Premium 35mm compact,高級35mmコンパクト,35mm,AF,fixed,Fixed lens,,,180.0,420.0,同種アクセサリー・同系統機からの推定範囲。出品前に実測推奨,genre-estimate,D,expanded-compact-v5,compact-standard,270,220,325
yashicayashicaelite70,camera,Yashica,Yashica Elite 70,Elite 70 | Elite 70,35mm AF compact,35mm AFコンパクト,35mm,AF,fixed,Fixed lens,,,220.0,470.0,同種アクセサリー・同系統機からの推定範囲。出品前に実測推奨,genre-estimate,D,expanded-compact-v5,compact-standard,270,220,325
yashicayashicaelite80,camera,Yashica,Yashica Elite 80,Elite 80 | Elite 80,35mm AF compact,35mm AFコンパクト,35mm,AF,fixed,Fixed lens,,,220.0,470.0,同種アクセサリー・同系統機からの推定範囲。出品前に実測推奨,genre-estimate,D,expanded-compact-v5,compact-standard,270,220,325
fujifilmfujifilmdl270,camera,Fujifilm,Fujifilm DL-270,DL-270 | DL 270,35mm AF compact,35mm AFコンパクト,35mm,AF,fixed,Fixed lens,,,220.0,470.0,同種アクセサリー・同系統機からの推定範囲。出品前に実測推奨,genre-estimate,D,expanded-compact-v5,compact-standard,270,220,325
fujifilmfujifilmdl400,camera,Fujifilm,Fujifilm DL-400,DL-400 | DL 400,35mm AF compact,35mm AFコンパクト,35mm,AF,fixed,Fixed lens,,,220.0,470.0,同種アクセサリー・同系統機からの推定範囲。出品前に実測推奨,genre-estimate,D,expanded-compact-v5,compact-standard,270,220,325
fujifilmfujifilmdl500,camera,Fujifilm,Fujifilm DL-500,DL-500 | DL 500,35mm AF compact,35mm AFコンパクト,35mm,AF,fixed,Fixed lens,,,220.0,470.0,同種アクセサリー・同系統機からの推定範囲。出品前に実測推奨,genre-estimate,D,expanded-compact-v5,compact-standard,270,220,325
fujifilmfujifilmdl600,camera,Fujifilm,Fujifilm DL-600,DL-600 | DL 600,35mm AF compact,35mm AFコンパクト,35mm,AF,fixed,Fixed lens,,,220.0,470.0,同種アクセサリー・同系統機からの推定範囲。出品前に実測推奨,genre-estimate,D,expanded-compact-v5,compact-standard,270,220,325
fujifilmfujifilmcardiaminielite,camera,Fujifilm,Fujifilm Cardia Mini Elite,Cardia Mini Elite | Cardia Mini Elite,35mm AF compact,35mm AFコンパクト,35mm,AF,fixed,Fixed lens,,,220.0,470.0,同種アクセサリー・同系統機からの推定範囲。出品前に実測推奨,genre-estimate,D,expanded-compact-v5,compact-standard,270,220,325
fujifilmfujifilmsilvi1000,camera,Fujifilm,Fujifilm Silvi 1000,Silvi 1000 | Silvi 1000,35mm zoom compact,35mmズームコンパクト,35mm,AF,fixed zoom,Fixed lens,,,230.0,520.0,同種アクセサリー・同系統機からの推定範囲。出品前に実測推奨,genre-estimate,D,expanded-compact-v5,compact-heavy,320,260,390
fujifilmfujifilmsilvi1300,camera,Fujifilm,Fujifilm Silvi 1300,Silvi 1300 | Silvi 1300,35mm zoom compact,35mmズームコンパクト,35mm,AF,fixed zoom,Fixed lens,,,230.0,520.0,同種アクセサリー・同系統機からの推定範囲。出品前に実測推奨,genre-estimate,D,expanded-compact-v5,compact-heavy,320,260,390
fujifilmfujifilmsilvi1600,camera,Fujifilm,Fujifilm Silvi 1600,Silvi 1600 | Silvi 1600,35mm zoom compact,35mmズームコンパクト,35mm,AF,fixed zoom,Fixed lens,,,230.0,520.0,同種アクセサリー・同系統機からの推定範囲。出品前に実測推奨,genre-estimate,D,expanded-compact-v5,compact-heavy,320,260,390
fujifilmfujifilmzoomdate100,camera,Fujifilm,Fujifilm Zoom Date 100,Zoom Date 100 | Zoom Date 100,35mm zoom compact,35mmズームコンパクト,35mm,AF,fixed zoom,Fixed lens,,,230.0,520.0,同種アクセサリー・同系統機からの推定範囲。出品前に実測推奨,genre-estimate,D,expanded-compact-v5,compact-heavy,320,260,390
fujifilmfujifilmzoomdate135,camera,Fujifilm,Fujifilm Zoom Date 135,Zoom Date 135 | Zoom Date 135,35mm zoom compact,35mmズームコンパクト,35mm,AF,fixed zoom,Fixed lens,,,230.0,520.0,同種アクセサリー・同系統機からの推定範囲。出品前に実測推奨,genre-estimate,D,expanded-compact-v5,compact-heavy,320,260,390
fujifilmfujifilmdiscovery90,camera,Fujifilm,Fujifilm Discovery 90,Discovery 90 | Discovery 90,35mm AF compact,35mm AFコンパクト,35mm,AF,fixed,Fixed lens,,,220.0,470.0,同種アクセサリー・同系統機からの推定範囲。出品前に実測推奨,genre-estimate,D,expanded-compact-v5,compact-standard,270,220,325
fujifilmfujifilmdiscovery100,camera,Fujifilm,Fujifilm Discovery 100,Discovery 100 | Discovery 100,35mm AF compact,35mm AFコンパクト,35mm,AF,fixed,Fixed lens,,,220.0,470.0,同種アクセサリー・同系統機からの推定範囲。出品前に実測推奨,genre-estimate,D,expanded-compact-v5,compact-standard,270,220,325
fujifilmfujifilmdiscovery270,camera,Fujifilm,Fujifilm Discovery 270,Discovery 270 | Discovery 270,35mm AF compact,35mm AFコンパクト,35mm,AF,fixed,Fixed lens,,,220.0,470.0,同種アクセサリー・同系統機からの推定範囲。出品前に実測推奨,genre-estimate,D,expanded-compact-v5,compact-standard,270,220,325
samsungsamsungafzoom700,camera,Samsung,Samsung AF Zoom 700,AF Zoom 700 | AF Zoom 700,35mm zoom compact,35mmズームコンパクト,35mm,AF,fixed zoom,Fixed lens,,,230.0,520.0,同種アクセサリー・同系統機からの推定範囲。出品前に実測推奨,genre-estimate,D,expanded-compact-v5,compact-heavy,320,260,390
samsungsamsungafzoom1050,camera,Samsung,Samsung AF Zoom 1050,AF Zoom 1050 | AF Zoom 1050,35mm zoom compact,35mmズームコンパクト,35mm,AF,fixed zoom,Fixed lens,,,230.0,520.0,同種アクセサリー・同系統機からの推定範囲。出品前に実測推奨,genre-estimate,D,expanded-compact-v5,compact-heavy,320,260,390
samsungsamsungfino20se,camera,Samsung,Samsung Fino 20SE,Fino 20SE | Fino 20SE,35mm AF compact,35mm AFコンパクト,35mm,AF,fixed,Fixed lens,,,220.0,470.0,同種アクセサリー・同系統機からの推定範囲。出品前に実測推奨,genre-estimate,D,expanded-compact-v5,compact-standard,270,220,325
samsungsamsungfino40s,camera,Samsung,Samsung Fino 40S,Fino 40S | Fino 40S,35mm AF compact,35mm AFコンパクト,35mm,AF,fixed,Fixed lens,,,220.0,470.0,同種アクセサリー・同系統機からの推定範囲。出品前に実測推奨,genre-estimate,D,expanded-compact-v5,compact-standard,270,220,325
samsungsamsungfino70s,camera,Samsung,Samsung Fino 70S,Fino 70S | Fino 70S,35mm AF compact,35mm AFコンパクト,35mm,AF,fixed,Fixed lens,,,220.0,470.0,同種アクセサリー・同系統機からの推定範囲。出品前に実測推奨,genre-estimate,D,expanded-compact-v5,compact-standard,270,220,325
samsungsamsungfino80,camera,Samsung,Samsung Fino 80,Fino 80 | Fino 80,35mm AF compact,35mm AFコンパクト,35mm,AF,fixed,Fixed lens,,,220.0,470.0,同種アクセサリー・同系統機からの推定範囲。出品前に実測推奨,genre-estimate,D,expanded-compact-v5,compact-standard,270,220,325
samsungsamsungfino105,camera,Samsung,Samsung Fino 105,Fino 105 | Fino 105,35mm AF compact,35mm AFコンパクト,35mm,AF,fixed,Fixed lens,,,220.0,470.0,同種アクセサリー・同系統機からの推定範囲。出品前に実測推奨,genre-estimate,D,expanded-compact-v5,compact-standard,270,220,325
samsungsamsungfino115,camera,Samsung,Samsung Fino 115,Fino 115 | Fino 115,35mm AF compact,35mm AFコンパクト,35mm,AF,fixed,Fixed lens,,,220.0,470.0,同種アクセサリー・同系統機からの推定範囲。出品前に実測推奨,genre-estimate,D,expanded-compact-v5,compact-standard,270,220,325
samsungsamsungvega77i,camera,Samsung,Samsung Vega 77i,Vega 77i | Vega 77i,35mm zoom compact,35mmズームコンパクト,35mm,AF,fixed zoom,Fixed lens,,,230.0,520.0,同種アクセサリー・同系統機からの推定範囲。出品前に実測推奨,genre-estimate,D,expanded-compact-v5,compact-heavy,320,260,390
samsungsamsungvega1400,camera,Samsung,Samsung Vega 1400,Vega 1400 | Vega 1400,35mm zoom compact,35mmズームコンパクト,35mm,AF,fixed zoom,Fixed lens,,,230.0,520.0,同種アクセサリー・同系統機からの推定範囲。出品前に実測推奨,genre-estimate,D,expanded-compact-v5,compact-heavy,320,260,390
samsungsamsungevoca70se,camera,Samsung,Samsung Evoca 70SE,Evoca 70SE | Evoca 70SE,35mm zoom compact,35mmズームコンパクト,35mm,AF,fixed zoom,Fixed lens,,,230.0,520.0,同種アクセサリー・同系統機からの推定範囲。出品前に実測推奨,genre-estimate,D,expanded-compact-v5,compact-heavy,320,260,390
samsungsamsungevoca115,camera,Samsung,Samsung Evoca 115,Evoca 115 | Evoca 115,35mm zoom compact,35mmズームコンパクト,35mm,AF,fixed zoom,Fixed lens,,,230.0,520.0,同種アクセサリー・同系統機からの推定範囲。出品前に実測推奨,genre-estimate,D,expanded-compact-v5,compact-heavy,320,260,390
samsungsamsungevoca140,camera,Samsung,Samsung Evoca 140,Evoca 140 | Evoca 140,35mm zoom compact,35mmズームコンパクト,35mm,AF,fixed zoom,Fixed lens,,,230.0,520.0,同種アクセサリー・同系統機からの推定範囲。出品前に実測推奨,genre-estimate,D,expanded-compact-v5,compact-heavy,320,260,390
samsungsamsungmaximazoom80i,camera,Samsung,Samsung Maxima Zoom 80i,Maxima Zoom 80i | Maxima Zoom 80i,35mm zoom compact,35mmズームコンパクト,35mm,AF,fixed zoom,Fixed lens,,,230.0,520.0,同種アクセサリー・同系統機からの推定範囲。出品前に実測推奨,genre-estimate,D,expanded-compact-v5,compact-heavy,320,260,390
samsungsamsungmaximazoom105gl,camera,Samsung,Samsung Maxima Zoom 105GL,Maxima Zoom 105GL | Maxima Zoom 105GL,35mm zoom compact,35mmズームコンパクト,35mm,AF,fixed zoom,Fixed lens,,,230.0,520.0,同種アクセサリー・同系統機からの推定範囲。出品前に実測推奨,genre-estimate,D,expanded-compact-v5,compact-heavy,320,260,390
leicaleicamini,camera,Leica,Leica Mini,Mini | Mini,Premium 35mm compact,高級35mmコンパクト,35mm,AF,fixed,Fixed lens,,,180.0,420.0,同種アクセサリー・同系統機からの推定範囲。出品前に実測推奨,genre-estimate,D,expanded-compact-v5,compact-standard,270,220,325
leicaleicaminiiii,camera,Leica,Leica Mini III,Mini III | Mini III,Premium 35mm compact,高級35mmコンパクト,35mm,AF,fixed,Fixed lens,,,180.0,420.0,同種アクセサリー・同系統機からの推定範囲。出品前に実測推奨,genre-estimate,D,expanded-compact-v5,compact-standard,270,220,325
leicaleicaz2x,camera,Leica,Leica Z2X,Z2X | Z2X,Premium 35mm compact,高級35mmコンパクト,35mm,AF,fixed,Fixed lens,,,180.0,420.0,同種アクセサリー・同系統機からの推定範囲。出品前に実測推奨,genre-estimate,D,expanded-compact-v5,compact-standard,270,220,325
leicaleicac1,camera,Leica,Leica C1,C1 | C1,Premium 35mm compact,高級35mmコンパクト,35mm,AF,fixed,Fixed lens,,,180.0,420.0,同種アクセサリー・同系統機からの推定範囲。出品前に実測推奨,genre-estimate,D,expanded-compact-v5,compact-standard,270,220,325
leicaleicac2,camera,Leica,Leica C2,C2 | C2,Premium 35mm compact,高級35mmコンパクト,35mm,AF,fixed,Fixed lens,,,180.0,420.0,同種アクセサリー・同系統機からの推定範囲。出品前に実測推奨,genre-estimate,D,expanded-compact-v5,compact-standard,270,220,325
leicaleicac3,camera,Leica,Leica C3,C3 | C3,Premium 35mm compact,高級35mmコンパクト,35mm,AF,fixed,Fixed lens,,,180.0,420.0,同種アクセサリー・同系統機からの推定範囲。出品前に実測推奨,genre-estimate,D,expanded-compact-v5,compact-standard,270,220,325
leicaleicaminiluxzoom,camera,Leica,Leica Minilux Zoom,Minilux Zoom | Minilux Zoom,35mm zoom compact,35mmズームコンパクト,35mm,AF,fixed zoom,Fixed lens,,,230.0,520.0,同種アクセサリー・同系統機からの推定範囲。出品前に実測推奨,genre-estimate,D,expanded-compact-v5,compact-heavy,320,260,390
rolleirolleiprego30,camera,Rollei,Rollei Prego 30,Prego 30 | Prego 30,35mm zoom compact,35mmズームコンパクト,35mm,AF,fixed zoom,Fixed lens,,,230.0,520.0,同種アクセサリー・同系統機からの推定範囲。出品前に実測推奨,genre-estimate,D,expanded-compact-v5,compact-heavy,320,260,390
rolleirolleiprego115,camera,Rollei,Rollei Prego 115,Prego 115 | Prego 115,35mm zoom compact,35mmズームコンパクト,35mm,AF,fixed zoom,Fixed lens,,,230.0,520.0,同種アクセサリー・同系統機からの推定範囲。出品前に実測推奨,genre-estimate,D,expanded-compact-v5,compact-heavy,320,260,390
rolleirolleiprego125,camera,Rollei,Rollei Prego 125,Prego 125 | Prego 125,35mm zoom compact,35mmズームコンパクト,35mm,AF,fixed zoom,Fixed lens,,,230.0,520.0,同種アクセサリー・同系統機からの推定範囲。出品前に実測推奨,genre-estimate,D,expanded-compact-v5,compact-heavy,320,260,390
rolleirolleiprego140,camera,Rollei,Rollei Prego 140,Prego 140 | Prego 140,35mm zoom compact,35mmズームコンパクト,35mm,AF,fixed zoom,Fixed lens,,,230.0,520.0,同種アクセサリー・同系統機からの推定範囲。出品前に実測推奨,genre-estimate,D,expanded-compact-v5,compact-heavy,320,260,390
rolleirolleimicronaf,camera,Rollei,Rollei Micron AF,Micron AF | Micron AF,35mm AF compact,35mm AFコンパクト,35mm,AF,fixed,Fixed lens,,,220.0,470.0,同種アクセサリー・同系統機からの推定範囲。出品前に実測推奨,genre-estimate,D,expanded-compact-v5,compact-standard,270,220,325
rolleirolleirolleimaticaf,camera,Rollei,Rollei Rolleimatic AF,Rolleimatic AF | Rolleimatic AF,35mm AF compact,35mm AFコンパクト,35mm,AF,fixed,Fixed lens,,,220.0,470.0,同種アクセサリー・同系統機からの推定範囲。出品前に実測推奨,genre-estimate,D,expanded-compact-v5,compact-standard,270,220,325
